variant	reward_mean	target_body_error_mean	done_count_total	teacher_vae_action_mse_mean	denoised_teacher_action_mse_mean	guided_teacher_action_mse_mean	guided_base_action_mse_mean	guidance_cost_delta_mean
denoised_latent	0.02242174691810307	0.3437650799751282	299	0.00019226075344698357	0.00024678173480710373	0.00024678110912341756	5.168705529396209e-05	9.123036594295183e-07
receding_latent_guided	0.022616903781953166	0.3434344530105591	299	0.00020856292047691656	0.0002568582821912662	0.00025685781915808396	4.6963891543594075e-05	9.223582054859021e-07
teacher	0.023278368401799015	0.3447338044643402	299	0.00020099246111717137	0.00025708883615371456	0.00025708803924168135	5.1731232655770954e-05	9.009346714785266e-07
vae_base	0.02212769454999213	0.34309062361717224	299	0.00019627164934310566	0.00024717967525275615	0.00024717905942446403	4.924486895454668e-05	9.387482368826467e-07
