variant	reward_mean	target_body_error_mean	done_count_total	teacher_vae_action_mse_mean	denoised_teacher_action_mse_mean	guided_teacher_action_mse_mean	guided_base_action_mse_mean	guidance_cost_delta_mean
denoised_latent	0.027677111947491617	0.07926534861326218	25	0.0028499221325272626	0.008825649100863515	0.008825547237846265	0.0059780918270424255	8.42585412156223e-05
receding_latent_guided	0.02687574078618583	0.08204519748687744	26	0.002605482679762547	0.008565262292533564	0.008565167541752716	0.005937553815665128	8.351009426308316e-05
teacher	0.02423137141684425	0.08137558400630951	27	0.0028048066962954206	0.008778216399837996	0.008778131266364385	0.006013928492083199	8.776146033934526e-05
vae_base	0.028283241232950552	0.08046400547027588	26	0.002359168909947204	0.008447036421219242	0.00844694483234083	0.006134224422494055	8.373934289683466e-05
