{
  "action_dim": 29,
  "action_terms": [
    "joint_pos"
  ],
  "command_metrics_final": {
    "error_anchor_ang_vel": 0.5764622688293457,
    "error_anchor_lin_vel": 0.23108483850955963,
    "error_anchor_pos": 0.48081323504447937,
    "error_anchor_rot": 1.1069090366363525,
    "error_body_ang_vel": 0.8091453909873962,
    "error_body_lin_vel": 0.262309730052948,
    "error_body_pos": 0.45625409483909607,
    "error_body_rot": 1.0553829669952393,
    "error_joint_pos": 0.7596758008003235,
    "error_joint_vel": 0.0,
    "sampling_entropy": 0.9960188269615173,
    "sampling_top1_bin": 0.6666666865348816,
    "sampling_top1_prob": 0.19081008434295654
  },
  "command_metrics_timeseries": {
    "error_anchor_ang_vel": {
      "count": 299,
      "max": 2.3970279693603516,
      "mean": 0.6922045070989474,
      "min": 0.05121874064207077
    },
    "error_anchor_lin_vel": {
      "count": 299,
      "max": 0.9147509932518005,
      "mean": 0.41944145761355506,
      "min": 0.06133391335606575
    },
    "error_anchor_pos": {
      "count": 299,
      "max": 0.5117359757423401,
      "mean": 0.4876535105266699,
      "min": 0.4642174541950226
    },
    "error_anchor_rot": {
      "count": 299,
      "max": 1.2945820093154907,
      "mean": 0.9428728661409589,
      "min": 0.5921866297721863
    },
    "error_body_ang_vel": {
      "count": 299,
      "max": 3.6858320236206055,
      "mean": 1.068592594519108,
      "min": 0.14589351415634155
    },
    "error_body_lin_vel": {
      "count": 299,
      "max": 1.0248477458953857,
      "mean": 0.47151904809833767,
      "min": 0.17278651893138885
    },
    "error_body_pos": {
      "count": 299,
      "max": 0.7658970952033997,
      "mean": 0.4732396054427361,
      "min": 0.42117956280708313
    },
    "error_body_rot": {
      "count": 299,
      "max": 1.4128873348236084,
      "mean": 1.1052401980827484,
      "min": 0.6903963685035706
    },
    "error_joint_pos": {
      "count": 299,
      "max": 1.2751268148422241,
      "mean": 0.9237575885842875,
      "min": 0.55519038438797
    },
    "error_joint_vel": {
      "count": 299,
      "max": 0.0,
      "mean": 0.0,
      "min": 0.0
    },
    "sampling_entropy": {
      "count": 299,
      "max": 0.9999999403953552,
      "mean": 0.9960915912752566,
      "min": 0.9920386075973511
    },
    "sampling_top1_bin": {
      "count": 299,
      "max": 0.8333333730697632,
      "mean": 0.6376811787236893,
      "min": 0.0
    },
    "sampling_top1_prob": {
      "count": 299,
      "max": 0.22832001745700836,
      "mean": 0.2044175002088515,
      "min": 0.1666666567325592
    }
  },
  "command_terms": [
    "motion"
  ],
  "critic_observation_dim": 286,
  "device": "cuda:4",
  "done_total": 299,
  "event_modes": [
    "startup",
    "interval"
  ],
  "motion_file": "/mnt/infini-data/test/BeyondMimic/res/tracking/official_csv_loop_full_bundle_fk_repaired_split_motion_npz/motions/walk2_subject3/motion.npz",
  "num_envs": 1,
  "observation_shapes": {
    "critic": [
      1,
      286
    ],
    "policy": [
      1,
      160
    ]
  },
  "official_csv_to_npz_unpatched_output": false,
  "paper_level_rollout": false,
  "policy_observation_dim": 160,
  "ppo_training": false,
  "real_robot": false,
  "reward": {
    "count": 299,
    "max": 0.03433786705136299,
    "mean": 0.011684541106161765,
    "min": -0.01820346713066101
  },
  "reward_terms": [
    "motion_global_anchor_pos",
    "motion_global_anchor_ori",
    "motion_body_pos",
    "motion_body_ori",
    "motion_body_lin_vel",
    "motion_body_ang_vel",
    "action_rate_l2",
    "joint_limit",
    "undesired_contacts"
  ],
  "robot_num_bodies": 40,
  "robot_num_joints": 29,
  "status": "ok",
  "step_count": 299,
  "task": "Tracking-Flat-G1-v0",
  "terminated_total": 299,
  "termination_terms": [
    "time_out",
    "anchor_pos",
    "anchor_ori",
    "ee_body_pos"
  ],
  "truncated_total": 0,
  "usd_path": "/mnt/infini-data/test/BeyondMimic/res/tracking/g1_urdf_in_memory_gpu4_probe/g1_official_importer_in_memory_gpu4_export.usda",
  "uses_fk_repaired_motion_npz": true,
  "uses_official_importer_export_usd": true,
  "uses_resource_adjusted_usd": false
}