{
  "action_dim": 29,
  "action_terms": [
    "joint_pos"
  ],
  "command_metrics_final": {
    "error_anchor_ang_vel": 1.212624430656433,
    "error_anchor_lin_vel": 1.319993019104004,
    "error_anchor_pos": 0.10860881209373474,
    "error_anchor_rot": 0.22900260984897614,
    "error_body_ang_vel": 7.674694538116455,
    "error_body_lin_vel": 1.3999247550964355,
    "error_body_pos": 0.0978044643998146,
    "error_body_rot": 0.47674351930618286,
    "error_joint_pos": 2.322199821472168,
    "error_joint_vel": 50.47117233276367,
    "sampling_entropy": 0.9992055892944336,
    "sampling_top1_bin": 0.8333333730697632,
    "sampling_top1_prob": 0.18253062665462494
  },
  "command_metrics_timeseries": {
    "error_anchor_ang_vel": {
      "count": 299,
      "max": 22.748924255371094,
      "mean": 2.4488990675396347,
      "min": 0.0967155173420906
    },
    "error_anchor_lin_vel": {
      "count": 299,
      "max": 2.3197243213653564,
      "mean": 1.1471053598616834,
      "min": 0.20181822776794434
    },
    "error_anchor_pos": {
      "count": 299,
      "max": 0.2793843150138855,
      "mean": 0.09922432463248587,
      "min": 0.005893558729439974
    },
    "error_anchor_rot": {
      "count": 299,
      "max": 0.8683955073356628,
      "mean": 0.19004317474579532,
      "min": 0.027345987036824226
    },
    "error_body_ang_vel": {
      "count": 299,
      "max": 27.449987411499023,
      "mean": 8.013607945355483,
      "min": 0.1042206659913063
    },
    "error_body_lin_vel": {
      "count": 299,
      "max": 2.3634390830993652,
      "mean": 1.171274025803027,
      "min": 0.17351855337619781
    },
    "error_body_pos": {
      "count": 299,
      "max": 0.7997744679450989,
      "mean": 0.08638238876179657,
      "min": 0.003236318938434124
    },
    "error_body_rot": {
      "count": 299,
      "max": 0.8162986040115356,
      "mean": 0.2920642935213038,
      "min": 0.11905469000339508
    },
    "error_joint_pos": {
      "count": 299,
      "max": 2.7176403999328613,
      "mean": 1.545065585087773,
      "min": 0.2613530158996582
    },
    "error_joint_vel": {
      "count": 299,
      "max": 73.74597930908203,
      "mean": 36.894047791343866,
      "min": 0.0
    },
    "sampling_entropy": {
      "count": 299,
      "max": 0.9999999403953552,
      "mean": 0.9994212026181428,
      "min": 0.9989754557609558
    },
    "sampling_top1_bin": {
      "count": 299,
      "max": 0.8333333730697632,
      "mean": 0.712932028100642,
      "min": 0.0
    },
    "sampling_top1_prob": {
      "count": 299,
      "max": 0.18808667361736298,
      "mean": 0.1800460357929153,
      "min": 0.1666666567325592
    }
  },
  "command_terms": [
    "motion"
  ],
  "critic_observation_dim": 286,
  "device": "cuda:4",
  "done_total": 39,
  "event_modes": [
    "startup",
    "interval"
  ],
  "motion_file": "/mnt/infini-data/test/BeyondMimic/res/tracking/official_csv_to_npz_loop_full_dataset_with_enriched_usd/motions/dance2_subject3/dance2_subject3_official_loop_enriched_usd_motion.npz",
  "num_envs": 1,
  "observation_shapes": {
    "critic": [
      1,
      286
    ],
    "policy": [
      1,
      160
    ]
  },
  "official_csv_loop_npz_input": true,
  "official_csv_to_npz_unpatched_output": false,
  "paper_level_rollout": false,
  "policy_observation_dim": 160,
  "ppo_training": false,
  "real_robot": false,
  "reward": {
    "count": 299,
    "max": 0.05199255421757698,
    "mean": 0.026106018401732215,
    "min": -0.013273568823933601
  },
  "reward_terms": [
    "motion_global_anchor_pos",
    "motion_global_anchor_ori",
    "motion_body_pos",
    "motion_body_ori",
    "motion_body_lin_vel",
    "motion_body_ang_vel",
    "action_rate_l2",
    "joint_limit",
    "undesired_contacts"
  ],
  "robot_num_bodies": 40,
  "robot_num_joints": 29,
  "status": "ok",
  "step_count": 299,
  "task": "Tracking-Flat-G1-v0",
  "terminated_total": 23,
  "termination_terms": [
    "time_out",
    "anchor_pos",
    "anchor_ori",
    "ee_body_pos"
  ],
  "truncated_total": 16,
  "usd_path": "/mnt/infini-data/test/BeyondMimic/res/tracking/g1_resource_adjusted_enriched_usd/g1_resource_adjusted_29dof_enriched_scaffold.usda",
  "uses_resource_adjusted_usd": true
}