{
  "duration_seconds": 40.05,
  "log": "/mnt/infini-data/test/BeyondMimic/logs/tracking_g1_official_importer_export_fk_repaired_split_task_eval/walk2_subject4_task_eval.log",
  "markers": {
    "after_app": true,
    "before_app": true,
    "env_created": true,
    "env_reset": true,
    "exception": false,
    "metrics_file": true,
    "stall_timeout": false,
    "step_bound_reached": true,
    "success": true,
    "traceback": false,
    "vulkan_device_lost": false
  },
  "metrics": {
    "action_dim": 29,
    "action_terms": [
      "joint_pos"
    ],
    "command_metrics_final": {
      "error_anchor_ang_vel": 1.8375848531723022,
      "error_anchor_lin_vel": 0.47448012232780457,
      "error_anchor_pos": 0.49467048048973083,
      "error_anchor_rot": 0.8452500104904175,
      "error_body_ang_vel": 1.4687367677688599,
      "error_body_lin_vel": 0.48303917050361633,
      "error_body_pos": 0.5421698093414307,
      "error_body_rot": 1.770443081855774,
      "error_joint_pos": 0.7259790897369385,
      "error_joint_vel": 0.0,
      "sampling_entropy": 0.9917924404144287,
      "sampling_top1_bin": 0.1666666716337204,
      "sampling_top1_prob": 0.2326536774635315
    },
    "command_metrics_timeseries": {
      "error_anchor_ang_vel": {
        "count": 299,
        "max": 7.392882347106934,
        "mean": 1.1975905496539878,
        "min": 0.17780131101608276
      },
      "error_anchor_lin_vel": {
        "count": 299,
        "max": 0.889716625213623,
        "mean": 0.43456822815647095,
        "min": 0.035764940083026886
      },
      "error_anchor_pos": {
        "count": 299,
        "max": 0.5316624641418457,
        "mean": 0.4991309752432399,
        "min": 0.4765058159828186
      },
      "error_anchor_rot": {
        "count": 299,
        "max": 1.7480125427246094,
        "mean": 0.5039708094303823,
        "min": 0.10163557529449463
      },
      "error_body_ang_vel": {
        "count": 299,
        "max": 4.898260116577148,
        "mean": 1.1693647016450315,
        "min": 0.25979098677635193
      },
      "error_body_lin_vel": {
        "count": 299,
        "max": 1.4832652807235718,
        "mean": 0.5035312819142007,
        "min": 0.16374945640563965
      },
      "error_body_pos": {
        "count": 299,
        "max": 0.7427662014961243,
        "mean": 0.49635569287781733,
        "min": 0.4199274778366089
      },
      "error_body_rot": {
        "count": 299,
        "max": 2.3972272872924805,
        "mean": 1.2738194828448088,
        "min": 0.6171362996101379
      },
      "error_joint_pos": {
        "count": 299,
        "max": 1.37535560131073,
        "mean": 1.0431596102523166,
        "min": 0.45345339179039
      },
      "error_joint_vel": {
        "count": 299,
        "max": 0.0,
        "mean": 0.0,
        "min": 0.0
      },
      "sampling_entropy": {
        "count": 299,
        "max": 0.9999999403953552,
        "mean": 0.9954379755119017,
        "min": 0.9913461208343506
      },
      "sampling_top1_bin": {
        "count": 299,
        "max": 0.8333333730697632,
        "mean": 0.3054626611961569,
        "min": 0.0
      },
      "sampling_top1_prob": {
        "count": 299,
        "max": 0.2326536774635315,
        "mean": 0.20881996091990965,
        "min": 0.1666666567325592
      }
    },
    "command_terms": [
      "motion"
    ],
    "critic_observation_dim": 286,
    "device": "cuda:4",
    "done_total": 299,
    "event_modes": [
      "startup",
      "interval"
    ],
    "motion_file": "/mnt/infini-data/test/BeyondMimic/res/tracking/official_csv_loop_full_bundle_fk_repaired_split_motion_npz/motions/walk2_subject4/motion.npz",
    "num_envs": 1,
    "observation_shapes": {
      "critic": [
        1,
        286
      ],
      "policy": [
        1,
        160
      ]
    },
    "official_csv_to_npz_unpatched_output": false,
    "paper_level_rollout": false,
    "policy_observation_dim": 160,
    "ppo_training": false,
    "real_robot": false,
    "reward": {
      "count": 299,
      "max": 0.03880767151713371,
      "mean": 0.010779967565824555,
      "min": -0.021962378174066544
    },
    "reward_terms": [
      "motion_global_anchor_pos",
      "motion_global_anchor_ori",
      "motion_body_pos",
      "motion_body_ori",
      "motion_body_lin_vel",
      "motion_body_ang_vel",
      "action_rate_l2",
      "joint_limit",
      "undesired_contacts"
    ],
    "robot_num_bodies": 40,
    "robot_num_joints": 29,
    "status": "ok",
    "step_count": 299,
    "task": "Tracking-Flat-G1-v0",
    "terminated_total": 299,
    "termination_terms": [
      "time_out",
      "anchor_pos",
      "anchor_ori",
      "ee_body_pos"
    ],
    "truncated_total": 0,
    "usd_path": "/mnt/infini-data/test/BeyondMimic/res/tracking/g1_urdf_in_memory_gpu4_probe/g1_official_importer_in_memory_gpu4_export.usda",
    "uses_fk_repaired_motion_npz": true,
    "uses_official_importer_export_usd": true,
    "uses_resource_adjusted_usd": false
  },
  "metrics_json": "/mnt/infini-data/test/BeyondMimic/res/tracking/g1_official_importer_export_fk_repaired_split_task_eval/motions/walk2_subject4/walk2_subject4_task_eval_metrics.json",
  "motion": "walk2_subject4",
  "returncode": 0,
  "stalled": false,
  "status": "ok"
}