variant	reward_mean	target_body_error_mean	done_count_total	teacher_vae_action_mse_mean	denoised_teacher_action_mse_mean	guided_teacher_action_mse_mean	guided_base_action_mse_mean	guidance_cost_delta_mean
denoised_latent	0.025865450174388877	0.08204303681850433	25	0.0031401658981429557	0.00914007178928242	0.009139983498189213	0.005921337161723985	1.863901033050639e-05
receding_latent_guided	0.02438561944135256	0.07968877255916595	25	0.0033680293487110815	0.009234675210137482	0.009234596592028405	0.0059566308450682654	1.8218388924231895e-05
teacher	0.027260945832674518	0.08004671335220337	25	0.00277166599080739	0.008841277551790544	0.008841192272700443	0.006002175522404396	1.8156192773161922e-05
vae_base	0.023045187432904506	0.08211854845285416	24	0.0036450833185181883	0.009469379669360593	0.009469291115067526	0.00603796568439096	1.828477135470081e-05
