{
  "aggregate": [
    {
      "guidance_cost_delta_mean": 8.419073013424739e-05,
      "guidance_cost_delta_std": 1.6217759054057021e-06,
      "guided_done_count_total_mean": 25.0,
      "guided_done_count_total_std": 0.816496580927726,
      "guided_reward_mean": 0.026750468158909645,
      "guided_reward_std": 0.0001871472342015636,
      "guided_target_body_error_mean": 0.08046085387468338,
      "guided_target_body_error_std": 0.0016702591036752118,
      "guided_teacher_action_mse_mean": 0.008906193448873308,
      "guided_teacher_action_mse_std": 0.0003267631962946673,
      "seed_count": 3,
      "task": "joystick"
    },
    {
      "guidance_cost_delta_mean": 1.8331717487960356e-05,
      "guidance_cost_delta_std": 2.3346982315579046e-07,
      "guided_done_count_total_mean": 24.666666666666668,
      "guided_done_count_total_std": 0.4714045207910317,
      "guided_reward_mean": 0.025070973195409695,
      "guided_reward_std": 0.0008490551516976444,
      "guided_target_body_error_mean": 0.08036413292090099,
      "guided_target_body_error_std": 0.0007431390693449054,
      "guided_teacher_action_mse_mean": 0.009301533464678755,
      "guided_teacher_action_mse_std": 0.0004836569265878149,
      "seed_count": 3,
      "task": "waypoint"
    },
    {
      "guidance_cost_delta_mean": 1.1612672603781539e-05,
      "guidance_cost_delta_std": 1.1491620771696265e-06,
      "guided_done_count_total_mean": 25.0,
      "guided_done_count_total_std": 0.816496580927726,
      "guided_reward_mean": 0.02468773125543144,
      "guided_reward_std": 0.0008306684579533571,
      "guided_target_body_error_mean": 0.08021580427885056,
      "guided_target_body_error_std": 0.0014151914038824092,
      "guided_teacher_action_mse_mean": 0.009815890980010214,
      "guided_teacher_action_mse_std": 0.00030243031869265957,
      "seed_count": 3,
      "task": "obstacle_avoidance"
    },
    {
      "guidance_cost_delta_mean": 8.528829949888232e-05,
      "guidance_cost_delta_std": 3.1665008517303727e-06,
      "guided_done_count_total_mean": 24.333333333333332,
      "guided_done_count_total_std": 0.4714045207910317,
      "guided_reward_mean": 0.027051134261332762,
      "guided_reward_std": 0.0005037564036055388,
      "guided_target_body_error_mean": 0.0780883530775706,
      "guided_target_body_error_std": 0.0008886979674000316,
      "guided_teacher_action_mse_mean": 0.009145899565211406,
      "guided_teacher_action_mse_std": 0.0004690740391555156,
      "seed_count": 3,
      "task": "composed"
    }
  ],
  "assets": {
    "aggregate_csv": "/mnt/infini-data/test/BeyondMimic/res/report_assets/official_csv_loop_task_conditioned_guidance_multiseed/task_conditioned_guidance_multiseed_aggregate.csv",
    "bars_png": "/mnt/infini-data/test/BeyondMimic/res/report_assets/official_csv_loop_task_conditioned_guidance_multiseed/task_conditioned_guidance_multiseed_bars.png",
    "readme": "/mnt/infini-data/test/BeyondMimic/res/report_assets/official_csv_loop_task_conditioned_guidance_multiseed/README.md",
    "seed_scatter_png": "/mnt/infini-data/test/BeyondMimic/res/report_assets/official_csv_loop_task_conditioned_guidance_multiseed/task_conditioned_guidance_multiseed_seed_scatter.png"
  },
  "checks": {
    "all_rows_ok": true,
    "does_not_claim_fig5_fig6": true,
    "does_not_claim_goal_complete": true,
    "does_not_claim_real_robot": true,
    "four_tasks_per_seed_group": true,
    "summary_status_ok": true,
    "three_seed_groups": true
  },
  "interpretation": {
    "claim_level": "local_virtual_task_conditioned_latent_guidance_multiseed_report_assets",
    "goal_complete": false,
    "why_not_paper_level": "The source rollouts use local resource-adjusted PPO/VAE/denoiser checkpoints, proxy task costs, and an enriched USD scaffold. They are useful report/PPT evidence but not official BeyondMimic Fig. 5/Fig. 6 metrics, TensorRT deployment, or real-robot validation."
  },
  "row_count": 12,
  "seed_group_count": 3,
  "source_summary": "/mnt/infini-data/test/BeyondMimic/res/level_c/official_csv_loop_task_conditioned_latent_guidance_multiseed_eval/official_csv_loop_task_conditioned_latent_guidance_multiseed_eval.json",
  "status": "ok_official_csv_loop_task_conditioned_guidance_multiseed_assets",
  "task_count": 4,
  "timestamp_utc": "2026-06-19T11:21:09.894297+00:00"
}
