{
  "duration_seconds": 40.043,
  "log": "/mnt/infini-data/test/BeyondMimic/logs/tracking_g1_official_importer_export_fk_repaired_robot_order_split_task_eval/walk3_subject2_task_eval.log",
  "markers": {
    "after_app": true,
    "before_app": true,
    "env_created": true,
    "env_reset": true,
    "exception": false,
    "metrics_file": true,
    "stall_timeout": false,
    "step_bound_reached": true,
    "success": true,
    "traceback": false,
    "vulkan_device_lost": false
  },
  "metrics": {
    "action_dim": 29,
    "action_terms": [
      "joint_pos"
    ],
    "command_metrics_final": {
      "error_anchor_ang_vel": 1.3742612600326538,
      "error_anchor_lin_vel": 1.2274080514907837,
      "error_anchor_pos": 0.10799587517976761,
      "error_anchor_rot": 0.471434623003006,
      "error_body_ang_vel": 2.790466785430908,
      "error_body_lin_vel": 1.1259580850601196,
      "error_body_pos": 0.14838385581970215,
      "error_body_rot": 1.0133627653121948,
      "error_joint_pos": 1.3501758575439453,
      "error_joint_vel": 12.66438102722168,
      "sampling_entropy": 0.9977023005485535,
      "sampling_top1_bin": 0.1666666716337204,
      "sampling_top1_prob": 0.1959126740694046
    },
    "command_metrics_timeseries": {
      "error_anchor_ang_vel": {
        "count": 299,
        "max": 6.822572708129883,
        "mean": 1.6032297914243463,
        "min": 0.12961336970329285
      },
      "error_anchor_lin_vel": {
        "count": 299,
        "max": 2.191814661026001,
        "mean": 0.8969960743592535,
        "min": 0.05824260786175728
      },
      "error_anchor_pos": {
        "count": 299,
        "max": 0.31265366077423096,
        "mean": 0.08191014795149848,
        "min": 0.008693400770425797
      },
      "error_anchor_rot": {
        "count": 299,
        "max": 1.0793392658233643,
        "mean": 0.5863098194168563,
        "min": 0.3180353045463562
      },
      "error_body_ang_vel": {
        "count": 299,
        "max": 10.261270523071289,
        "mean": 3.165041202984526,
        "min": 0.3297841250896454
      },
      "error_body_lin_vel": {
        "count": 299,
        "max": 1.8150005340576172,
        "mean": 0.8937018582952461,
        "min": 0.19851885735988617
      },
      "error_body_pos": {
        "count": 299,
        "max": 0.7406384944915771,
        "mean": 0.1798839372236992,
        "min": 0.13154448568820953
      },
      "error_body_rot": {
        "count": 299,
        "max": 1.326484203338623,
        "mean": 1.0521705337990088,
        "min": 0.5812606811523438
      },
      "error_joint_pos": {
        "count": 299,
        "max": 3.562854766845703,
        "mean": 1.6368769696324963,
        "min": 0.5092664361000061
      },
      "error_joint_vel": {
        "count": 299,
        "max": 53.539154052734375,
        "mean": 14.781497647531056,
        "min": 0.0
      },
      "sampling_entropy": {
        "count": 299,
        "max": 0.9999999403953552,
        "mean": 0.9988328146695293,
        "min": 0.9975711107254028
      },
      "sampling_top1_bin": {
        "count": 299,
        "max": 0.3333333432674408,
        "mean": 0.16833891248623264,
        "min": 0.0
      },
      "sampling_top1_prob": {
        "count": 299,
        "max": 0.19957590103149414,
        "mean": 0.1868080213715799,
        "min": 0.1666666567325592
      }
    },
    "command_terms": [
      "motion"
    ],
    "critic_observation_dim": 286,
    "device": "cuda:4",
    "done_total": 40,
    "event_modes": [
      "startup",
      "interval"
    ],
    "motion_file": "/mnt/infini-data/test/BeyondMimic/res/tracking/official_csv_loop_full_bundle_fk_repaired_robot_order_motion_npz/motions/walk3_subject2/motion.npz",
    "num_envs": 1,
    "observation_shapes": {
      "critic": [
        1,
        286
      ],
      "policy": [
        1,
        160
      ]
    },
    "official_csv_to_npz_unpatched_output": false,
    "paper_level_rollout": false,
    "policy_observation_dim": 160,
    "ppo_training": false,
    "real_robot": false,
    "reward": {
      "count": 299,
      "max": 0.05484680086374283,
      "mean": 0.021113144715836765,
      "min": -0.06524365395307541
    },
    "reward_terms": [
      "motion_global_anchor_pos",
      "motion_global_anchor_ori",
      "motion_body_pos",
      "motion_body_ori",
      "motion_body_lin_vel",
      "motion_body_ang_vel",
      "action_rate_l2",
      "joint_limit",
      "undesired_contacts"
    ],
    "robot_num_bodies": 40,
    "robot_num_joints": 29,
    "status": "ok",
    "step_count": 299,
    "task": "Tracking-Flat-G1-v0",
    "terminated_total": 24,
    "termination_terms": [
      "time_out",
      "anchor_pos",
      "anchor_ori",
      "ee_body_pos"
    ],
    "truncated_total": 16,
    "usd_path": "/mnt/infini-data/test/BeyondMimic/res/tracking/g1_urdf_in_memory_gpu4_probe/g1_official_importer_in_memory_gpu4_export.usda",
    "uses_fk_repaired_motion_npz": true,
    "uses_fk_repaired_robot_order_motion_npz": true,
    "uses_official_importer_export_usd": true,
    "uses_resource_adjusted_usd": false
  },
  "metrics_json": "/mnt/infini-data/test/BeyondMimic/res/tracking/g1_official_importer_export_fk_repaired_robot_order_split_task_eval/motions/walk3_subject2/walk3_subject2_task_eval_metrics.json",
  "motion": "walk3_subject2",
  "returncode": 0,
  "stalled": false,
  "status": "ok"
}