{
  "action_dim": 29,
  "action_terms": [
    "joint_pos"
  ],
  "command_metrics_final": {
    "error_anchor_ang_vel": 6.2429585456848145,
    "error_anchor_lin_vel": 1.3051162958145142,
    "error_anchor_pos": 0.1403043121099472,
    "error_anchor_rot": 0.7101714015007019,
    "error_body_ang_vel": 5.899126052856445,
    "error_body_lin_vel": 1.185072898864746,
    "error_body_pos": 0.20407702028751373,
    "error_body_rot": 1.23354971408844,
    "error_joint_pos": 3.260364055633545,
    "error_joint_vel": 28.236499786376953,
    "sampling_entropy": 0.997784435749054,
    "sampling_top1_bin": 0.5,
    "sampling_top1_prob": 0.18739353120326996
  },
  "command_metrics_timeseries": {
    "error_anchor_ang_vel": {
      "count": 299,
      "max": 13.389801025390625,
      "mean": 2.226256268578628,
      "min": 0.2563333809375763
    },
    "error_anchor_lin_vel": {
      "count": 299,
      "max": 2.018148899078369,
      "mean": 0.9649792905136892,
      "min": 0.2227512151002884
    },
    "error_anchor_pos": {
      "count": 299,
      "max": 0.29046744108200073,
      "mean": 0.09291412360829154,
      "min": 0.008815295994281769
    },
    "error_anchor_rot": {
      "count": 299,
      "max": 1.0402584075927734,
      "mean": 0.47216728511562317,
      "min": 0.0695774033665657
    },
    "error_body_ang_vel": {
      "count": 299,
      "max": 10.534400939941406,
      "mean": 3.592348377840176,
      "min": 0.2645866870880127
    },
    "error_body_lin_vel": {
      "count": 299,
      "max": 1.8527114391326904,
      "mean": 1.026117017835279,
      "min": 0.3034580945968628
    },
    "error_body_pos": {
      "count": 299,
      "max": 1.6161439418792725,
      "mean": 0.2459965133447711,
      "min": 0.08098653703927994
    },
    "error_body_rot": {
      "count": 299,
      "max": 2.7736752033233643,
      "mean": 0.9946917034311836,
      "min": 0.5016124844551086
    },
    "error_joint_pos": {
      "count": 299,
      "max": 3.59944224357605,
      "mean": 1.4604514621970646,
      "min": 0.4197086691856384
    },
    "error_joint_vel": {
      "count": 299,
      "max": 66.34297180175781,
      "mean": 14.72008460381358,
      "min": 0.0
    },
    "sampling_entropy": {
      "count": 299,
      "max": 0.9999999403953552,
      "mean": 0.9989367703530302,
      "min": 0.9977510571479797
    },
    "sampling_top1_bin": {
      "count": 299,
      "max": 0.5,
      "mean": 0.4375696780290891,
      "min": 0.0
    },
    "sampling_top1_prob": {
      "count": 299,
      "max": 0.19537347555160522,
      "mean": 0.18294508391399447,
      "min": 0.1666666567325592
    }
  },
  "command_terms": [
    "motion"
  ],
  "critic_observation_dim": 286,
  "device": "cuda:4",
  "done_total": 43,
  "event_modes": [
    "startup",
    "interval"
  ],
  "motion_file": "/mnt/infini-data/test/BeyondMimic/res/tracking/official_csv_loop_full_bundle_fk_repaired_robot_order_motion_npz/motions/sprint1_subject2/motion.npz",
  "num_envs": 1,
  "observation_shapes": {
    "critic": [
      1,
      286
    ],
    "policy": [
      1,
      160
    ]
  },
  "official_csv_to_npz_unpatched_output": false,
  "paper_level_rollout": false,
  "policy_observation_dim": 160,
  "ppo_training": false,
  "real_robot": false,
  "reward": {
    "count": 299,
    "max": 0.06645353138446808,
    "mean": 0.023940346656946533,
    "min": -0.03435610234737396
  },
  "reward_terms": [
    "motion_global_anchor_pos",
    "motion_global_anchor_ori",
    "motion_body_pos",
    "motion_body_ori",
    "motion_body_lin_vel",
    "motion_body_ang_vel",
    "action_rate_l2",
    "joint_limit",
    "undesired_contacts"
  ],
  "robot_num_bodies": 40,
  "robot_num_joints": 29,
  "status": "ok",
  "step_count": 299,
  "task": "Tracking-Flat-G1-v0",
  "terminated_total": 25,
  "termination_terms": [
    "time_out",
    "anchor_pos",
    "anchor_ori",
    "ee_body_pos"
  ],
  "truncated_total": 18,
  "usd_path": "/mnt/infini-data/test/BeyondMimic/res/tracking/g1_urdf_in_memory_gpu4_probe/g1_official_importer_in_memory_gpu4_export.usda",
  "uses_fk_repaired_motion_npz": true,
  "uses_fk_repaired_robot_order_motion_npz": true,
  "uses_official_importer_export_usd": true,
  "uses_resource_adjusted_usd": false
}