variant	reward_mean	target_body_error_mean	done_count_total	teacher_vae_action_mse_mean	denoised_teacher_action_mse_mean	guided_teacher_action_mse_mean	guided_base_action_mse_mean	guidance_cost_delta_mean
denoised_latent	0.023015812319706515	0.07843604683876038	25	0.006056279038919298	0.013346453530583094	0.013346352627700238	0.007207580724494364	1.6351009292347375e-05
receding_latent_guided	0.026502824164179456	0.07763150334358215	25	0.004359541667713301	0.011666710373250936	0.011666601586831504	0.007301438054736442	1.6284726535197484e-05
teacher	0.02292329656975624	0.07872923463582993	25	0.004660058504668996	0.012040657435160716	0.01204056509561762	0.007323164969797941	1.5748882772133102e-05
vae_base	0.01984923429488139	0.07892965525388718	26	0.006167656082089953	0.013293308697260892	0.013293206071119792	0.00697501157690774	1.629539158033288e-05
