variant	reward_mean	target_body_error_mean	done_count_total	teacher_vae_action_mse_mean	denoised_teacher_action_mse_mean	guided_teacher_action_mse_mean	guided_base_action_mse_mean	guidance_cost_delta_mean
denoised_latent	0.022515937131533655	0.08180109411478043	25	0.005635376435231081	0.012918917480139779	0.012918802352005423	0.007122314521454175	5.431348663508693e-05
receding_latent_guided	0.023279322180460926	0.08076955378055573	25	0.005190958019465139	0.012510587688672503	0.012510472809721444	0.007230837972691426	5.3278977256953516e-05
teacher	0.024284273660103214	0.08351198583841324	27	0.004033931347142039	0.011768932944088924	0.01176885305514503	0.007424099876990785	5.9513244341847093e-05
vae_base	0.02428726223998245	0.07856695353984833	25	0.005018146419321439	0.012302348726619047	0.012302240266473995	0.0073332353899984255	5.751997730803729e-05
