variant	reward_mean	target_body_error_mean	done_count_total	teacher_vae_action_mse_mean	denoised_teacher_action_mse_mean	guided_teacher_action_mse_mean	guided_base_action_mse_mean	guidance_cost_delta_mean
denoised_latent	0.02398755299674976	0.3447362184524536	299	0.00018832420599903838	0.0002437198247974092	0.00024371916483885244	5.171499653201817e-05	8.464619567163015e-06
receding_latent_guided	0.022336919463386007	0.344531387090683	299	0.0001863104167739303	0.0002425353724117598	0.0002425347932917689	5.158171249161913e-05	8.349945413627753e-06
teacher	0.02363327447555486	0.3436198830604553	299	0.00018758069931221487	0.00023433713901238625	0.00023433664669286628	4.3608275496630784e-05	8.331630441257388e-06
vae_base	0.0235781864805091	0.3450087606906891	299	0.00019010366063518683	0.00024469241009418536	0.00024469180889081143	5.1792134966313084e-05	8.430020466297367e-06
