{
  "body_indexes": [
    0,
    6,
    12,
    24,
    7,
    13,
    25,
    11,
    22,
    30,
    36,
    23,
    31,
    37
  ],
  "checks": {
    "does_not_claim_mujoco_parity_or_rollout": true,
    "policy_obs_dim_160": true,
    "policy_term_count_8": true,
    "policy_terms_expected_order": true,
    "zero_action_applied_before_capture": true
  },
  "claim_level": "official_isaaclab_observation_sample_only; no_mujoco_parity_claim",
  "command_metrics": {
    "error_anchor_ang_vel": 1.484653353691101,
    "error_anchor_lin_vel": 0.6425378322601318,
    "error_anchor_pos": 0.03770498186349869,
    "error_anchor_rot": 0.5087698101997375,
    "error_body_ang_vel": 2.1430327892303467,
    "error_body_lin_vel": 0.6391834020614624,
    "error_body_pos": 0.736289381980896,
    "error_body_rot": 0.5953546762466431,
    "error_joint_pos": 0.49908795952796936,
    "error_joint_vel": 0.0,
    "sampling_entropy": 0.9999999403953552,
    "sampling_top1_bin": 0.0,
    "sampling_top1_prob": 0.1666666567325592
  },
  "critic_obs_dim": 286,
  "critic_obs_head": [
    -0.28915300965309143,
    -0.14350059628486633,
    -0.07477179914712906,
    0.4452086091041565,
    -0.02935359999537468,
    0.060885798186063766,
    -0.1865818053483963,
    -0.15989980101585388,
    -0.16674040257930756,
    1.1733479499816895,
    -0.10595060139894485,
    -0.000440800009528175,
    0.05249800160527229,
    -0.14134719967842102,
    0.13422979414463043,
    0.24015040695667267,
    -0.07868599891662598,
    0.39667120575904846,
    0.468692809343338,
    0.9387508034706116,
    0.15310080349445343,
    -0.010349799878895283,
    0.3214150071144104,
    -0.1355825960636139,
    -0.047481801360845566,
    0.6367154121398926,
    -0.9876897931098938,
    0.15793700516223907,
    0.16013680398464203,
    -0.029259920120239258,
    -0.4669897258281708,
    -0.4901999831199646,
    -0.5228400230407715,
    0.7338500618934631,
    -0.00841999426484108,
    1.2366701364517212,
    1.2711200714111328,
    0.8702200055122375,
    -0.5858391523361206,
    0.39817988872528076,
    0.5211699604988098,
    0.32516002655029297,
    -0.041880086064338684,
    -0.18736012279987335,
    0.03578998148441315,
    0.016919896006584167,
    -0.8338600397109985,
    -1.2652195692062378,
    -0.2860412001609802,
    -0.47326982021331787,
    0.6170099973678589,
    -0.7365196943283081,
    -0.2952102720737457,
    0.15794001519680023,
    -0.3182902932167053,
    0.3013893961906433,
    0.19819997251033783,
    -0.4453599452972412,
    -0.01176089234650135,
    0.035418201237916946,
    0.0024385880678892136,
    0.8729952573776245,
    -0.3679346442222595,
    0.34120506048202515
  ],
  "critic_obs_shape": [
    1,
    286
  ],
  "critic_term_dims": [
    [
      58
    ],
    [
      3
    ],
    [
      6
    ],
    [
      42
    ],
    [
      84
    ],
    [
      3
    ],
    [
      3
    ],
    [
      29
    ],
    [
      29
    ],
    [
      29
    ]
  ],
  "critic_term_names": [
    "command",
    "motion_anchor_pos_b",
    "motion_anchor_ori_b",
    "body_pos",
    "body_ori",
    "base_lin_vel",
    "base_ang_vel",
    "joint_pos",
    "joint_vel",
    "actions"
  ],
  "device": "cuda:4",
  "generated_at": "2026-06-24T03:57:19.971307+00:00",
  "interpretation": {
    "mujoco_native_observation_parity_ready": false,
    "next_step": "Run a same-state MuJoCo adapter comparison against this sample; this file alone is not parity.",
    "official_observation_manager_sample_available": true
  },
  "last_action": [
    0.0,
    0.0,
    0.0,
    0.0,
    0.0,
    0.0,
    0.0,
    0.0,
    0.0,
    0.0,
    0.0,
    0.0,
    0.0,
    0.0,
    0.0,
    0.0,
    0.0,
    0.0,
    0.0,
    0.0,
    0.0,
    0.0,
    0.0,
    0.0,
    0.0,
    0.0,
    0.0,
    0.0,
    0.0
  ],
  "motion_anchor_body_index": 7,
  "motion_file": "/mnt/infini-data/test/BeyondMimic/res/tracking/official_csv_loop_full_bundle_fk_repaired_robot_order_motion_npz/motions/dance1_subject1/motion.npz",
  "motion_time_step_total": 299,
  "motion_time_steps": [
    232
  ],
  "num_envs": 1,
  "policy_obs": [
    -0.28915300965309143,
    -0.14350059628486633,
    -0.07477179914712906,
    0.4452086091041565,
    -0.02935359999537468,
    0.060885798186063766,
    -0.1865818053483963,
    -0.15989980101585388,
    -0.16674040257930756,
    1.1733479499816895,
    -0.10595060139894485,
    -0.000440800009528175,
    0.05249800160527229,
    -0.14134719967842102,
    0.13422979414463043,
    0.24015040695667267,
    -0.07868599891662598,
    0.39667120575904846,
    0.468692809343338,
    0.9387508034706116,
    0.15310080349445343,
    -0.010349799878895283,
    0.3214150071144104,
    -0.1355825960636139,
    -0.047481801360845566,
    0.6367154121398926,
    -0.9876897931098938,
    0.15793700516223907,
    0.16013680398464203,
    -0.029259920120239258,
    -0.4669897258281708,
    -0.4901999831199646,
    -0.5228400230407715,
    0.7338500618934631,
    -0.00841999426484108,
    1.2366701364517212,
    1.2711200714111328,
    0.8702200055122375,
    -0.5858391523361206,
    0.39817988872528076,
    0.5211699604988098,
    0.32516002655029297,
    -0.041880086064338684,
    -0.18736012279987335,
    0.03578998148441315,
    0.016919896006584167,
    -0.8338600397109985,
    -1.2652195692062378,
    -0.2860412001609802,
    -0.47326982021331787,
    0.6170099973678589,
    -0.7365196943283081,
    -0.2952102720737457,
    0.15794001519680023,
    -0.3182902932167053,
    0.3013893961906433,
    0.19819997251033783,
    -0.4453599452972412,
    -0.15092846751213074,
    0.14844650030136108,
    0.093913733959198,
    0.8379442691802979,
    -0.35495084524154663,
    0.306618332862854,
    0.9711766839027405,
    -0.3236682415008545,
    0.0076812393963336945,
    0.1510036587715149,
    -0.5076944828033447,
    -0.378642201423645,
    0.5578685998916626,
    -0.24554327130317688,
    0.9667696356773376,
    -0.06008809059858322,
    0.08925150334835052,
    -0.166753351688385,
    0.49650073051452637,
    -0.08025278151035309,
    0.03003779612481594,
    -0.17133373022079468,
    -0.2712910771369934,
    -0.1897004395723343,
    0.4268365800380707,
    -0.596219003200531,
    -0.1426614373922348,
    -0.2221079021692276,
    0.1701192408800125,
    0.4494498074054718,
    -0.06334635615348816,
    0.014493769034743309,
    0.23456203937530518,
    0.2327081561088562,
    0.9290853142738342,
    0.055892787873744965,
    -0.5412523746490479,
    -0.2522071599960327,
    -0.1931496262550354,
    -0.0969294011592865,
    0.5468812584877014,
    -0.9260875582695007,
    0.16706125438213348,
    0.10415990650653839,
    0.4196532964706421,
    -0.8225696086883545,
    -0.2591187357902527,
    -0.6120834350585938,
    0.7970538139343262,
    -0.29844599962234497,
    1.3242247104644775,
    0.9545246362686157,
    0.6798620223999023,
    0.28943800926208496,
    0.04891026020050049,
    0.7854816913604736,
    0.09393024444580078,
    -0.3502943515777588,
    -0.009487450122833252,
    -0.29888343811035156,
    0.02574390172958374,
    -0.9275107383728027,
    -1.3238861560821533,
    -0.6804332733154297,
    0.09827768802642822,
    1.0416440963745117,
    -0.464147686958313,
    -0.17503714561462402,
    0.48725008964538574,
    -0.5788317918777466,
    0.11603975296020508,
    0.23622053861618042,
    -0.5558022260665894,
    0.0,
    0.0,
    0.0,
    0.0,
    0.0,
    0.0,
    0.0,
    0.0,
    0.0,
    0.0,
    0.0,
    0.0,
    0.0,
    0.0,
    0.0,
    0.0,
    0.0,
    0.0,
    0.0,
    0.0,
    0.0,
    0.0,
    0.0,
    0.0,
    0.0,
    0.0,
    0.0,
    0.0,
    0.0
  ],
  "policy_obs_dim": 160,
  "policy_obs_shape": [
    1,
    160
  ],
  "policy_term_dims": [
    [
      58
    ],
    [
      3
    ],
    [
      6
    ],
    [
      3
    ],
    [
      3
    ],
    [
      29
    ],
    [
      29
    ],
    [
      29
    ]
  ],