{
  "aggregate": {
    "done_count_total": {
      "count": 3,
      "max": 611738.0,
      "mean": 611601.0,
      "min": 611412.0,
      "std": 138.07485892321841
    },
    "error_anchor_lin_vel_mean": {
      "count": 3,
      "max": 0.4470872621871157,
      "mean": 0.4457272839054482,
      "min": 0.44473946901866823,
      "std": 0.00099395250886644
    },
    "error_anchor_pos_mean": {
      "count": 3,
      "max": 0.059627355204079066,
      "mean": 0.05960486921063368,
      "min": 0.05959004106429907,
      "std": 1.6167214224252344e-05
    },
    "error_body_lin_vel_mean": {
      "count": 3,
      "max": 0.5286609261330952,
      "mean": 0.5257917388758665,
      "min": 0.5236499421173912,
      "std": 0.002109393736703815
    },
    "error_body_pos_mean": {
      "count": 3,
      "max": 0.7064930601263525,
      "mean": 0.7051227944617553,
      "min": 0.7041891159421225,
      "std": 0.000989948130753293
    },
    "error_joint_pos_mean": {
      "count": 3,
      "max": 0.9197375445461592,
      "mean": 0.9113616949339773,
      "min": 0.9065469146572228,
      "std": 0.005944694571661651
    },
    "error_joint_vel_mean": {
      "count": 3,
      "max": 0.03331707392112168,
      "mean": 0.026767874379520832,
      "min": 0.021917346656247724,
      "std": 0.004806423471991298
    },
    "reward_mean": {
      "count": 3,
      "max": 0.023667948326737586,
      "mean": 0.02347703839973064,
      "min": 0.0232576857504737,
      "std": 0.00016869219841160913
    },
    "timeout_count_total": {
      "count": 3,
      "max": 0.0,
      "mean": 0.0,
      "min": 0.0,
      "std": 0.0
    }
  },
  "assets": {
    "readme": "/mnt/infini-data/test/BeyondMimic/res/report_assets/official_importer_export_scaled_ppo_checkpoint_multiseed_eval/README.md",
    "reward_done_png": "/mnt/infini-data/test/BeyondMimic/res/report_assets/official_importer_export_scaled_ppo_checkpoint_multiseed_eval/scaled_ppo_multiseed_reward_done.png",
    "summary_csv": "/mnt/infini-data/test/BeyondMimic/res/report_assets/official_importer_export_scaled_ppo_checkpoint_multiseed_eval/scaled_ppo_multiseed_eval_summary.csv",
    "tracking_errors_png": "/mnt/infini-data/test/BeyondMimic/res/report_assets/official_importer_export_scaled_ppo_checkpoint_multiseed_eval/scaled_ppo_multiseed_tracking_errors.png"
  },
  "checks": {
    "all_seeds_completed": true,
    "all_use_official_importer_export_usd": true,
    "does_not_claim_paper_level_eval": true,
    "does_not_claim_real_robot": true,
    "png_assets_exist": true,
    "readme_exists": true,
    "source_status_ok": true,
    "summary_csv_exists": true
  },
  "claim_level": "local_virtual_multiseed_scaled_tracking_eval_report_asset",
  "experiment_type": "official_importer_export_scaled_ppo_checkpoint_multiseed_eval_report_assets",
  "interpretation": {
    "goal_complete": false,
    "paper_level_tracking_eval_complete": false,
    "why_not_complete": "Report assets summarize local virtual multiseed checkpoint evaluation. They do not provide official BeyondMimic checkpoints, paper-level tracking metrics, Fig.5/Fig.6 guidance, TensorRT deployment, or real-robot evidence."
  },
  "metrics": {
    "ok_seed_count": 3,
    "seed_count": 3,
    "total_env_steps": 1837056
  },
  "source": "/mnt/infini-data/test/BeyondMimic/res/tracking/g1_official_importer_export_full_bundle_scaled_ppo_checkpoint_multiseed_eval/tracking_g1_official_importer_export_full_bundle_scaled_ppo_checkpoint_multiseed_eval.json",
  "status": "ok"
}
