seed,reward_mean,done_count_total,error_anchor_pos_mean,error_body_pos_mean,error_joint_pos_mean,num_envs,eval_steps,total_env_steps
20260710,0.023505481121980625,611412,0.059627355204079066,0.7046862073167909,0.9197375445461592,2048,299,612352
20260711,0.0232576857504737,611738,0.0595972113635229,0.7064930601263525,0.9065469146572228,2048,299,612352
20260712,0.023667948326737586,611653,0.05959004106429907,0.7041891159421225,0.9078006255985502,2048,299,612352
