variant	reward_mean	target_body_error_mean	done_count_total	teacher_vae_action_mse_mean	denoised_teacher_action_mse_mean	guided_teacher_action_mse_mean	guided_base_action_mse_mean	guidance_cost_delta_mean
denoised_latent	0.026422495667177897	0.08146780729293823	25	0.002981945948327197	0.009209798190300432	0.00920970576743667	0.0061511637699045866	1.7587556488139176e-05
receding_latent_guided	0.026267499971300064	0.08139916509389877	25	0.002814761376305075	0.00874557111795406	0.008745488860211445	0.006037825401202716	1.811981201171875e-05
teacher	0.026940817835687792	0.08008550852537155	25	0.0027811560421803637	0.008935857957453283	0.008935773259271746	0.006222045112535183	1.703118002135618e-05
vae_base	0.027278228803073682	0.07685978710651398	23	0.0033533857153404665	0.009373377049248354	0.009373288975411833	0.006262426932706781	1.8176625803561512e-05
