gpu_index,samples,mean_utilization_gpu_percent,peak_memory_used_gib,mean_power_draw_w
4,11,22.818181818181817,3.3056640625,111.86090909090908
7,11,0.0,0.3876953125,103.96363636363635
