split	motion_names	window_count	baseline_loss	prediction_loss	loss_reduction_ratio
train	walk1_subject1_frames_1_180_state_fixture	28	0.06733584331649212	0.00752064193304276	0.8883114614352683
validation	run2_subject1_frames_1_180_state_fixture	28	0.06930764133540507	0.03443011209674649	0.503227761999192
test	jumps1_subject1_frames_1_180_state_fixture	28	0.0682719253409472	0.0379766888712374	0.4437436957932067
