variant	reward_mean	target_body_error_mean	done_count_total	teacher_vae_action_mse_mean	denoised_teacher_action_mse_mean	guided_teacher_action_mse_mean	guided_base_action_mse_mean	guidance_cost_delta_mean
denoised_latent	0.02388587447014142	0.3451519310474396	299	4.3924924637358224e-05	4.4028717967379647e-05	4.402872126163637e-05	5.9263838267143956e-08	2.8993099628882263e-07
receding_latent_guided	0.0239038624408278	0.344357430934906	299	4.849718648667635e-05	4.8699295889780595e-05	4.8699299620533946e-05	6.430640686096747e-08	2.9726632961062683e-07
teacher	0.025521580118960063	0.34529921412467957	299	4.601411624770416e-05	4.6195085234288866e-05	4.619508341834125e-05	6.502607464229994e-08	3.26084377972976e-07
vae_base	0.023701916136514133	0.3447401225566864	299	5.142260684550878e-05	5.1636998822471053e-05	5.163700107035261e-05	7.420940974469183e-08	2.9575254107797424e-07
