variant	reward_mean	target_body_error_mean	done_count_total	teacher_vae_action_mse_mean	denoised_teacher_action_mse_mean	guided_teacher_action_mse_mean	guided_base_action_mse_mean	guidance_cost_delta_mean
denoised_latent	0.022648518101427467	0.34340542554855347	299	4.897572268288229e-05	4.918715154131513e-05	4.918715538613554e-05	7.742205764416571e-08	6.59760125105995e-05
receding_latent_guided	0.022843330344777042	0.34206968545913696	299	5.028310135038247e-05	5.0487765823720146e-05	5.048776685488638e-05	7.590499990052424e-08	6.504601060746106e-05
teacher	0.023020027658550136	0.3434223234653473	299	5.0699730004955055e-05	5.103210474333896e-05	5.1032106997304085e-05	9.293228066574135e-08	6.684283398864261e-05
vae_base	0.022321866992643	0.3423759937286377	299	5.236565554443958e-05	5.26025874738437e-05	5.2602586664728016e-05	8.806040482430673e-08	6.395592089480779e-05
