{
  "action_dim": 29,
  "action_terms": [
    "joint_pos"
  ],
  "command_metrics_final": {
    "error_anchor_ang_vel": 0.7602425217628479,
    "error_anchor_lin_vel": 1.2021793127059937,
    "error_anchor_pos": 0.13110888004302979,
    "error_anchor_rot": 0.6697524785995483,
    "error_body_ang_vel": 2.672717809677124,
    "error_body_lin_vel": 1.0361909866333008,
    "error_body_pos": 0.16613446176052094,
    "error_body_rot": 0.890948474407196,
    "error_joint_pos": 1.5999882221221924,
    "error_joint_vel": 14.298081398010254,
    "sampling_entropy": 0.9886578917503357,
    "sampling_top1_bin": 0.0,
    "sampling_top1_prob": 0.2169281393289566
  },
  "command_metrics_timeseries": {
    "error_anchor_ang_vel": {
      "count": 299,
      "max": 9.236736297607422,
      "mean": 1.6375615991477583,
      "min": 0.23914006352424622
    },
    "error_anchor_lin_vel": {
      "count": 299,
      "max": 1.6234999895095825,
      "mean": 0.7610516802572885,
      "min": 0.07928474992513657
    },
    "error_anchor_pos": {
      "count": 299,
      "max": 0.23423199355602264,
      "mean": 0.06875024284905813,
      "min": 0.006436609663069248
    },
    "error_anchor_rot": {
      "count": 299,
      "max": 0.9179286360740662,
      "mean": 0.6151971690431487,
      "min": 0.32133978605270386
    },
    "error_body_ang_vel": {
      "count": 299,
      "max": 11.004117965698242,
      "mean": 3.370163593503544,
      "min": 0.25715547800064087
    },
    "error_body_lin_vel": {
      "count": 299,
      "max": 1.625173807144165,
      "mean": 0.7881035707068682,
      "min": 0.17936496436595917
    },
    "error_body_pos": {
      "count": 299,
      "max": 0.7552640438079834,
      "mean": 0.16650817254215577,
      "min": 0.10808206349611282
    },
    "error_body_rot": {
      "count": 299,
      "max": 1.5161634683609009,
      "mean": 1.060296826936728,
      "min": 0.7348204851150513
    },
    "error_joint_pos": {
      "count": 299,
      "max": 3.3304126262664795,
      "mean": 1.4960591156147793,
      "min": 0.46402275562286377
    },
    "error_joint_vel": {
      "count": 299,
      "max": 54.39801788330078,
      "mean": 17.355532087211227,
      "min": 0.0
    },
    "sampling_entropy": {
      "count": 299,
      "max": 0.9999999403953552,
      "mean": 0.9945383594187606,
      "min": 0.9885687232017517
    },
    "sampling_top1_bin": {
      "count": 299,
      "max": 0.3333333432674408,
      "mean": 0.007803790645057143,
      "min": 0.0
    },
    "sampling_top1_prob": {
      "count": 299,
      "max": 0.21712584793567657,
      "mean": 0.20295622002918984,
      "min": 0.1666666567325592
    }
  },
  "command_terms": [
    "motion"
  ],
  "critic_observation_dim": 286,
  "device": "cuda:4",
  "done_total": 45,
  "event_modes": [
    "startup",
    "interval"
  ],
  "motion_file": "/mnt/infini-data/test/BeyondMimic/res/tracking/official_csv_loop_full_bundle_fk_repaired_robot_order_motion_npz/motions/dance1_subject3/motion.npz",
  "num_envs": 1,
  "observation_shapes": {
    "critic": [
      1,
      286
    ],
    "policy": [
      1,
      160
    ]
  },
  "official_csv_to_npz_unpatched_output": false,
  "paper_level_rollout": false,
  "policy_observation_dim": 160,
  "ppo_training": false,
  "real_robot": false,
  "reward": {
    "count": 299,
    "max": 0.06294331699609756,
    "mean": 0.0013665741972974112,
    "min": -0.10356692969799042
  },
  "reward_terms": [
    "motion_global_anchor_pos",
    "motion_global_anchor_ori",
    "motion_body_pos",
    "motion_body_ori",
    "motion_body_lin_vel",
    "motion_body_ang_vel",
    "action_rate_l2",
    "joint_limit",
    "undesired_contacts"
  ],
  "robot_num_bodies": 40,
  "robot_num_joints": 29,
  "status": "ok",
  "step_count": 299,
  "task": "Tracking-Flat-G1-v0",
  "terminated_total": 33,
  "termination_terms": [
    "time_out",
    "anchor_pos",
    "anchor_ori",
    "ee_body_pos"
  ],
  "truncated_total": 12,
  "usd_path": "/mnt/infini-data/test/BeyondMimic/res/tracking/g1_urdf_in_memory_gpu4_probe/g1_official_importer_in_memory_gpu4_export.usda",
  "uses_fk_repaired_motion_npz": true,
  "uses_fk_repaired_robot_order_motion_npz": true,
  "uses_official_importer_export_usd": true,
  "uses_resource_adjusted_usd": false
}