variant	reward_mean	target_body_error_mean	done_count_total	teacher_vae_action_mse_mean	denoised_teacher_action_mse_mean	guided_teacher_action_mse_mean	guided_base_action_mse_mean	guidance_cost_delta_mean
denoised_latent	0.02510324277818502	0.08340756595134735	25	0.0046481184026165665	0.0118464267980868	0.011846316710463335	0.00721695357045925	5.3325724043575016e-05
receding_latent_guided	0.020116108612945445	0.07918254286050797	25	0.006356668304441727	0.013894706635103626	0.013894596865967564	0.007296024031709742	5.552182628159539e-05
teacher	0.02324035818249386	0.08165690302848816	27	0.004138720729917811	0.011214052543455243	0.011213961956760905	0.007015325628177428	5.29931141779973e-05
vae_base	0.022011892166125733	0.07956889271736145	25	0.006424647795731812	0.013971306586071201	0.013971205017401721	0.007390612012155379	5.3890373395836875e-05
