{
  "action_dim": 29,
  "action_terms": [
    "joint_pos"
  ],
  "command_metrics_final": {
    "error_anchor_ang_vel": 0.6717361211776733,
    "error_anchor_lin_vel": 0.5645803809165955,
    "error_anchor_pos": 0.047573547810316086,
    "error_anchor_rot": 0.5570200085639954,
    "error_body_ang_vel": 0.6810842752456665,
    "error_body_lin_vel": 0.42990440130233765,
    "error_body_pos": 0.24637281894683838,
    "error_body_rot": 1.4392441511154175,
    "error_joint_pos": 0.7800048589706421,
    "error_joint_vel": 0.0,
    "sampling_entropy": 0.9916940331459045,
    "sampling_top1_bin": 0.1666666716337204,
    "sampling_top1_prob": 0.20918981730937958
  },
  "command_metrics_timeseries": {
    "error_anchor_ang_vel": {
      "count": 299,
      "max": 9.662320137023926,
      "mean": 1.670112427211924,
      "min": 0.1702708899974823
    },
    "error_anchor_lin_vel": {
      "count": 299,
      "max": 1.925479531288147,
      "mean": 0.7268256136406226,
      "min": 0.1582203060388565
    },
    "error_anchor_pos": {
      "count": 299,
      "max": 0.2666001319885254,
      "mean": 0.06418138112013157,
      "min": 0.010008974000811577
    },
    "error_anchor_rot": {
      "count": 299,
      "max": 0.8340622186660767,
      "mean": 0.5500400336988793,
      "min": 0.23440541326999664
    },
    "error_body_ang_vel": {
      "count": 299,
      "max": 11.086359024047852,
      "mean": 2.8447124099851053,
      "min": 0.18973848223686218
    },
    "error_body_lin_vel": {
      "count": 299,
      "max": 1.6257935762405396,
      "mean": 0.7461955024546205,
      "min": 0.20887263119220734
    },
    "error_body_pos": {
      "count": 299,
      "max": 0.7530514001846313,
      "mean": 0.20137422853289638,
      "min": 0.13723048567771912
    },
    "error_body_rot": {
      "count": 299,
      "max": 1.4771782159805298,
      "mean": 1.1650447199575877,
      "min": 0.788863480091095
    },
    "error_joint_pos": {
      "count": 299,
      "max": 4.7119011878967285,
      "mean": 1.2618157829728014,
      "min": 0.570279061794281
    },
    "error_joint_vel": {
      "count": 299,
      "max": 61.38933181762695,
      "mean": 13.9401130708165,
      "min": 0.0
    },
    "sampling_entropy": {
      "count": 299,
      "max": 0.9999999403953552,
      "mean": 0.9972209174896164,
      "min": 0.9914959073066711
    },
    "sampling_top1_bin": {
      "count": 299,
      "max": 0.5,
      "mean": 0.23299889116980957,
      "min": 0.0
    },
    "sampling_top1_prob": {
      "count": 299,
      "max": 0.2171928435564041,
      "mean": 0.1900233170360227,
      "min": 0.1666666567325592
    }
  },
  "command_terms": [
    "motion"
  ],
  "critic_observation_dim": 286,
  "device": "cuda:4",
  "done_total": 122,
  "event_modes": [
    "startup",
    "interval"
  ],
  "motion_file": "/mnt/infini-data/test/BeyondMimic/res/tracking/official_csv_loop_full_bundle_fk_repaired_robot_order_motion_npz/motions/dance1_subject2/motion.npz",
  "num_envs": 1,
  "observation_shapes": {
    "critic": [
      1,
      286
    ],
    "policy": [
      1,
      160
    ]
  },
  "official_csv_to_npz_unpatched_output": false,
  "paper_level_rollout": false,
  "policy_observation_dim": 160,
  "ppo_training": false,
  "real_robot": false,
  "reward": {
    "count": 299,
    "max": 0.05079703778028488,
    "mean": 0.007294283564635444,
    "min": -0.12862183153629303
  },
  "reward_terms": [
    "motion_global_anchor_pos",
    "motion_global_anchor_ori",
    "motion_body_pos",
    "motion_body_ori",
    "motion_body_lin_vel",
    "motion_body_ang_vel",
    "action_rate_l2",
    "joint_limit",
    "undesired_contacts"
  ],
  "robot_num_bodies": 40,
  "robot_num_joints": 29,
  "status": "ok",
  "step_count": 299,
  "task": "Tracking-Flat-G1-v0",
  "terminated_total": 113,
  "termination_terms": [
    "time_out",
    "anchor_pos",
    "anchor_ori",
    "ee_body_pos"
  ],
  "truncated_total": 9,
  "usd_path": "/mnt/infini-data/test/BeyondMimic/res/tracking/g1_urdf_in_memory_gpu4_probe/g1_official_importer_in_memory_gpu4_export.usda",
  "uses_fk_repaired_motion_npz": true,
  "uses_fk_repaired_robot_order_motion_npz": true,
  "uses_official_importer_export_usd": true,
  "uses_resource_adjusted_usd": false
}