bin	failure	code_kernel_size_1	paper_kernel_size_3
0	0.0	0.011363636363636366	0.011363636363636364
1	0.0	0.011363636363636366	0.38394187779433675
2	0.0	0.011363636363636366	0.3094262295081967
3	1.0	0.9204545454545455	0.24981371087928464
4	0.0	0.011363636363636366	0.011363636363636364
5	0.0	0.011363636363636366	0.011363636363636364
6	0.0	0.011363636363636366	0.011363636363636364
7	0.0	0.011363636363636366	0.011363636363636364
