variant	reward_mean	target_body_error_mean	done_count_total	teacher_vae_action_mse_mean	denoised_teacher_action_mse_mean	guided_teacher_action_mse_mean	guided_base_action_mse_mean	guidance_cost_delta_mean
denoised_latent	0.02199279177734585	0.3442321717739105	299	0.00020299367241381923	0.00024887109745720584	0.0002488705346777017	4.366464959697666e-05	6.862839428477462e-05
receding_latent_guided	0.02134917930460046	0.3434578776359558	299	0.00020053478131202334	0.0002491131263713424	0.0002491125521668814	4.38450098234347e-05	6.799193030615714e-05
teacher	0.02114918363750928	0.34480220079421997	299	0.000196629794230599	0.0002526996895509506	0.0002526990758397431	5.250402738926388e-05	6.831910797584815e-05
vae_base	0.021200003328244125	0.3441038131713867	299	0.0001981634336197048	0.00025518716678300167	0.0002551865793285108	5.068876457124797e-05	6.851105386995552e-05
