{
  "aggregate": {
    "done_count_total": {
      "count": 3,
      "max": 110582.0,
      "mean": 109325.66666666667,
      "min": 107945.0,
      "std": 1080.1346623865418
    },
    "done_rate": {
      "count": 3,
      "max": 0.1805856762123746,
      "mean": 0.1785340240036232,
      "min": 0.17627932953595318,
      "std": 0.001763911381666986
    },
    "error_anchor_lin_vel_mean": {
      "count": 3,
      "max": 0.8529553576855357,
      "mean": 0.8522375106412831,
      "min": 0.8508960245843715,
      "std": 0.0009493532601970529
    },
    "error_anchor_pos_mean": {
      "count": 3,
      "max": 0.07773624132558654,
      "mean": 0.07762057815108413,
      "min": 0.07744572013865746,
      "std": 0.0001257740345257528
    },
    "error_body_ang_vel_mean": {
      "count": 3,
      "max": 3.420970725375274,
      "mean": 3.3987033594412153,
      "min": 3.3850278527441633,
      "std": 0.015881594317647026
    },
    "error_body_lin_vel_mean": {
      "count": 3,
      "max": 0.8575022409990879,
      "mean": 0.8561325044004681,
      "min": 0.8542597140356848,
      "std": 0.0013707157730756228
    },
    "error_body_pos_mean": {
      "count": 3,
      "max": 0.3635935148467188,
      "mean": 0.3597400628005382,
      "min": 0.35689642437325675,
      "std": 0.002825779875965784
    },
    "error_joint_pos_mean": {
      "count": 3,
      "max": 1.582350747441767,
      "mean": 1.5772204704773731,
      "min": 1.5745798795916963,
      "std": 0.0036281767104827073
    },
    "error_joint_vel_mean": {
      "count": 3,
      "max": 16.282826327958634,
      "mean": 16.140327120837295,
      "min": 16.023783744378232,
      "std": 0.10733450481564365
    },
    "reward_mean": {
      "count": 3,
      "max": 0.020882208878330165,
      "mean": 0.020480790998840676,
      "min": 0.019892806598424514,
      "std": 0.0004249192220635496
    },
    "timeout_count_total": {
      "count": 3,
      "max": 0.0,
      "mean": 0.0,
      "min": 0.0,
      "std": 0.0
    }
  },
  "attempted": [
    {
      "json": "/mnt/infini-data/test/BeyondMimic/res/tracking/g1_official_importer_export_fk_repaired_robot_order_full_bundle_ppo_checkpoint_multiseed_eval/seed_20260730/tracking_g1_official_importer_export_fk_repaired_robot_order_full_bundle_ppo_checkpoint_eval_seed_20260730.json",
      "seed": 20260730,
      "started_at": "2026-06-21T14:08:20.108806+00:00",
      "status": "ok_official_importer_export_fk_repaired_robot_order_full_bundle_ppo_checkpoint_eval_completed"
    },
    {
      "json": "/mnt/infini-data/test/BeyondMimic/res/tracking/g1_official_importer_export_fk_repaired_robot_order_full_bundle_ppo_checkpoint_multiseed_eval/seed_20260731/tracking_g1_official_importer_export_fk_repaired_robot_order_full_bundle_ppo_checkpoint_eval_seed_20260731.json",
      "seed": 20260731,
      "started_at": "2026-06-21T14:09:15.760624+00:00",
      "status": "ok_official_importer_export_fk_repaired_robot_order_full_bundle_ppo_checkpoint_eval_completed"
    },
    {
      "json": "/mnt/infini-data/test/BeyondMimic/res/tracking/g1_official_importer_export_fk_repaired_robot_order_full_bundle_ppo_checkpoint_multiseed_eval/seed_20260732/tracking_g1_official_importer_export_fk_repaired_robot_order_full_bundle_ppo_checkpoint_eval_seed_20260732.json",
      "seed": 20260732,
      "started_at": "2026-06-21T14:10:12.348249+00:00",
      "status": "ok_official_importer_export_fk_repaired_robot_order_full_bundle_ppo_checkpoint_eval_completed"
    }
  ],
  "checks": {
    "all_eval_steps_299": true,
    "all_motion_count_40": true,
    "all_num_envs_match_config": true,
    "all_seeds_completed": true,
    "all_total_motion_frames_11960": true,
    "all_use_official_importer_export_usd": true,
    "all_use_robot_order_fk_repaired_bundle": true,
    "does_not_claim_dagger": true,
    "does_not_claim_goal_complete": true,
    "does_not_claim_official_beyondmimic_checkpoint": true,
    "does_not_claim_paper_level_eval": true,
    "does_not_claim_real_robot": true,
    "no_rows_use_resource_adjusted_usd": true,
    "rows_csv_exists": true,
    "rows_tsv_exists": true,
    "total_env_steps_positive": true
  },
  "config": {
    "candidate_physical_gpus": [
      4,
      7
    ],
    "eval_steps": 299,
    "num_envs": 2048,
    "seeds": [
      20260730,
      20260731,
      20260732
    ],
    "selected_physical_gpus": [
      4,
      7
    ],
    "source_single_eval_json": "/mnt/infini-data/test/BeyondMimic/res/tracking/g1_official_importer_export_fk_repaired_robot_order_full_bundle_ppo_checkpoint_eval/tracking_g1_official_importer_export_fk_repaired_robot_order_full_bundle_ppo_checkpoint_eval.json",
    "source_single_eval_status": "ok_official_importer_export_fk_repaired_robot_order_full_bundle_ppo_checkpoint_eval_completed"
  },
  "experiment_type": "tracking_official_importer_export_fk_repaired_robot_order_full_bundle_ppo_checkpoint_multiseed_eval",
  "interpretation": {
    "goal_complete": false,
    "paper_level_status": "local_virtual_robot_order_fk_repaired_multiseed_tracking_eval",
    "why_not_complete": "This is local virtual multi-seed checkpoint evaluation. It uses a locally trained PPO checkpoint, a captured official-importer USDA, and a robot-order FK-repaired public-motion bundle. It is not an official BeyondMimic teacher checkpoint, not the paper full teacher protocol, not DAgger, not Fig.5/Fig.6 guided diffusion, and not real robot evidence."
  },
  "metrics": {
    "ok_seed_count": 3,
    "seed_count": 3,
    "total_env_steps": 1837056
  },
  "outputs": {
    "json": "/mnt/infini-data/test/BeyondMimic/res/tracking/g1_official_importer_export_fk_repaired_robot_order_full_bundle_ppo_checkpoint_multiseed_eval/tracking_g1_official_importer_export_fk_repaired_robot_order_full_bundle_ppo_checkpoint_multiseed_eval.json",
    "rows_csv": "/mnt/infini-data/test/BeyondMimic/res/tracking/g1_official_importer_export_fk_repaired_robot_order_full_bundle_ppo_checkpoint_multiseed_eval/tracking_g1_official_importer_export_fk_repaired_robot_order_full_bundle_ppo_checkpoint_multiseed_eval_rows.csv",
    "rows_tsv": "/mnt/infini-data/test/BeyondMimic/res/tracking/g1_official_importer_export_fk_repaired_robot_order_full_bundle_ppo_checkpoint_multiseed_eval/tracking_g1_official_importer_export_fk_repaired_robot_order_full_bundle_ppo_checkpoint_multiseed_eval_rows.tsv"
  },
  "rows": [
    {
      "done_count_total": 110582,
      "done_rate": 0.1805856762123746,
      "duration_seconds": 55.238,
      "error_anchor_lin_vel_mean": 0.8508960245843715,
      "error_anchor_pos_mean": 0.07744572013865746,
      "error_body_ang_vel_mean": 3.3850278527441633,
      "error_body_lin_vel_mean": 0.8542597140356848,
      "error_body_pos_mean": 0.3635935148467188,
      "error_joint_pos_mean": 1.5747307843986562,
      "error_joint_vel_mean": 16.023783744378232,
      "eval_steps": 299,
      "gpu_metrics_csv": "/mnt/infini-data/test/BeyondMimic/res/runs/tracking_g1_official_importer_export_fk_repaired_robot_order_full_bundle_ppo_checkpoint_multiseed_eval/seed_20260730/resource_adjusted_ppo_eval_20260621_140820_seed20260730/gpu_metrics.csv",
      "json": "/mnt/infini-data/test/BeyondMimic/res/tracking/g1_official_importer_export_fk_repaired_robot_order_full_bundle_ppo_checkpoint_multiseed_eval/seed_20260730/tracking_g1_official_importer_export_fk_repaired_robot_order_full_bundle_ppo_checkpoint_eval_seed_20260730.json",
      "loaded_iteration": 999,
      "log": "/mnt/infini-data/test/BeyondMimic/logs/tracking_g1_official_importer_export_fk_repaired_robot_order_full_bundle_ppo_checkpoint_multiseed_eval/tracking_g1_resource_adjusted_ppo_checkpoint_eval.log",
      "metrics_json": "/mnt/infini-data/test/BeyondMimic/res/runs/tracking_g1_official_importer_export_fk_repaired_robot_order_full_bundle_ppo_checkpoint_multiseed_eval/seed_20260730/resource_adjusted_ppo_eval_20260621_140820_seed20260730/eval_metrics.json",
      "motion_count": 40,
      "num_envs": 2048,