variant	reward_mean	target_body_error_mean	done_count_total	teacher_vae_action_mse_mean	denoised_teacher_action_mse_mean	guided_teacher_action_mse_mean	guided_base_action_mse_mean	guidance_cost_delta_mean
denoised_latent	0.023811165243387222	0.3448847532272339	299	0.00020080361810264046	0.0002541190389765506	0.00025411858229462236	4.7761581625181434e-05	6.312737397126928e-05
receding_latent_guided	0.023540223699474214	0.3450607359409332	299	0.00019155251243851385	0.0002441945345045408	0.0002441938939769277	4.9120813068822086e-05	6.310472320952144e-05
teacher	0.02321907815470494	0.3441195785999298	299	0.00019510132054022334	0.0002443393605062738	0.0002443389141542586	4.613648995011749e-05	6.539267441102095e-05
vae_base	0.023431588655779993	0.3443884253501892	299	0.00019834126885256179	0.00024931402620732905	0.000249313454144287	4.792679771139812e-05	6.369371776995452e-05
