{
  "action_dim": 29,
  "action_terms": [
    "joint_pos"
  ],
  "command_metrics_final": {
    "error_anchor_ang_vel": 1.907468318939209,
    "error_anchor_lin_vel": 0.7316141724586487,
    "error_anchor_pos": 0.05196001008152962,
    "error_anchor_rot": 0.2380203902721405,
    "error_body_ang_vel": 9.476157188415527,
    "error_body_lin_vel": 0.8507129549980164,
    "error_body_pos": 0.03544916585087776,
    "error_body_rot": 0.5131146907806396,
    "error_joint_pos": 1.8309112787246704,
    "error_joint_vel": 46.82240676879883,
    "sampling_entropy": 0.9987422823905945,
    "sampling_top1_bin": 0.5,
    "sampling_top1_prob": 0.18544958531856537
  },
  "command_metrics_timeseries": {
    "error_anchor_ang_vel": {
      "count": 299,
      "max": 8.84212875366211,
      "mean": 1.8301106136180088,
      "min": 0.20708180963993073
    },
    "error_anchor_lin_vel": {
      "count": 299,
      "max": 2.2975049018859863,
      "mean": 1.1727510298599169,
      "min": 0.05706215277314186
    },
    "error_anchor_pos": {
      "count": 299,
      "max": 0.2861424386501312,
      "mean": 0.10375397781651455,
      "min": 0.006091330200433731
    },
    "error_anchor_rot": {
      "count": 299,
      "max": 0.5039547681808472,
      "mean": 0.20065184265225627,
      "min": 0.03047657385468483
    },
    "error_body_ang_vel": {
      "count": 299,
      "max": 18.618793487548828,
      "mean": 7.351404449214106,
      "min": 0.20359264314174652
    },
    "error_body_lin_vel": {
      "count": 299,
      "max": 2.3088974952697754,
      "mean": 1.1969814416656526,
      "min": 0.13215351104736328
    },
    "error_body_pos": {
      "count": 299,
      "max": 0.7833832502365112,
      "mean": 0.10169009342135543,
      "min": 0.0039702667854726315
    },
    "error_body_rot": {
      "count": 299,
      "max": 1.2183854579925537,
      "mean": 0.3848764838582297,
      "min": 0.1346787065267563
    },
    "error_joint_pos": {
      "count": 299,
      "max": 2.6227169036865234,
      "mean": 1.4327788668432364,
      "min": 0.23590078949928284
    },
    "error_joint_vel": {
      "count": 299,
      "max": 79.30615997314453,
      "mean": 33.4859437878714,
      "min": 0.0
    },
    "sampling_entropy": {
      "count": 299,
      "max": 0.9999999403953552,
      "mean": 0.9992296079728117,
      "min": 0.9984743595123291
    },
    "sampling_top1_bin": {
      "count": 299,
      "max": 0.8333333730697632,
      "mean": 0.3768115980070969,
      "min": 0.0
    },
    "sampling_top1_prob": {
      "count": 299,
      "max": 0.18773938715457916,
      "mean": 0.1796018443877083,
      "min": 0.1666666567325592
    }
  },
  "command_terms": [
    "motion"
  ],
  "critic_observation_dim": 286,
  "device": "cuda:4",
  "done_total": 40,
  "event_modes": [
    "startup",
    "interval"
  ],
  "motion_file": "/mnt/infini-data/test/BeyondMimic/res/tracking/official_csv_to_npz_loop_full_dataset_with_enriched_usd/motions/walk3_subject3/walk3_subject3_official_loop_enriched_usd_motion.npz",
  "num_envs": 1,
  "observation_shapes": {
    "critic": [
      1,
      286
    ],
    "policy": [
      1,
      160
    ]
  },
  "official_csv_loop_npz_input": true,
  "official_csv_to_npz_unpatched_output": false,
  "paper_level_rollout": false,
  "policy_observation_dim": 160,
  "ppo_training": false,
  "real_robot": false,
  "reward": {
    "count": 299,
    "max": 0.051957760006189346,
    "mean": 0.023911736531799854,
    "min": -0.004768919199705124
  },
  "reward_terms": [
    "motion_global_anchor_pos",
    "motion_global_anchor_ori",
    "motion_body_pos",
    "motion_body_ori",
    "motion_body_lin_vel",
    "motion_body_ang_vel",
    "action_rate_l2",
    "joint_limit",
    "undesired_contacts"
  ],
  "robot_num_bodies": 40,
  "robot_num_joints": 29,
  "status": "ok",
  "step_count": 299,
  "task": "Tracking-Flat-G1-v0",
  "terminated_total": 21,
  "termination_terms": [
    "time_out",
    "anchor_pos",
    "anchor_ori",
    "ee_body_pos"
  ],
  "truncated_total": 19,
  "usd_path": "/mnt/infini-data/test/BeyondMimic/res/tracking/g1_resource_adjusted_enriched_usd/g1_resource_adjusted_29dof_enriched_scaffold.usda",
  "uses_resource_adjusted_usd": true
}