{
  "action_dim": 29,
  "action_terms": [
    "joint_pos"
  ],
  "command_metrics_final": {
    "error_anchor_ang_vel": 0.6541786789894104,
    "error_anchor_lin_vel": 0.2764495313167572,
    "error_anchor_pos": 0.5073424577713013,
    "error_anchor_rot": 0.7988517880439758,
    "error_body_ang_vel": 1.2543385028839111,
    "error_body_lin_vel": 0.4857485294342041,
    "error_body_pos": 0.4806545078754425,
    "error_body_rot": 1.1140493154525757,
    "error_joint_pos": 0.6775208115577698,
    "error_joint_vel": 0.0,
    "sampling_entropy": 0.9870495200157166,
    "sampling_top1_bin": 0.1666666716337204,
    "sampling_top1_prob": 0.221700057387352
  },
  "command_metrics_timeseries": {
    "error_anchor_ang_vel": {
      "count": 299,
      "max": 3.1835291385650635,
      "mean": 0.7715230486464739,
      "min": 0.14771807193756104
    },
    "error_anchor_lin_vel": {
      "count": 299,
      "max": 1.1101974248886108,
      "mean": 0.43054960040145096,
      "min": 0.04270484298467636
    },
    "error_anchor_pos": {
      "count": 299,
      "max": 0.5412607789039612,
      "mean": 0.5035415472194902,
      "min": 0.4692285358905792
    },
    "error_anchor_rot": {
      "count": 299,
      "max": 1.3622910976409912,
      "mean": 0.9304556014346439,
      "min": 0.40605464577674866
    },
    "error_body_ang_vel": {
      "count": 299,
      "max": 2.655811309814453,
      "mean": 1.1973003365323696,
      "min": 0.2621256113052368
    },
    "error_body_lin_vel": {
      "count": 299,
      "max": 0.7687528133392334,
      "mean": 0.49342355525812576,
      "min": 0.18272611498832703
    },
    "error_body_pos": {
      "count": 299,
      "max": 0.7331377267837524,
      "mean": 0.4757257578364981,
      "min": 0.4166664481163025
    },
    "error_body_rot": {
      "count": 299,
      "max": 1.4391285181045532,
      "mean": 1.1045813299341745,
      "min": 0.6785848140716553
    },
    "error_joint_pos": {
      "count": 299,
      "max": 1.0688310861587524,
      "mean": 0.6965663017437211,
      "min": 0.42426568269729614
    },
    "error_joint_vel": {
      "count": 299,
      "max": 0.0,
      "mean": 0.0,
      "min": 0.0
    },
    "sampling_entropy": {
      "count": 299,
      "max": 0.9999999403953552,
      "mean": 0.9910805311091369,
      "min": 0.9858624935150146
    },
    "sampling_top1_bin": {
      "count": 299,
      "max": 0.6666666865348816,
      "mean": 0.3383500581999686,
      "min": 0.0
    },
    "sampling_top1_prob": {
      "count": 299,
      "max": 0.23013612627983093,
      "mean": 0.21075180865649795,
      "min": 0.1666666567325592
    }
  },
  "command_terms": [
    "motion"
  ],
  "critic_observation_dim": 286,
  "device": "cuda:4",
  "done_total": 299,
  "event_modes": [
    "startup",
    "interval"
  ],
  "motion_file": "/mnt/infini-data/test/BeyondMimic/res/tracking/official_csv_loop_full_bundle_fk_repaired_split_motion_npz/motions/walk3_subject1/motion.npz",
  "num_envs": 1,
  "observation_shapes": {
    "critic": [
      1,
      286
    ],
    "policy": [
      1,
      160
    ]
  },
  "official_csv_to_npz_unpatched_output": false,
  "paper_level_rollout": false,
  "policy_observation_dim": 160,
  "ppo_training": false,
  "real_robot": false,
  "reward": {
    "count": 299,
    "max": 0.037227876484394073,
    "mean": 0.02132617087215559,
    "min": -0.008475715294480324
  },
  "reward_terms": [
    "motion_global_anchor_pos",
    "motion_global_anchor_ori",
    "motion_body_pos",
    "motion_body_ori",
    "motion_body_lin_vel",
    "motion_body_ang_vel",
    "action_rate_l2",
    "joint_limit",
    "undesired_contacts"
  ],
  "robot_num_bodies": 40,
  "robot_num_joints": 29,
  "status": "ok",
  "step_count": 299,
  "task": "Tracking-Flat-G1-v0",
  "terminated_total": 299,
  "termination_terms": [
    "time_out",
    "anchor_pos",
    "anchor_ori",
    "ee_body_pos"
  ],
  "truncated_total": 0,
  "usd_path": "/mnt/infini-data/test/BeyondMimic/res/tracking/g1_urdf_in_memory_gpu4_probe/g1_official_importer_in_memory_gpu4_export.usda",
  "uses_fk_repaired_motion_npz": true,
  "uses_official_importer_export_usd": true,
  "uses_resource_adjusted_usd": false
}