{
  "duration_seconds": 40.049,
  "log": "/mnt/infini-data/test/BeyondMimic/logs/tracking_g1_official_importer_export_fk_repaired_robot_order_split_task_eval/fallAndGetUp2_subject2_task_eval.log",
  "markers": {
    "after_app": true,
    "before_app": true,
    "env_created": true,
    "env_reset": true,
    "exception": false,
    "metrics_file": true,
    "stall_timeout": false,
    "step_bound_reached": true,
    "success": true,
    "traceback": false,
    "vulkan_device_lost": false
  },
  "metrics": {
    "action_dim": 29,
    "action_terms": [
      "joint_pos"
    ],
    "command_metrics_final": {
      "error_anchor_ang_vel": 1.161109447479248,
      "error_anchor_lin_vel": 1.7884101867675781,
      "error_anchor_pos": 0.25831618905067444,
      "error_anchor_rot": 0.5587925910949707,
      "error_body_ang_vel": 4.0784831047058105,
      "error_body_lin_vel": 1.4703713655471802,
      "error_body_pos": 0.22421476244926453,
      "error_body_rot": 0.9819309115409851,
      "error_joint_pos": 2.725672721862793,
      "error_joint_vel": 18.37778663635254,
      "sampling_entropy": 0.9943981170654297,
      "sampling_top1_bin": 0.5,
      "sampling_top1_prob": 0.20459100604057312
    },
    "command_metrics_timeseries": {
      "error_anchor_ang_vel": {
        "count": 299,
        "max": 7.9844865798950195,
        "mean": 1.7701828200681553,
        "min": 0.18858318030834198
      },
      "error_anchor_lin_vel": {
        "count": 299,
        "max": 1.8605015277862549,
        "mean": 0.7942060498788603,
        "min": 0.08917751908302307
      },
      "error_anchor_pos": {
        "count": 299,
        "max": 0.2800540626049042,
        "mean": 0.06863725059245243,
        "min": 0.011348959989845753
      },
      "error_anchor_rot": {
        "count": 299,
        "max": 1.1158958673477173,
        "mean": 0.5836541409476544,
        "min": 0.2810988128185272
      },
      "error_body_ang_vel": {
        "count": 299,
        "max": 8.649007797241211,
        "mean": 2.939332592297956,
        "min": 0.18700240552425385
      },
      "error_body_lin_vel": {
        "count": 299,
        "max": 1.7161035537719727,
        "mean": 0.7991725838802332,
        "min": 0.22770239412784576
      },
      "error_body_pos": {
        "count": 299,
        "max": 0.7914801239967346,
        "mean": 0.1997196604077234,
        "min": 0.149982750415802
      },
      "error_body_rot": {
        "count": 299,
        "max": 1.6682759523391724,
        "mean": 1.1603910948919214,
        "min": 0.8718840479850769
      },
      "error_joint_pos": {
        "count": 299,
        "max": 3.1808691024780273,
        "mean": 1.3931596289111619,
        "min": 0.5562065243721008
      },
      "error_joint_vel": {
        "count": 299,
        "max": 48.77421951293945,
        "mean": 14.18318466358759,
        "min": 0.0
      },
      "sampling_entropy": {
        "count": 299,
        "max": 0.9999999403953552,
        "mean": 0.9982453461076105,
        "min": 0.994390070438385
      },
      "sampling_top1_bin": {
        "count": 299,
        "max": 0.8333333730697632,
        "mean": 0.3299888551833239,
        "min": 0.0
      },
      "sampling_top1_prob": {
        "count": 299,
        "max": 0.20643748342990875,
        "mean": 0.18708482100612742,
        "min": 0.1666666567325592
      }
    },
    "command_terms": [
      "motion"
    ],
    "critic_observation_dim": 286,
    "device": "cuda:4",
    "done_total": 51,
    "event_modes": [
      "startup",
      "interval"
    ],
    "motion_file": "/mnt/infini-data/test/BeyondMimic/res/tracking/official_csv_loop_full_bundle_fk_repaired_robot_order_motion_npz/motions/fallAndGetUp2_subject2/motion.npz",
    "num_envs": 1,
    "observation_shapes": {
      "critic": [
        1,
        286
      ],
      "policy": [
        1,
        160
      ]
    },
    "official_csv_to_npz_unpatched_output": false,
    "paper_level_rollout": false,
    "policy_observation_dim": 160,
    "ppo_training": false,
    "real_robot": false,
    "reward": {
      "count": 299,
      "max": 0.048342738300561905,
      "mean": 0.021479354672956228,
      "min": -0.04298684000968933
    },
    "reward_terms": [
      "motion_global_anchor_pos",
      "motion_global_anchor_ori",
      "motion_body_pos",
      "motion_body_ori",
      "motion_body_lin_vel",
      "motion_body_ang_vel",
      "action_rate_l2",
      "joint_limit",
      "undesired_contacts"
    ],
    "robot_num_bodies": 40,
    "robot_num_joints": 29,
    "status": "ok",
    "step_count": 299,
    "task": "Tracking-Flat-G1-v0",
    "terminated_total": 45,
    "termination_terms": [
      "time_out",
      "anchor_pos",
      "anchor_ori",
      "ee_body_pos"
    ],
    "truncated_total": 6,
    "usd_path": "/mnt/infini-data/test/BeyondMimic/res/tracking/g1_urdf_in_memory_gpu4_probe/g1_official_importer_in_memory_gpu4_export.usda",
    "uses_fk_repaired_motion_npz": true,
    "uses_fk_repaired_robot_order_motion_npz": true,
    "uses_official_importer_export_usd": true,
    "uses_resource_adjusted_usd": false
  },
  "metrics_json": "/mnt/infini-data/test/BeyondMimic/res/tracking/g1_official_importer_export_fk_repaired_robot_order_split_task_eval/motions/fallAndGetUp2_subject2/fallAndGetUp2_subject2_task_eval_metrics.json",
  "motion": "fallAndGetUp2_subject2",
  "returncode": 0,
  "stalled": false,
  "status": "ok"
}