{
  "action_dim": 29,
  "action_terms": [
    "joint_pos"
  ],
  "command_metrics_final": {
    "error_anchor_ang_vel": 1.697510004043579,
    "error_anchor_lin_vel": 1.972495198249817,
    "error_anchor_pos": 0.21185803413391113,
    "error_anchor_rot": 0.14557017385959625,
    "error_body_ang_vel": 6.087209701538086,
    "error_body_lin_vel": 2.0207393169403076,
    "error_body_pos": 0.2094983160495758,
    "error_body_rot": 0.26177459955215454,
    "error_joint_pos": 1.6241447925567627,
    "error_joint_vel": 23.96242904663086,
    "sampling_entropy": 0.9987799525260925,
    "sampling_top1_bin": 0.1666666716337204,
    "sampling_top1_prob": 0.18510974943637848
  },
  "command_metrics_timeseries": {
    "error_anchor_ang_vel": {
      "count": 299,
      "max": 7.411350250244141,
      "mean": 2.300448618056782,
      "min": 0.1266624927520752
    },
    "error_anchor_lin_vel": {
      "count": 299,
      "max": 2.7939019203186035,
      "mean": 1.1547048206761927,
      "min": 0.08316540718078613
    },
    "error_anchor_pos": {
      "count": 299,
      "max": 0.28686296939849854,
      "mean": 0.10702629069981467,
      "min": 0.014989686198532581
    },
    "error_anchor_rot": {
      "count": 299,
      "max": 0.6479018330574036,
      "mean": 0.1992324799062516,
      "min": 0.02679826132953167
    },
    "error_body_ang_vel": {
      "count": 299,
      "max": 25.13819122314453,
      "mean": 7.392800378659896,
      "min": 0.12516194581985474
    },
    "error_body_lin_vel": {
      "count": 299,
      "max": 2.588406801223755,
      "mean": 1.1797658275302039,
      "min": 0.18406735360622406
    },
    "error_body_pos": {
      "count": 299,
      "max": 3.0637171268463135,
      "mean": 0.1793287542935174,
      "min": 0.0034723379649221897
    },
    "error_body_rot": {
      "count": 299,
      "max": 2.3583438396453857,
      "mean": 0.44099355825413034,
      "min": 0.12743766605854034
    },
    "error_joint_pos": {
      "count": 299,
      "max": 3.131981134414673,
      "mean": 1.461108361050038,
      "min": 0.24956114590168
    },
    "error_joint_vel": {
      "count": 299,
      "max": 98.22718811035156,
      "mean": 32.78306679103685,
      "min": 0.0
    },
    "sampling_entropy": {
      "count": 299,
      "max": 0.9999999403953552,
      "mean": 0.9991694316018784,
      "min": 0.9984634518623352
    },
    "sampling_top1_bin": {
      "count": 299,
      "max": 0.8333333730697632,
      "mean": 0.4219621133844191,
      "min": 0.0
    },
    "sampling_top1_prob": {
      "count": 299,
      "max": 0.18864406645298004,
      "mean": 0.17926350534958982,
      "min": 0.1666666567325592
    }
  },
  "command_terms": [
    "motion"
  ],
  "critic_observation_dim": 286,
  "device": "cuda:4",
  "done_total": 37,
  "event_modes": [
    "startup",
    "interval"
  ],
  "motion_file": "/mnt/infini-data/test/BeyondMimic/res/tracking/official_csv_to_npz_loop_full_dataset_with_enriched_usd/motions/run2_subject4/run2_subject4_official_loop_enriched_usd_motion.npz",
  "num_envs": 1,
  "observation_shapes": {
    "critic": [
      1,
      286
    ],
    "policy": [
      1,
      160
    ]
  },
  "official_csv_loop_npz_input": true,
  "official_csv_to_npz_unpatched_output": false,
  "paper_level_rollout": false,
  "policy_observation_dim": 160,
  "ppo_training": false,
  "real_robot": false,
  "reward": {
    "count": 299,
    "max": 0.05395571514964104,
    "mean": 0.022889827649081033,
    "min": -0.04041094705462456
  },
  "reward_terms": [
    "motion_global_anchor_pos",
    "motion_global_anchor_ori",
    "motion_body_pos",
    "motion_body_ori",
    "motion_body_lin_vel",
    "motion_body_ang_vel",
    "action_rate_l2",
    "joint_limit",
    "undesired_contacts"
  ],
  "robot_num_bodies": 40,
  "robot_num_joints": 29,
  "status": "ok",
  "step_count": 299,
  "task": "Tracking-Flat-G1-v0",
  "terminated_total": 22,
  "termination_terms": [
    "time_out",
    "anchor_pos",
    "anchor_ori",
    "ee_body_pos"
  ],
  "truncated_total": 15,
  "usd_path": "/mnt/infini-data/test/BeyondMimic/res/tracking/g1_resource_adjusted_enriched_usd/g1_resource_adjusted_29dof_enriched_scaffold.usda",
  "uses_resource_adjusted_usd": true
}