{
  "aggregate": [
    {
      "guidance_cost_delta_mean": 6.761318415303693e-05,
      "guidance_cost_delta_std": 1.8534379510021951e-06,
      "guided_done_count_total_mean": 299.0,
      "guided_done_count_total_std": 0.0,
      "guided_reward_mean": 0.023177480513859157,
      "guided_reward_std": 0.0012826519086703149,
      "guided_target_body_error_mean": 0.3442127346992493,
      "guided_target_body_error_std": 0.0008135918164913135,
      "guided_teacher_action_mse_mean": 0.0002493275619024546,
      "guided_teacher_action_mse_std": 1.0553788590322958e-05,
      "seed_count": 5,
      "task": "joystick"
    },
    {
      "guidance_cost_delta_mean": 8.2449968841961e-06,
      "guidance_cost_delta_std": 1.2796194336875235e-07,
      "guided_done_count_total_mean": 299.0,
      "guided_done_count_total_std": 0.0,
      "guided_reward_mean": 0.023896200074985576,
      "guided_reward_std": 0.0013540058307893671,
      "guided_target_body_error_mean": 0.3445222914218903,
      "guided_target_body_error_std": 0.0010506356012921598,
      "guided_teacher_action_mse_mean": 0.0002519518782469961,
      "guided_teacher_action_mse_std": 5.35189689293268e-06,
      "seed_count": 5,
      "task": "waypoint"
    },
    {
      "guidance_cost_delta_mean": 9.161286230470027e-07,
      "guidance_cost_delta_std": 2.2411153261028188e-08,
      "guided_done_count_total_mean": 299.0,
      "guided_done_count_total_std": 0.0,
      "guided_reward_mean": 0.022975769497915154,
      "guided_reward_std": 0.0010766455333657506,
      "guided_target_body_error_mean": 0.3432542383670807,
      "guided_target_body_error_std": 0.0010551117147175428,
      "guided_teacher_action_mse_mean": 0.00025140351505027725,
      "guided_teacher_action_mse_std": 1.5537214572021393e-05,
      "seed_count": 5,
      "task": "obstacle_avoidance"
    },
    {
      "guidance_cost_delta_mean": 6.378355831605534e-05,
      "guidance_cost_delta_std": 1.0425165533239554e-06,
      "guided_done_count_total_mean": 299.0,
      "guided_done_count_total_std": 0.0,
      "guided_reward_mean": 0.024168015661241365,
      "guided_reward_std": 0.0005244898505084838,
      "guided_target_body_error_mean": 0.34478229880332945,
      "guided_target_body_error_std": 0.0002559171658087506,
      "guided_teacher_action_mse_mean": 0.00024425882378557656,
      "guided_teacher_action_mse_std": 5.073381487280863e-06,
      "seed_count": 5,
      "task": "composed"
    }
  ],
  "assets": {
    "aggregate_csv": "/mnt/infini-data/test/BeyondMimic/res/report_assets/official_importer_export_scaled_ppo_task_conditioned_guidance_multiseed/importer_export_task_conditioned_guidance_multiseed_aggregate.csv",
    "bars_png": "/mnt/infini-data/test/BeyondMimic/res/report_assets/official_importer_export_scaled_ppo_task_conditioned_guidance_multiseed/importer_export_task_conditioned_guidance_multiseed_bars.png",
    "readme": "/mnt/infini-data/test/BeyondMimic/res/report_assets/official_importer_export_scaled_ppo_task_conditioned_guidance_multiseed/README.md",
    "seed_scatter_png": "/mnt/infini-data/test/BeyondMimic/res/report_assets/official_importer_export_scaled_ppo_task_conditioned_guidance_multiseed/importer_export_task_conditioned_guidance_multiseed_seed_scatter.png"
  },
  "checks": {
    "all_rows_ok": true,
    "does_not_claim_fig5_fig6": true,
    "does_not_claim_goal_complete": true,
    "does_not_claim_real_robot": true,
    "four_tasks_per_seed_group": true,
    "full_bundle_motion_count_40": true,
    "seed_group_count_at_least_3": true,
    "seed_group_count_at_least_5": true,
    "summary_status_ok": true,
    "uses_full_public_motion_bundle": true,
    "uses_official_importer_export_usd": true,
    "uses_scaled_ppo_chain": true
  },
  "claim_level": "local_virtual_official_importer_export_scaled_ppo_task_conditioned_guidance_multiseed_assets",
  "interpretation": {
    "claim_level": "local_virtual_official_importer_export_scaled_ppo_task_conditioned_guidance_multiseed_assets",
    "goal_complete": false,
    "why_not_paper_level": "The source rollouts use local scaled PPO/VAE/denoiser checkpoints and proxy task costs. They are useful report/PPT evidence but not official BeyondMimic Fig. 5/Fig. 6 metrics, TensorRT deployment, or real-robot validation."
  },
  "row_count": 20,
  "seed_group_count": 5,
  "source_summary": "/mnt/infini-data/test/BeyondMimic/res/level_c/official_importer_export_scaled_ppo_task_conditioned_latent_guidance_multiseed_eval/official_importer_export_scaled_ppo_task_conditioned_latent_guidance_multiseed_eval.json",
  "status": "ok_official_importer_export_scaled_ppo_task_conditioned_guidance_multiseed_assets",
  "task_count": 4,
  "timestamp_utc": "2026-06-21T06:51:09.072891+00:00"
}
