variant	reward_mean	target_body_error_mean	done_count_total	teacher_vae_action_mse_mean	denoised_teacher_action_mse_mean	guided_teacher_action_mse_mean	guided_base_action_mse_mean	guidance_cost_delta_mean
denoised_latent	0.02298855314647972	0.3444274961948395	299	0.00018861466296919292	0.00023372934189308544	0.00023372875221200554	4.0305219709978056e-05	6.483495235443115e-05
receding_latent_guided	0.024092267423145547	0.3444601595401764	299	0.0001869517569460347	0.00023569174178392801	0.00023569119403085806	4.467773281337782e-05	6.385486460848397e-05
teacher	0.02480455629611668	0.3453493118286133	299	0.000194270316946782	0.0002419575989353634	0.00024195705090244892	4.5748393084442224e-05	6.539808168857791e-05
vae_base	0.023757337861971612	0.34505495429039	299	0.00018477308207439153	0.000236694950771103	0.00023669439184858642	4.986780635272872e-05	6.344488332901511e-05
