variant	reward_mean	target_body_error_mean	done_count_total	teacher_vae_action_mse_mean	denoised_teacher_action_mse_mean	guided_teacher_action_mse_mean	guided_base_action_mse_mean	guidance_cost_delta_mean
denoised_latent	0.023420911268284387	0.345397412776947	299	0.00018152976763394994	0.0002277264800576811	0.00022772588558274285	4.5004194303709235e-05	6.723497374400646e-05
receding_latent_guided	0.02411690720802416	0.3454531729221344	299	0.0001820280918508673	0.00023281155586042939	0.00023281094852481023	4.8343544932074495e-05	6.75147692096672e-05
teacher	0.025354250720437354	0.34571439027786255	299	0.00017924621260740926	0.00023430142800405818	0.00023430081267461933	5.1466262677124394e-05	6.560557662045278e-05
vae_base	0.023562635952314007	0.3460339605808258	299	0.0001917185971093283	0.0002448305197056799	0.0002448299517308013	4.87735397488234e-05	6.734755475784225e-05
