variant	reward_mean	target_body_error_mean	done_count_total	teacher_vae_action_mse_mean	denoised_teacher_action_mse_mean	guided_teacher_action_mse_mean	guided_base_action_mse_mean	guidance_cost_delta_mean
denoised_latent	0.02259720395627528	0.3436722755432129	299	4.969299135401255e-05	4.991693804581503e-05	4.9916939577355434e-05	8.605782382732802e-08	0.00012299951701658625
receding_latent_guided	0.024728728436481794	0.3448648750782013	299	4.718165430715825e-05	4.7354356896398544e-05	4.735435593519344e-05	6.69370922020302e-08	0.00012286637838070208
teacher	0.023574774264105685	0.3439026176929474	299	4.903953142433159e-05	4.928849095577305e-05	4.9288490739806084e-05	8.523392554736734e-08	0.00012276097384583592
vae_base	0.023571809746767317	0.34388095140457153	299	4.9067379770355445e-05	4.9268547499679494e-05	4.926854879243952e-05	7.926511102186194e-08	0.0001222047718073612
