gpu_index,samples,mean_utilization_gpu_percent,peak_memory_used_gib,mean_power_draw_w
4,14,14.0,4.1845703125,117.47285714285715
7,14,0.07142857142857142,0.3857421875,106.88214285714285
