{
  "action_dim": 29,
  "action_terms": [
    "joint_pos"
  ],
  "command_metrics_final": {
    "error_anchor_ang_vel": 0.9693036079406738,
    "error_anchor_lin_vel": 0.528943657875061,
    "error_anchor_pos": 0.012624370865523815,
    "error_anchor_rot": 0.12860582768917084,
    "error_body_ang_vel": 1.301775574684143,
    "error_body_lin_vel": 0.5170589089393616,
    "error_body_pos": 0.18969421088695526,
    "error_body_rot": 1.2396588325500488,
    "error_joint_pos": 1.1824947595596313,
    "error_joint_vel": 0.0,
    "sampling_entropy": 0.9951463341712952,
    "sampling_top1_bin": 0.8333333730697632,
    "sampling_top1_prob": 0.19803591072559357
  },
  "command_metrics_timeseries": {
    "error_anchor_ang_vel": {
      "count": 299,
      "max": 8.624425888061523,
      "mean": 1.8896326610077185,
      "min": 0.09013901650905609
    },
    "error_anchor_lin_vel": {
      "count": 299,
      "max": 2.3016436100006104,
      "mean": 0.854293648190921,
      "min": 0.12065035849809647
    },
    "error_anchor_pos": {
      "count": 299,
      "max": 0.2591002583503723,
      "mean": 0.07566442062850905,
      "min": 0.002887168200686574
    },
    "error_anchor_rot": {
      "count": 299,
      "max": 1.0596314668655396,
      "mean": 0.36142444186984096,
      "min": 0.07298436760902405
    },
    "error_body_ang_vel": {
      "count": 299,
      "max": 11.853548049926758,
      "mean": 3.7222996150769516,
      "min": 0.15053221583366394
    },
    "error_body_lin_vel": {
      "count": 299,
      "max": 2.004467487335205,
      "mean": 0.9781461955611921,
      "min": 0.2410825788974762
    },
    "error_body_pos": {
      "count": 299,
      "max": 3.0921523571014404,
      "mean": 0.3597010916042886,
      "min": 0.0791618674993515
    },
    "error_body_rot": {
      "count": 299,
      "max": 2.0088820457458496,
      "mean": 0.9438989511301685,
      "min": 0.42779284715652466
    },
    "error_joint_pos": {
      "count": 299,
      "max": 3.444444417953491,
      "mean": 1.41414468593422,
      "min": 0.2897867262363434
    },
    "error_joint_vel": {
      "count": 299,
      "max": 51.6678581237793,
      "mean": 13.14110580654846,
      "min": 0.0
    },
    "sampling_entropy": {
      "count": 299,
      "max": 0.9999999403953552,
      "mean": 0.995974797468919,
      "min": 0.9936111569404602
    },
    "sampling_top1_bin": {
      "count": 299,
      "max": 0.8333333730697632,
      "mean": 0.8305463049324061,
      "min": 0.0
    },
    "sampling_top1_prob": {
      "count": 299,
      "max": 0.22223499417304993,
      "mean": 0.20320190245092512,
      "min": 0.1666666567325592
    }
  },
  "command_terms": [
    "motion"
  ],
  "critic_observation_dim": 286,
  "device": "cuda:4",
  "done_total": 64,
  "event_modes": [
    "startup",
    "interval"
  ],
  "motion_file": "/mnt/infini-data/test/BeyondMimic/res/tracking/official_csv_loop_full_bundle_fk_repaired_robot_order_motion_npz/motions/run2_subject4/motion.npz",
  "num_envs": 1,
  "observation_shapes": {
    "critic": [
      1,
      286
    ],
    "policy": [
      1,
      160
    ]
  },
  "official_csv_to_npz_unpatched_output": false,
  "paper_level_rollout": false,
  "policy_observation_dim": 160,
  "ppo_training": false,
  "real_robot": false,
  "reward": {
    "count": 299,
    "max": 0.05824420601129532,
    "mean": 0.02509056737593509,
    "min": -0.07402519881725311
  },
  "reward_terms": [
    "motion_global_anchor_pos",
    "motion_global_anchor_ori",
    "motion_body_pos",
    "motion_body_ori",
    "motion_body_lin_vel",
    "motion_body_ang_vel",
    "action_rate_l2",
    "joint_limit",
    "undesired_contacts"
  ],
  "robot_num_bodies": 40,
  "robot_num_joints": 29,
  "status": "ok",
  "step_count": 299,
  "task": "Tracking-Flat-G1-v0",
  "terminated_total": 50,
  "termination_terms": [
    "time_out",
    "anchor_pos",
    "anchor_ori",
    "ee_body_pos"
  ],
  "truncated_total": 14,
  "usd_path": "/mnt/infini-data/test/BeyondMimic/res/tracking/g1_urdf_in_memory_gpu4_probe/g1_official_importer_in_memory_gpu4_export.usda",
  "uses_fk_repaired_motion_npz": true,
  "uses_fk_repaired_robot_order_motion_npz": true,
  "uses_official_importer_export_usd": true,
  "uses_resource_adjusted_usd": false
}