variant	reward_mean	target_body_error_mean	done_count_total	teacher_vae_action_mse_mean	denoised_teacher_action_mse_mean	guided_teacher_action_mse_mean	guided_base_action_mse_mean	guidance_cost_delta_mean
denoised_latent	0.026257064828904577	0.07970701903104782	25	0.003417030754325877	0.009607738084829471	0.009607657942030093	0.006073909396629619	1.0418154324177516e-05
receding_latent_guided	0.025382845945980236	0.0796610563993454	25	0.0034960041832596215	0.009510970096661395	0.009510889777876312	0.006040737391480659	1.1682211356019496e-05
teacher	0.028014238051646528	0.08055688440799713	26	0.003544488447729224	0.009730633266463277	0.009730556862970759	0.0061165151609899005	1.1070217177222006e-05
vae_base	0.026493933989376727	0.0804990902543068	25	0.003178413447602356	0.00904399194376213	0.009043904462514638	0.005946935058717793	9.92835963450148e-06
