metric,mean,std,min,max,count,claim_level
reward_mean,0.025978426701298924,0.00010146760409522878,0.02586306179920367,0.026110012579497487,3,local_virtual_multiseed_tracking_eval
error_anchor_pos_mean,0.1062467980178835,0.00012882849354926243,0.10610904900924019,0.10641893955028575,3,local_virtual_multiseed_tracking_eval
error_body_pos_mean,0.18423418407697012,0.000271408645496586,0.18394730828802122,0.1845984628430278,3,local_virtual_multiseed_tracking_eval
error_joint_pos_mean,1.2231450603159773,0.0027425904840304373,1.2193982648012232,1.2258867013414567,3,local_virtual_multiseed_tracking_eval
done_count_total,13145.0,9.899494936611665,13134.0,13158.0,3,local_virtual_multiseed_tracking_eval
timeout_count_total,0.0,0.0,0.0,0.0,3,local_virtual_multiseed_tracking_eval
