seed,gpu_index,samples,mean_utilization_gpu_percent,peak_memory_used_gib,mean_power_draw_w
20260640,4,126,94.08730158730158,6.232421875,171.19404761904764
20260641,7,126,95.25396825396825,6.232421875,163.7765079365079
20260642,4,126,94.65873015873017,6.232421875,168.9734126984127
