gpu_index,samples,mean_utilization_gpu_percent,peak_memory_used_gib,mean_power_draw_w
4,127,93.20472440944881,6.232421875,167.7693700787401
7,127,0.015748031496062992,0.38671875,114.75858267716534
