{
  "action_dim": 29,
  "action_terms": [
    "joint_pos"
  ],
  "command_metrics_final": {
    "error_anchor_ang_vel": 2.1981539726257324,
    "error_anchor_lin_vel": 1.8927661180496216,
    "error_anchor_pos": 0.19229547679424286,
    "error_anchor_rot": 0.21159227192401886,
    "error_body_ang_vel": 4.185538291931152,
    "error_body_lin_vel": 1.9596383571624756,
    "error_body_pos": 0.18945175409317017,
    "error_body_rot": 0.8384159207344055,
    "error_joint_pos": 3.040990114212036,
    "error_joint_vel": 16.261476516723633,
    "sampling_entropy": 0.9992819428443909,
    "sampling_top1_bin": 0.8333333730697632,
    "sampling_top1_prob": 0.18060216307640076
  },
  "command_metrics_timeseries": {
    "error_anchor_ang_vel": {
      "count": 299,
      "max": 8.131908416748047,
      "mean": 1.9257160989337143,
      "min": 0.08622071146965027
    },
    "error_anchor_lin_vel": {
      "count": 299,
      "max": 2.4482898712158203,
      "mean": 1.126804884809714,
      "min": 0.09010332077741623
    },
    "error_anchor_pos": {
      "count": 299,
      "max": 0.27006208896636963,
      "mean": 0.09370541141483696,
      "min": 0.005728204734623432
    },
    "error_anchor_rot": {
      "count": 299,
      "max": 0.7962656617164612,
      "mean": 0.2097544851884196,
      "min": 0.0358419232070446
    },
    "error_body_ang_vel": {
      "count": 299,
      "max": 21.64242172241211,
      "mean": 6.8714796287758295,
      "min": 0.3703717589378357
    },
    "error_body_lin_vel": {
      "count": 299,
      "max": 2.4165706634521484,
      "mean": 1.2034758655323232,
      "min": 0.16053743660449982
    },
    "error_body_pos": {
      "count": 299,
      "max": 1.6337974071502686,
      "mean": 0.14828451939571935,
      "min": 0.0030709749553352594
    },
    "error_body_rot": {
      "count": 299,
      "max": 1.6113265752792358,
      "mean": 0.46542794663571196,
      "min": 0.13391833007335663
    },
    "error_joint_pos": {
      "count": 299,
      "max": 3.3020591735839844,
      "mean": 1.6405561976010186,
      "min": 0.2540895342826843
    },
    "error_joint_vel": {
      "count": 299,
      "max": 102.81076049804688,
      "mean": 32.872632808111184,
      "min": 0.0
    },
    "sampling_entropy": {
      "count": 299,
      "max": 0.9999999403953552,
      "mean": 0.999414529090741,
      "min": 0.9990028142929077
    },
    "sampling_top1_bin": {
      "count": 299,
      "max": 0.8333333730697632,
      "mean": 0.7558528755022131,
      "min": 0.0
    },
    "sampling_top1_prob": {
      "count": 299,
      "max": 0.18673467636108398,
      "mean": 0.17864546154853095,
      "min": 0.1666666567325592
    }
  },
  "command_terms": [
    "motion"
  ],
  "critic_observation_dim": 286,
  "device": "cuda:4",
  "done_total": 33,
  "event_modes": [
    "startup",
    "interval"
  ],
  "motion_file": "/mnt/infini-data/test/BeyondMimic/res/tracking/official_csv_to_npz_loop_full_dataset_with_enriched_usd/motions/walk3_subject5/walk3_subject5_official_loop_enriched_usd_motion.npz",
  "num_envs": 1,
  "observation_shapes": {
    "critic": [
      1,
      286
    ],
    "policy": [
      1,
      160
    ]
  },
  "official_csv_loop_npz_input": true,
  "official_csv_to_npz_unpatched_output": false,
  "paper_level_rollout": false,
  "policy_observation_dim": 160,
  "ppo_training": false,
  "real_robot": false,
  "reward": {
    "count": 299,
    "max": 0.05150586739182472,
    "mean": 0.01713056002671902,
    "min": -0.030039822682738304
  },
  "reward_terms": [
    "motion_global_anchor_pos",
    "motion_global_anchor_ori",
    "motion_body_pos",
    "motion_body_ori",
    "motion_body_lin_vel",
    "motion_body_ang_vel",
    "action_rate_l2",
    "joint_limit",
    "undesired_contacts"
  ],
  "robot_num_bodies": 40,
  "robot_num_joints": 29,
  "status": "ok",
  "step_count": 299,
  "task": "Tracking-Flat-G1-v0",
  "terminated_total": 19,
  "termination_terms": [
    "time_out",
    "anchor_pos",
    "anchor_ori",
    "ee_body_pos"
  ],
  "truncated_total": 14,
  "usd_path": "/mnt/infini-data/test/BeyondMimic/res/tracking/g1_resource_adjusted_enriched_usd/g1_resource_adjusted_29dof_enriched_scaffold.usda",
  "uses_resource_adjusted_usd": true
}