metric,mean,std,min,max,count,claim_level
reward_mean,0.020480790998840676,0.0004249192220635496,0.019892806598424514,0.020882208878330165,3,local_virtual_robot_order_fk_multiseed_tracking_eval
done_count_total,109325.66666666667,1080.1346623865418,107945.0,110582.0,3,local_virtual_robot_order_fk_multiseed_tracking_eval
done_rate,0.1785340240036232,0.001763911381666986,0.17627932953595318,0.1805856762123746,3,local_virtual_robot_order_fk_multiseed_tracking_eval
error_anchor_pos_mean,0.07762057815108413,0.0001257740345257528,0.07744572013865746,0.07773624132558654,3,local_virtual_robot_order_fk_multiseed_tracking_eval
error_body_pos_mean,0.3597400628005382,0.002825779875965784,0.35689642437325675,0.3635935148467188,3,local_virtual_robot_order_fk_multiseed_tracking_eval
error_joint_pos_mean,1.5772204704773731,0.0036281767104827073,1.5745798795916963,1.582350747441767,3,local_virtual_robot_order_fk_multiseed_tracking_eval
error_body_lin_vel_mean,0.8561325044004681,0.0013707157730756228,0.8542597140356848,0.8575022409990879,3,local_virtual_robot_order_fk_multiseed_tracking_eval
error_body_ang_vel_mean,3.3987033594412153,0.015881594317647026,3.3850278527441633,3.420970725375274,3,local_virtual_robot_order_fk_multiseed_tracking_eval
timeout_count_total,0.0,0.0,0.0,0.0,3,local_virtual_robot_order_fk_multiseed_tracking_eval
