seed,gpu_index_mode,samples,mean_utilization_gpu_percent,peak_memory_used_gib,mean_power_draw_w
20260730,4,22,9.045454545454545,4.1806640625,111.75272727272728
20260731,4,24,8.625,4.1884765625,117.09125000000002
20260732,4,24,11.0,4.1923828125,116.41208333333333
