variant	reward_mean	target_body_error_mean	done_count_total	teacher_vae_action_mse_mean	denoised_teacher_action_mse_mean	guided_teacher_action_mse_mean	guided_base_action_mse_mean	guidance_cost_delta_mean
denoised_latent	0.024860309748396425	0.0810595378279686	25	0.003847229422574682	0.010723343323044055	0.010723232761193628	0.006936951896275415	1.6583048779031504e-05
receding_latent_guided	0.02411616119528096	0.07934493571519852	25	0.005665527277837903	0.01296552811845838	0.012965437977957885	0.006924167798713697	1.612285706510512e-05
teacher	0.024694032222655506	0.081900954246521	26	0.003629880008754168	0.011181532626467006	0.01118144386971251	0.0074158233121647986	1.7335981030926656e-05
vae_base	0.025314043637327727	0.07834199070930481	25	0.004160065643285342	0.01128692568021275	0.011286824451055515	0.007280307210651678	1.765234414550373e-05
