variant	reward_mean	target_body_error_mean	done_count_total	teacher_vae_action_mse_mean	denoised_teacher_action_mse_mean	guided_teacher_action_mse_mean	guided_base_action_mse_mean	guidance_cost_delta_mean
denoised_latent	0.022490468024148492	0.3439426124095917	299	5.3569789872996126e-05	5.387295783768185e-05	5.38729596445041e-05	9.516650056921533e-08	3.7001663924858325e-06
receding_latent_guided	0.02270910043088738	0.3449022173881531	299	5.3892706757725564e-05	5.4219452761155306e-05	5.421945112163141e-05	7.832033483295548e-08	3.750893882285791e-06
teacher	0.02404196126959645	0.34473320841789246	299	5.6433766076224856e-05	5.666502096403482e-05	5.666502284385999e-05	7.743242623458154e-08	3.69180006327039e-06
vae_base	0.024244482875069646	0.3442157804965973	299	5.354804604172253e-05	5.38225570465916e-05	5.3822559883059186e-05	8.031726497928094e-08	3.6215366029420425e-06
