split	motion_names	window_count	token_count	trained_checkpoint_mse	initial_model_mse	noisy_identity_mse	trained_vs_initial_delta	trained_vs_noisy_delta
train	walk1_subject1_frames_1_180_state_fixture	28	588	1.4378801584243774	1.438082218170166	0.06486856192350388	0.00020205974578857422	-1.3730115965008736
validation	run2_subject1_frames_1_180_state_fixture	28	588	1.4262079000473022	1.4264111518859863	0.06678884476423264	0.00020325183868408203	-1.3594190552830696
test	jumps1_subject1_frames_1_180_state_fixture	28	588	1.4602681398391724	1.4604772329330444	0.06540505588054657	0.0002090930938720703	-1.3948630839586258
