variant	reward_mean	target_body_error_mean	done_count_total	teacher_vae_action_mse_mean	denoised_teacher_action_mse_mean	guided_teacher_action_mse_mean	guided_base_action_mse_mean	guidance_cost_delta_mean
denoised_latent	0.02432541552320571	0.08274330943822861	27	0.0056121050694374905	0.013112785668426932	0.013112673970456406	0.007385216746790752	5.746754914223151e-05
receding_latent_guided	0.021387746856613304	0.08186342567205429	25	0.004585998754517758	0.011648882512177612	0.011648775878078912	0.006998499689536499	5.694765311021071e-05
teacher	0.025166001158414476	0.07649481296539307	26	0.004273859188303252	0.011708820985480645	0.011708725089624674	0.00728858435872232	5.632908049235774e-05
vae_base	0.02579196050675916	0.08083811402320862	26	0.003959009152427113	0.011360428661238839	0.011360330918311673	0.0074397915854339915	5.409580010634202e-05
