variant	reward_mean	target_body_error_mean	done_count_total	teacher_vae_action_mse_mean	denoised_teacher_action_mse_mean	guided_teacher_action_mse_mean	guided_base_action_mse_mean	guidance_cost_delta_mean
denoised_latent	0.024922725255523238	0.3453620672225952	299	0.0001921323740417426	0.000242964164876608	0.00024296359456563602	4.714175556041847e-05	6.405323943166829e-05
receding_latent_guided	0.025025928456859546	0.34484872221946716	299	0.0001953482788669749	0.00025404433600186374	0.000254043653886921	5.393771228461163e-05	6.424396432761764e-05
teacher	0.02568674239993444	0.3440779745578766	299	0.00018933889546178913	0.0002414033041103201	0.0002414027354175795	4.954921874666654e-05	6.504826571630395e-05
vae_base	0.02451449220869254	0.3431740999221802	299	0.00019889530006406383	0.00025105270237401424	0.0002510522156027161	4.8471796856062876e-05	6.727924115681728e-05
