{
  "duration_seconds": 40.047,
  "log": "/mnt/infini-data/test/BeyondMimic/logs/tracking_g1_official_importer_export_fk_repaired_robot_order_split_task_eval/dance1_subject1_task_eval.log",
  "markers": {
    "after_app": true,
    "before_app": true,
    "env_created": true,
    "env_reset": true,
    "exception": false,
    "metrics_file": true,
    "stall_timeout": false,
    "step_bound_reached": true,
    "success": true,
    "traceback": false,
    "vulkan_device_lost": false
  },
  "metrics": {
    "action_dim": 29,
    "action_terms": [
      "joint_pos"
    ],
    "command_metrics_final": {
      "error_anchor_ang_vel": 1.9298839569091797,
      "error_anchor_lin_vel": 1.7839480638504028,
      "error_anchor_pos": 0.1529013216495514,
      "error_anchor_rot": 0.7348051071166992,
      "error_body_ang_vel": 3.8158011436462402,
      "error_body_lin_vel": 1.5010082721710205,
      "error_body_pos": 0.20777025818824768,
      "error_body_rot": 0.9583548307418823,
      "error_joint_pos": 2.130680561065674,
      "error_joint_vel": 18.59145164489746,
      "sampling_entropy": 0.9971694350242615,
      "sampling_top1_bin": 0.0,
      "sampling_top1_prob": 0.19326359033584595
    },
    "command_metrics_timeseries": {
      "error_anchor_ang_vel": {
        "count": 299,
        "max": 9.27822494506836,
        "mean": 1.9722437326326019,
        "min": 0.2244633138179779
      },
      "error_anchor_lin_vel": {
        "count": 299,
        "max": 1.8937697410583496,
        "mean": 0.7655006276823605,
        "min": 0.11604416370391846
      },
      "error_anchor_pos": {
        "count": 299,
        "max": 0.23017026484012604,
        "mean": 0.06306687024979538,
        "min": 0.005826789885759354
      },
      "error_anchor_rot": {
        "count": 299,
        "max": 1.0052591562271118,
        "mean": 0.5635152994888682,
        "min": 0.23565839231014252
      },
      "error_body_ang_vel": {
        "count": 299,
        "max": 9.032008171081543,
        "mean": 3.469764576010082,
        "min": 0.27535849809646606
      },
      "error_body_lin_vel": {
        "count": 299,
        "max": 1.690133810043335,
        "mean": 0.7666923758576945,
        "min": 0.18643684685230255
      },
      "error_body_pos": {
        "count": 299,
        "max": 0.7929967641830444,
        "mean": 0.17374539293074687,
        "min": 0.10301545262336731
      },
      "error_body_rot": {
        "count": 299,
        "max": 1.4695292711257935,
        "mean": 1.0807615087981208,
        "min": 0.7354532480239868
      },
      "error_joint_pos": {
        "count": 299,
        "max": 4.465444564819336,
        "mean": 1.360630019253313,
        "min": 0.3754607141017914
      },
      "error_joint_vel": {
        "count": 299,
        "max": 54.93858337402344,
        "mean": 16.941713510149697,
        "min": 0.0
      },
      "sampling_entropy": {
        "count": 299,
        "max": 0.9999999403953552,
        "mean": 0.9983583766481151,
        "min": 0.9962483644485474
      },
      "sampling_top1_bin": {
        "count": 299,
        "max": 0.5,
        "mean": 0.18952062456902852,
        "min": 0.0
      },
      "sampling_top1_prob": {
        "count": 299,
        "max": 0.1953776329755783,
        "mean": 0.1854730908288605,
        "min": 0.1666666567325592
      }
    },
    "command_terms": [
      "motion"
    ],
    "critic_observation_dim": 286,
    "device": "cuda:4",
    "done_total": 35,
    "event_modes": [
      "startup",
      "interval"
    ],
    "motion_file": "/mnt/infini-data/test/BeyondMimic/res/tracking/official_csv_loop_full_bundle_fk_repaired_robot_order_motion_npz/motions/dance1_subject1/motion.npz",
    "num_envs": 1,
    "observation_shapes": {
      "critic": [
        1,
        286
      ],
      "policy": [
        1,
        160
      ]
    },
    "official_csv_to_npz_unpatched_output": false,
    "paper_level_rollout": false,
    "policy_observation_dim": 160,
    "ppo_training": false,
    "real_robot": false,
    "reward": {
      "count": 299,
      "max": 0.05288541316986084,
      "mean": 0.02136456004474748,
      "min": -0.05257139354944229
    },
    "reward_terms": [
      "motion_global_anchor_pos",
      "motion_global_anchor_ori",
      "motion_body_pos",
      "motion_body_ori",
      "motion_body_lin_vel",
      "motion_body_ang_vel",
      "action_rate_l2",
      "joint_limit",
      "undesired_contacts"
    ],
    "robot_num_bodies": 40,
    "robot_num_joints": 29,
    "status": "ok",
    "step_count": 299,
    "task": "Tracking-Flat-G1-v0",
    "terminated_total": 26,
    "termination_terms": [
      "time_out",
      "anchor_pos",
      "anchor_ori",
      "ee_body_pos"
    ],
    "truncated_total": 9,
    "usd_path": "/mnt/infini-data/test/BeyondMimic/res/tracking/g1_urdf_in_memory_gpu4_probe/g1_official_importer_in_memory_gpu4_export.usda",
    "uses_fk_repaired_motion_npz": true,
    "uses_fk_repaired_robot_order_motion_npz": true,
    "uses_official_importer_export_usd": true,
    "uses_resource_adjusted_usd": false
  },
  "metrics_json": "/mnt/infini-data/test/BeyondMimic/res/tracking/g1_official_importer_export_fk_repaired_robot_order_split_task_eval/motions/dance1_subject1/dance1_subject1_task_eval_metrics.json",
  "motion": "dance1_subject1",
  "returncode": 0,
  "stalled": false,
  "status": "ok"
}