{
  "duration_seconds": 100.101,
  "log": "/mnt/infini-data/test/BeyondMimic/logs/tracking_g1_official_csv_loop_full_dataset_task_eval/fight1_subject3_task_eval.log",
  "markers": {
    "after_app": true,
    "before_app": true,
    "env_created": true,
    "env_reset": true,
    "exception": false,
    "metrics_file": true,
    "stall_timeout": false,
    "step_bound_reached": true,
    "success": true,
    "traceback": false,
    "vulkan_device_lost": false
  },
  "metrics": {
    "action_dim": 29,
    "action_terms": [
      "joint_pos"
    ],
    "command_metrics_final": {
      "error_anchor_ang_vel": 1.2371360063552856,
      "error_anchor_lin_vel": 1.9128129482269287,
      "error_anchor_pos": 0.17920047044754028,
      "error_anchor_rot": 0.09919717907905579,
      "error_body_ang_vel": 7.664492130279541,
      "error_body_lin_vel": 1.9358839988708496,
      "error_body_pos": 0.17547069489955902,
      "error_body_rot": 0.27399516105651855,
      "error_joint_pos": 2.046177864074707,
      "error_joint_vel": 47.55405044555664,
      "sampling_entropy": 0.9986069202423096,
      "sampling_top1_bin": 0.5,
      "sampling_top1_prob": 0.18319088220596313
    },
    "command_metrics_timeseries": {
      "error_anchor_ang_vel": {
        "count": 299,
        "max": 12.925841331481934,
        "mean": 2.3777696537632607,
        "min": 0.17347334325313568
      },
      "error_anchor_lin_vel": {
        "count": 299,
        "max": 2.9915406703948975,
        "mean": 1.1397667469886632,
        "min": 0.0921832025051117
      },
      "error_anchor_pos": {
        "count": 299,
        "max": 0.3003610372543335,
        "mean": 0.10074515509291437,
        "min": 0.00916608702391386
      },
      "error_anchor_rot": {
        "count": 299,
        "max": 0.9148688912391663,
        "mean": 0.24009314028664577,
        "min": 0.025767328217625618
      },
      "error_body_ang_vel": {
        "count": 299,
        "max": 23.792118072509766,
        "mean": 7.299342610863937,
        "min": 0.2980121076107025
      },
      "error_body_lin_vel": {
        "count": 299,
        "max": 2.7991344928741455,
        "mean": 1.1915580402548895,
        "min": 0.193891704082489
      },
      "error_body_pos": {
        "count": 299,
        "max": 1.1291227340698242,
        "mean": 0.11788163850563625,
        "min": 0.0034600566141307354
      },
      "error_body_rot": {
        "count": 299,
        "max": 1.8726698160171509,
        "mean": 0.4276040779009312,
        "min": 0.13981033861637115
      },
      "error_joint_pos": {
        "count": 299,
        "max": 3.4861888885498047,
        "mean": 1.5007300248313509,
        "min": 0.26803383231163025
      },
      "error_joint_vel": {
        "count": 299,
        "max": 90.70378875732422,
        "mean": 34.22935711021806,
        "min": 0.0
      },
      "sampling_entropy": {
        "count": 299,
        "max": 0.9999999403953552,
        "mean": 0.999029459961282,
        "min": 0.9977490305900574
      },
      "sampling_top1_bin": {
        "count": 299,
        "max": 0.8333333730697632,
        "mean": 0.5546265449312618,
        "min": 0.0
      },
      "sampling_top1_prob": {
        "count": 299,
        "max": 0.18699108064174652,
        "mean": 0.17812130826970804,
        "min": 0.1666666567325592
      }
    },
    "command_terms": [
      "motion"
    ],
    "critic_observation_dim": 286,
    "device": "cuda:4",
    "done_total": 33,
    "event_modes": [
      "startup",
      "interval"
    ],
    "motion_file": "/mnt/infini-data/test/BeyondMimic/res/tracking/official_csv_to_npz_loop_full_dataset_with_enriched_usd/motions/fight1_subject3/fight1_subject3_official_loop_enriched_usd_motion.npz",
    "num_envs": 1,
    "observation_shapes": {
      "critic": [
        1,
        286
      ],
      "policy": [
        1,
        160
      ]
    },
    "official_csv_loop_npz_input": true,
    "official_csv_to_npz_unpatched_output": false,
    "paper_level_rollout": false,
    "policy_observation_dim": 160,
    "ppo_training": false,
    "real_robot": false,
    "reward": {
      "count": 299,
      "max": 0.05069964751601219,
      "mean": 0.015149429362628572,
      "min": -0.070625901222229
    },
    "reward_terms": [
      "motion_global_anchor_pos",
      "motion_global_anchor_ori",
      "motion_body_pos",
      "motion_body_ori",
      "motion_body_lin_vel",
      "motion_body_ang_vel",
      "action_rate_l2",
      "joint_limit",
      "undesired_contacts"
    ],
    "robot_num_bodies": 40,
    "robot_num_joints": 29,
    "status": "ok",
    "step_count": 299,
    "task": "Tracking-Flat-G1-v0",
    "terminated_total": 18,
    "termination_terms": [
      "time_out",
      "anchor_pos",
      "anchor_ori",
      "ee_body_pos"
    ],
    "truncated_total": 15,
    "usd_path": "/mnt/infini-data/test/BeyondMimic/res/tracking/g1_resource_adjusted_enriched_usd/g1_resource_adjusted_29dof_enriched_scaffold.usda",
    "uses_resource_adjusted_usd": true
  },
  "metrics_json": "/mnt/infini-data/test/BeyondMimic/res/tracking/g1_official_csv_loop_full_dataset_task_eval/motions/fight1_subject3/fight1_subject3_task_eval_metrics.json",
  "motion": "fight1_subject3",
  "returncode": 0,
  "stalled": false,
  "status": "ok"
}