{
  "action_abs_max_over_steps": {
    "count": 299,
    "first": 0.3685101568698883,
    "last": 0.4928821623325348,
    "max": 0.7033810615539551,
    "mean": 0.4242744484673376,
    "min": 0.2817505896091461
  },
  "action_abs_mean_over_steps": {
    "count": 299,
    "first": 0.03213432431221008,
    "last": 0.03266929090023041,
    "max": 0.03278737515211105,
    "mean": 0.03230671620737749,
    "min": 0.03179860860109329
  },
  "checkpoint": "/mnt/infini-data/test/BeyondMimic/res/runs/tracking_g1_official_importer_export_full_bundle_scaled_ppo_training/resource_adjusted_ppo_20260620_183959_seed20260696/rank_0/model_999.pt",
  "critic_obs_shape": [
    2048,
    286
  ],
  "cuda_visible_devices": "4,7",
  "device": "cuda:0",
  "done_count_total": 611412,
  "episode_log_metrics": {
    "Episode_Reward/action_rate_l2": {
      "count": 299,
      "first": -1.1949052350246347e-05,
      "last": -1.2133438758610282e-05,
      "max": -1.149030231317738e-05,
      "mean": -1.1946849204273e-05,
      "min": -1.2803424397134222e-05
    },
    "Episode_Reward/joint_limit": {
      "count": 299,
      "first": -0.0007664089207537472,
      "last": -0.0007599008386023343,
      "max": -0.0006967300432734191,
      "mean": -0.0007534554258555821,
      "min": -0.0008134208037517965
    },
    "Episode_Reward/motion_body_ang_vel": {
      "count": 299,
      "first": 0.0007381752366200089,
      "last": 0.0007701637223362923,
      "max": 0.0008053596247918904,
      "mean": 0.0007709737308011904,
      "min": 0.000737815978936851
    },
    "Episode_Reward/motion_body_lin_vel": {
      "count": 299,
      "first": 0.0012012685183435678,
      "last": 0.0012528429506346583,
      "max": 0.0012893225066363811,
      "mean": 0.001258829227776382,
      "min": 0.0012012685183435678
    },
    "Episode_Reward/motion_body_ori": {
      "count": 299,
      "first": 1.662071190366987e-05,
      "last": 1.2381329952404485e-06,
      "max": 1.662071190366987e-05,
      "mean": 1.2793744737417572e-06,
      "min": 9.12194195734628e-07
    },
    "Episode_Reward/motion_body_pos": {
      "count": 299,
      "first": 7.203694932064644e-17,
      "last": 0.00031056682928465307,
      "max": 0.00031421109451912344,
      "mean": 0.0003094290697364681,
      "min": 7.203694932064644e-17
    },
    "Episode_Reward/motion_global_anchor_ori": {
      "count": 299,
      "first": 0.00029747732332907617,
      "last": 0.0002992008812725544,
      "max": 0.0003148597606923431,
      "mean": 0.00029924853641016526,
      "min": 0.00028213512268848717
    },
    "Episode_Reward/motion_global_anchor_pos": {
      "count": 299,
      "first": 0.0009564480860717595,
      "last": 0.0009551355615258217,
      "max": 0.0009711920283734798,
      "mean": 0.000956403007255836,
      "min": 0.0009531082469038665
    },
    "Episode_Reward/undesired_contacts": {
      "count": 299,
      "first": -0.00047773440019227564,
      "last": -0.00047508563147857785,
      "max": -0.0004649388720281422,
      "mean": -0.00047657456105718244,
      "min": -0.0004884107620455325
    },
    "Episode_Termination/anchor_ori": {
      "count": 299,
      "first": 5.0,
      "last": 2.0,
      "max": 9.0,
      "mean": 3.648829431438127,
      "min": 0.0
    },
    "Episode_Termination/anchor_pos": {
      "count": 299,
      "first": 0.0,
      "last": 1.0,
      "max": 4.0,
      "mean": 0.7625418060200669,
      "min": 0.0
    },
    "Episode_Termination/ee_body_pos": {
      "count": 299,
      "first": 2048.0,
      "last": 2043.0,
      "max": 2048.0,
      "mean": 2044.85618729097,
      "min": 2036.0
    },
    "Episode_Termination/time_out": {
      "count": 299,
      "first": 0.0,
      "last": 0.0,
      "max": 0.0,
      "mean": 0.0,
      "min": 0.0
    },
    "Metrics/motion/error_anchor_ang_vel": {
      "count": 299,
      "first": 0.0,
      "last": 1.1813112497329712,
      "max": 1.2395005226135254,
      "mean": 1.1663923566556695,
      "min": 0.0
    },
    "Metrics/motion/error_anchor_lin_vel": {
      "count": 299,
      "first": 0.0,
      "last": 0.45419907569885254,
      "max": 0.4557730257511139,
      "mean": 0.44416173634720485,
      "min": 0.0
    },
    "Metrics/motion/error_anchor_pos": {
      "count": 299,
      "first": 0.0,
      "last": 0.05964075028896332,
      "max": 0.060238681733608246,
      "mean": 0.05936966365496052,
      "min": 0.0
    },
    "Metrics/motion/error_anchor_rot": {
      "count": 299,
      "first": 0.0,
      "last": 0.47696229815483093,
      "max": 0.4863593578338623,
      "mean": 0.4749530120238811,
      "min": 0.0
    },
    "Metrics/motion/error_body_ang_vel": {
      "count": 298,
      "first": 1.434982419013977,
      "last": 1.4665985107421875,
      "max": 1.535395860671997,
      "mean": 1.4500577101771464,
      "min": 1.368377685546875
    },
    "Metrics/motion/error_body_lin_vel": {
      "count": 298,
      "first": 0.5263709425926208,
      "last": 0.5369440317153931,
      "max": 0.5444484353065491,
      "mean": 0.5274417966404217,
      "min": 0.5138428807258606
    },
    "Metrics/motion/error_body_pos": {
      "count": 299,
      "first": 0.0,
      "last": 0.5556595921516418,
      "max": 43.2938232421875,
      "mean": 0.703010131284146,
      "min": 0.0
    },
    "Metrics/motion/error_body_rot": {
      "count": 299,
      "first": 0.0,
      "last": 1.3380252122879028,
      "max": 1.3608351945877075,
      "mean": 1.3288202265831939,
      "min": 0.0
    },
    "Metrics/motion/error_joint_pos": {
      "count": 299,
      "first": 0.0,
      "last": 0.9235755801200867,
      "max": 0.9403966069221497,
      "mean": 0.9137995625818055,
      "min": 0.0
    },
    "Metrics/motion/error_joint_vel": {
      "count": 299,
      "first": 0.0,
      "last": 0.0,
      "max": 0.05525250732898712,
      "mean": 0.0041694822581017695,
      "min": 0.0
    },
    "Metrics/motion/sampling_entropy": {
      "count": 299,
      "first": 1.0000001192092896,
      "last": 0.9929105043411255,
      "max": 1.0000001192092896,
      "mean": 0.9929823460786239,
      "min": 0.9911176562309265
    },
    "Metrics/motion/sampling_top1_bin": {
      "count": 299,
      "first": 0.0,
      "last": 0.2666666805744171,
      "max": 0.9541667103767395,
      "mean": 0.3633779473727363,
      "min": 0.0
    },
    "Metrics/motion/sampling_top1_prob": {
      "count": 299,
      "first": 0.004166666883975267,
      "last": 0.007535218261182308,
      "max": 0.008108316920697689,
      "mean": 0.0075140253727925465,
      "min": 0.004166666883975267
    }
  },
  "eval_steps": 299,
  "loaded_infos_type": "NoneType",
  "loaded_iteration": 999,
  "motion_metrics": {
    "error_anchor_ang_vel": {
      "count": 299,
      "first": 1.1579827070236206,
      "last": 1.1919972896575928,
      "max": 1.2466014623641968,
      "mean": 1.178517528600916,
      "min": 1.111773133277893
    },
    "error_anchor_lin_vel": {
      "count": 299,
      "first": 0.4451390504837036,
      "last": 0.4515966773033142,
      "max": 0.45858514308929443,
      "mean": 0.4470872621871157,
      "min": 0.43610528111457825
    },
    "error_anchor_pos": {
      "count": 299,
      "first": 0.059859126806259155,
      "last": 0.05953302979469299,
      "max": 0.06040520220994949,
      "mean": 0.059627355204079066,
      "min": 0.05915244668722153
    },
    "error_anchor_rot": {
      "count": 299,
      "first": 0.47662046551704407,
      "last": 0.47790658473968506,
      "max": 0.48770755529403687,
      "mean": 0.4775736577136062,
      "min": 0.46468403935432434
    },
    "error_body_ang_vel": {
      "count": 299,
      "first": 1.434982419013977,
      "last": 1.4306167364120483,
      "max": 1.5435645580291748,
      "mean": 1.4588539520633659,
      "min": 1.3767257928848267
    },
    "error_body_lin_vel": {
      "count": 299,
      "first": 0.5263709425926208,
      "last": 0.5259038209915161,
      "max": 0.545842170715332,