{
  "action_dim": 29,
  "action_terms": [
    "joint_pos"
  ],
  "command_metrics_final": {
    "error_anchor_ang_vel": 0.7323897480964661,
    "error_anchor_lin_vel": 1.306787133216858,
    "error_anchor_pos": 0.07069872319698334,
    "error_anchor_rot": 0.15112186968326569,
    "error_body_ang_vel": 8.712238311767578,
    "error_body_lin_vel": 1.371940016746521,
    "error_body_pos": 0.07097399979829788,
    "error_body_rot": 0.24018189311027527,
    "error_joint_pos": 1.3424352407455444,
    "error_joint_vel": 37.63905715942383,
    "sampling_entropy": 0.998110294342041,
    "sampling_top1_bin": 0.5,
    "sampling_top1_prob": 0.1898331344127655
  },
  "command_metrics_timeseries": {
    "error_anchor_ang_vel": {
      "count": 299,
      "max": 14.066287994384766,
      "mean": 2.287538656996046,
      "min": 0.0969039723277092
    },
    "error_anchor_lin_vel": {
      "count": 299,
      "max": 2.710855007171631,
      "mean": 1.1655717370003762,
      "min": 0.08427956700325012
    },
    "error_anchor_pos": {
      "count": 299,
      "max": 0.27070748805999756,
      "mean": 0.10238670876691972,
      "min": 0.016802875325083733
    },
    "error_anchor_rot": {
      "count": 299,
      "max": 0.8536150455474854,
      "mean": 0.21686011610745787,
      "min": 0.01632898487150669
    },
    "error_body_ang_vel": {
      "count": 299,
      "max": 29.56926918029785,
      "mean": 7.401702364850602,
      "min": 0.15651366114616394
    },
    "error_body_lin_vel": {
      "count": 299,
      "max": 2.3110084533691406,
      "mean": 1.1846496874971135,
      "min": 0.13086584210395813
    },
    "error_body_pos": {
      "count": 299,
      "max": 0.7923257350921631,
      "mean": 0.0869689121356477,
      "min": 0.0024146256037056446
    },
    "error_body_rot": {
      "count": 299,
      "max": 1.2354668378829956,
      "mean": 0.3412511613855394,
      "min": 0.1344059556722641
    },
    "error_joint_pos": {
      "count": 299,
      "max": 2.572563648223877,
      "mean": 1.3924551640067213,
      "min": 0.2528192698955536
    },
    "error_joint_vel": {
      "count": 299,
      "max": 93.73743438720703,
      "mean": 33.597748089793534,
      "min": 0.0
    },
    "sampling_entropy": {
      "count": 299,
      "max": 0.9999999403953552,
      "mean": 0.9984886891467116,
      "min": 0.9968534111976624
    },
    "sampling_top1_bin": {
      "count": 299,
      "max": 0.6666666865348816,
      "mean": 0.4559643287024769,
      "min": 0.0
    },
    "sampling_top1_prob": {
      "count": 299,
      "max": 0.19868730008602142,
      "mean": 0.18518663105557995,
      "min": 0.1666666567325592
    }
  },
  "command_terms": [
    "motion"
  ],
  "critic_observation_dim": 286,
  "device": "cuda:4",
  "done_total": 40,
  "event_modes": [
    "startup",
    "interval"
  ],
  "motion_file": "/mnt/infini-data/test/BeyondMimic/res/tracking/official_csv_to_npz_loop_full_dataset_with_enriched_usd/motions/walk4_subject1/walk4_subject1_official_loop_enriched_usd_motion.npz",
  "num_envs": 1,
  "observation_shapes": {
    "critic": [
      1,
      286
    ],
    "policy": [
      1,
      160
    ]
  },
  "official_csv_loop_npz_input": true,
  "official_csv_to_npz_unpatched_output": false,
  "paper_level_rollout": false,
  "policy_observation_dim": 160,
  "ppo_training": false,
  "real_robot": false,
  "reward": {
    "count": 299,
    "max": 0.05041581019759178,
    "mean": 0.02458763118509365,
    "min": -0.01990658976137638
  },
  "reward_terms": [
    "motion_global_anchor_pos",
    "motion_global_anchor_ori",
    "motion_body_pos",
    "motion_body_ori",
    "motion_body_lin_vel",
    "motion_body_ang_vel",
    "action_rate_l2",
    "joint_limit",
    "undesired_contacts"
  ],
  "robot_num_bodies": 40,
  "robot_num_joints": 29,
  "status": "ok",
  "step_count": 299,
  "task": "Tracking-Flat-G1-v0",
  "terminated_total": 23,
  "termination_terms": [
    "time_out",
    "anchor_pos",
    "anchor_ori",
    "ee_body_pos"
  ],
  "truncated_total": 17,
  "usd_path": "/mnt/infini-data/test/BeyondMimic/res/tracking/g1_resource_adjusted_enriched_usd/g1_resource_adjusted_29dof_enriched_scaffold.usda",
  "uses_resource_adjusted_usd": true
}