split	motion_names	window_count	baseline_loss	prediction_loss	loss_reduction_ratio
train	walk1_subject1_frames_1_180_state_fixture	28	0.06795054585133276	0.013992778144063207	0.7940740877243629
validation	run2_subject1_frames_1_180_state_fixture	28	0.06610149404036221	0.030197348642920434	0.5431669271426506
test	jumps1_subject1_frames_1_180_state_fixture	28	0.06511901426400574	0.03338779974210115	0.48728032634615426
