{
  "duration_seconds": 40.036,
  "log": "/mnt/infini-data/test/BeyondMimic/logs/tracking_g1_official_importer_export_fk_repaired_robot_order_split_task_eval/walk1_subject5_task_eval.log",
  "markers": {
    "after_app": true,
    "before_app": true,
    "env_created": true,
    "env_reset": true,
    "exception": false,
    "metrics_file": true,
    "stall_timeout": false,
    "step_bound_reached": true,
    "success": true,
    "traceback": false,
    "vulkan_device_lost": false
  },
  "metrics": {
    "action_dim": 29,
    "action_terms": [
      "joint_pos"
    ],
    "command_metrics_final": {
      "error_anchor_ang_vel": 1.5439785718917847,
      "error_anchor_lin_vel": 0.48615404963493347,
      "error_anchor_pos": 0.04487357288599014,
      "error_anchor_rot": 0.2392522543668747,
      "error_body_ang_vel": 2.12282133102417,
      "error_body_lin_vel": 0.6098520159721375,
      "error_body_pos": 0.37543028593063354,
      "error_body_rot": 2.645932912826538,
      "error_joint_pos": 0.7163097858428955,
      "error_joint_vel": 0.0,
      "sampling_entropy": 0.9953988790512085,
      "sampling_top1_bin": 0.6666666865348816,
      "sampling_top1_prob": 0.20370416343212128
    },
    "command_metrics_timeseries": {
      "error_anchor_ang_vel": {
        "count": 299,
        "max": 8.004579544067383,
        "mean": 2.4848703877582996,
        "min": 0.1679544895887375
      },
      "error_anchor_lin_vel": {
        "count": 299,
        "max": 2.2812743186950684,
        "mean": 0.922112435575911,
        "min": 0.04071639105677605
      },
      "error_anchor_pos": {
        "count": 299,
        "max": 0.2539246678352356,
        "mean": 0.08406573901245726,
        "min": 0.008986215107142925
      },
      "error_anchor_rot": {
        "count": 299,
        "max": 1.0231610536575317,
        "mean": 0.36326934090725155,
        "min": 0.03839197754859924
      },
      "error_body_ang_vel": {
        "count": 299,
        "max": 10.01284408569336,
        "mean": 4.218450803421812,
        "min": 0.29105323553085327
      },
      "error_body_lin_vel": {
        "count": 299,
        "max": 2.085958957672119,
        "mean": 0.9682517936297483,
        "min": 0.1891244351863861
      },
      "error_body_pos": {
        "count": 299,
        "max": 1.1437783241271973,
        "mean": 0.23779736304761573,
        "min": 0.08232438564300537
      },
      "error_body_rot": {
        "count": 299,
        "max": 2.91302227973938,
        "mean": 1.103670204961579,
        "min": 0.5929676294326782
      },
      "error_joint_pos": {
        "count": 299,
        "max": 3.904559373855591,
        "mean": 1.623626179719051,
        "min": 0.3491421639919281
      },
      "error_joint_vel": {
        "count": 299,
        "max": 58.30577850341797,
        "mean": 15.505659408792605,
        "min": 0.0
      },
      "sampling_entropy": {
        "count": 299,
        "max": 0.9999999403953552,
        "mean": 0.9964852548363217,
        "min": 0.9940868616104126
      },
      "sampling_top1_bin": {
        "count": 299,
        "max": 0.6666666865348816,
        "mean": 0.2519509551118449,
        "min": 0.0
      },
      "sampling_top1_prob": {
        "count": 299,
        "max": 0.21282610297203064,
        "mean": 0.19984530630119668,
        "min": 0.1666666567325592
      }
    },
    "command_terms": [
      "motion"
    ],
    "critic_observation_dim": 286,
    "device": "cuda:4",
    "done_total": 53,
    "event_modes": [
      "startup",
      "interval"
    ],
    "motion_file": "/mnt/infini-data/test/BeyondMimic/res/tracking/official_csv_loop_full_bundle_fk_repaired_robot_order_motion_npz/motions/walk1_subject5/motion.npz",
    "num_envs": 1,
    "observation_shapes": {
      "critic": [
        1,
        286
      ],
      "policy": [
        1,
        160
      ]
    },
    "official_csv_to_npz_unpatched_output": false,
    "paper_level_rollout": false,
    "policy_observation_dim": 160,
    "ppo_training": false,
    "real_robot": false,
    "reward": {
      "count": 299,
      "max": 0.05724496394395828,
      "mean": 0.02002226608808473,
      "min": -0.05056953802704811
    },
    "reward_terms": [
      "motion_global_anchor_pos",
      "motion_global_anchor_ori",
      "motion_body_pos",
      "motion_body_ori",
      "motion_body_lin_vel",
      "motion_body_ang_vel",
      "action_rate_l2",
      "joint_limit",
      "undesired_contacts"
    ],
    "robot_num_bodies": 40,
    "robot_num_joints": 29,
    "status": "ok",
    "step_count": 299,
    "task": "Tracking-Flat-G1-v0",
    "terminated_total": 40,
    "termination_terms": [
      "time_out",
      "anchor_pos",
      "anchor_ori",
      "ee_body_pos"
    ],
    "truncated_total": 13,
    "usd_path": "/mnt/infini-data/test/BeyondMimic/res/tracking/g1_urdf_in_memory_gpu4_probe/g1_official_importer_in_memory_gpu4_export.usda",
    "uses_fk_repaired_motion_npz": true,
    "uses_fk_repaired_robot_order_motion_npz": true,
    "uses_official_importer_export_usd": true,
    "uses_resource_adjusted_usd": false
  },
  "metrics_json": "/mnt/infini-data/test/BeyondMimic/res/tracking/g1_official_importer_export_fk_repaired_robot_order_split_task_eval/motions/walk1_subject5/walk1_subject5_task_eval_metrics.json",
  "motion": "walk1_subject5",
  "returncode": 0,
  "stalled": false,
  "status": "ok"
}