{
  "action_dim": 29,
  "action_terms": [
    "joint_pos"
  ],
  "command_metrics_final": {
    "error_anchor_ang_vel": 1.0203254222869873,
    "error_anchor_lin_vel": 1.2583321332931519,
    "error_anchor_pos": 0.11586298793554306,
    "error_anchor_rot": 0.09466595202684402,
    "error_body_ang_vel": 6.22902250289917,
    "error_body_lin_vel": 1.2722241878509521,
    "error_body_pos": 0.08339978754520416,
    "error_body_rot": 0.1969529241323471,
    "error_joint_pos": 1.0118935108184814,
    "error_joint_vel": 34.293907165527344,
    "sampling_entropy": 0.9992388486862183,
    "sampling_top1_bin": 0.3333333432674408,
    "sampling_top1_prob": 0.18031610548496246
  },
  "command_metrics_timeseries": {
    "error_anchor_ang_vel": {
      "count": 299,
      "max": 5.49648380279541,
      "mean": 1.6737954046913612,
      "min": 0.2133856564760208
    },
    "error_anchor_lin_vel": {
      "count": 299,
      "max": 2.2669267654418945,
      "mean": 1.1265908827550435,
      "min": 0.1259448230266571
    },
    "error_anchor_pos": {
      "count": 299,
      "max": 0.2896636426448822,
      "mean": 0.10232746029852027,
      "min": 0.016095872968435287
    },
    "error_anchor_rot": {
      "count": 299,
      "max": 0.5032162666320801,
      "mean": 0.18142660395756213,
      "min": 0.041201747953891754
    },
    "error_body_ang_vel": {
      "count": 299,
      "max": 12.67908000946045,
      "mean": 5.590063081487365,
      "min": 0.2458142191171646
    },
    "error_body_lin_vel": {
      "count": 299,
      "max": 2.273981809616089,
      "mean": 1.1380465238239852,
      "min": 0.12104970961809158
    },
    "error_body_pos": {
      "count": 299,
      "max": 0.8013250231742859,
      "mean": 0.09051792549645298,
      "min": 0.0032231418881565332
    },
    "error_body_rot": {
      "count": 299,
      "max": 1.0320279598236084,
      "mean": 0.29369782359903074,
      "min": 0.12268637120723724
    },
    "error_joint_pos": {
      "count": 299,
      "max": 2.754765510559082,
      "mean": 1.2851933231421537,
      "min": 0.24973835051059723
    },
    "error_joint_vel": {
      "count": 299,
      "max": 63.484188079833984,
      "mean": 25.360210839721272,
      "min": 0.0
    },
    "sampling_entropy": {
      "count": 299,
      "max": 0.9999999403953552,
      "mean": 0.999659008405679,
      "min": 0.9992388486862183
    },
    "sampling_top1_bin": {
      "count": 299,
      "max": 0.8333333730697632,
      "mean": 0.298773699679901,
      "min": 0.0
    },
    "sampling_top1_prob": {
      "count": 299,
      "max": 0.18177452683448792,
      "mean": 0.1757846040071851,
      "min": 0.1666666567325592
    }
  },
  "command_terms": [
    "motion"
  ],
  "critic_observation_dim": 286,
  "device": "cuda:4",
  "done_total": 38,
  "event_modes": [
    "startup",
    "interval"
  ],
  "motion_file": "/mnt/infini-data/test/BeyondMimic/res/tracking/official_csv_to_npz_loop_full_dataset_with_enriched_usd/motions/walk3_subject1/walk3_subject1_official_loop_enriched_usd_motion.npz",
  "num_envs": 1,
  "observation_shapes": {
    "critic": [
      1,
      286
    ],
    "policy": [
      1,
      160
    ]
  },
  "official_csv_loop_npz_input": true,
  "official_csv_to_npz_unpatched_output": false,
  "paper_level_rollout": false,
  "policy_observation_dim": 160,
  "ppo_training": false,
  "real_robot": false,
  "reward": {
    "count": 299,
    "max": 0.05395470932126045,
    "mean": 0.029323247227082683,
    "min": -0.00022949464619159698
  },
  "reward_terms": [
    "motion_global_anchor_pos",
    "motion_global_anchor_ori",
    "motion_body_pos",
    "motion_body_ori",
    "motion_body_lin_vel",
    "motion_body_ang_vel",
    "action_rate_l2",
    "joint_limit",
    "undesired_contacts"
  ],
  "robot_num_bodies": 40,
  "robot_num_joints": 29,
  "status": "ok",
  "step_count": 299,
  "task": "Tracking-Flat-G1-v0",
  "terminated_total": 21,
  "termination_terms": [
    "time_out",
    "anchor_pos",
    "anchor_ori",
    "ee_body_pos"
  ],
  "truncated_total": 17,
  "usd_path": "/mnt/infini-data/test/BeyondMimic/res/tracking/g1_resource_adjusted_enriched_usd/g1_resource_adjusted_29dof_enriched_scaffold.usda",
  "uses_resource_adjusted_usd": true
}