{
  "action_dim": 29,
  "action_terms": [
    "joint_pos"
  ],
  "command_metrics_final": {
    "error_anchor_ang_vel": 0.8262684345245361,
    "error_anchor_lin_vel": 0.4981662929058075,
    "error_anchor_pos": 0.05814683437347412,
    "error_anchor_rot": 0.21087737381458282,
    "error_body_ang_vel": 1.043259859085083,
    "error_body_lin_vel": 0.5317926406860352,
    "error_body_pos": 0.17105963826179504,
    "error_body_rot": 1.1772257089614868,
    "error_joint_pos": 0.8630600571632385,
    "error_joint_vel": 0.0,
    "sampling_entropy": 0.9995884299278259,
    "sampling_top1_bin": 0.6666666865348816,
    "sampling_top1_prob": 0.17723344266414642
  },
  "command_metrics_timeseries": {
    "error_anchor_ang_vel": {
      "count": 299,
      "max": 6.925775051116943,
      "mean": 2.3435458454200657,
      "min": 0.09867939352989197
    },
    "error_anchor_lin_vel": {
      "count": 299,
      "max": 1.6119847297668457,
      "mean": 0.7108485112870019,
      "min": 0.07852499186992645
    },
    "error_anchor_pos": {
      "count": 299,
      "max": 0.18584486842155457,
      "mean": 0.0631826017114231,
      "min": 0.008994095027446747
    },
    "error_anchor_rot": {
      "count": 299,
      "max": 0.7438095211982727,
      "mean": 0.4129799907422783,
      "min": 0.150216206908226
    },
    "error_body_ang_vel": {
      "count": 299,
      "max": 9.142763137817383,
      "mean": 3.43685877078951,
      "min": 0.21966858208179474
    },
    "error_body_lin_vel": {
      "count": 299,
      "max": 1.492248773574829,
      "mean": 0.6987389877289035,
      "min": 0.1128680557012558
    },
    "error_body_pos": {
      "count": 299,
      "max": 0.8228085041046143,
      "mean": 0.16949854208075482,
      "min": 0.1236872524023056
    },
    "error_body_rot": {
      "count": 299,
      "max": 1.6510366201400757,
      "mean": 1.1977797611102612,
      "min": 1.042069435119629
    },
    "error_joint_pos": {
      "count": 299,
      "max": 3.1311426162719727,
      "mean": 1.545395145647502,
      "min": 0.6318168640136719
    },
    "error_joint_vel": {
      "count": 299,
      "max": 55.117584228515625,
      "mean": 18.10474016036477,
      "min": 0.0
    },
    "sampling_entropy": {
      "count": 299,
      "max": 0.9999999403953552,
      "mean": 0.9992685140574656,
      "min": 0.9985719323158264
    },
    "sampling_top1_bin": {
      "count": 299,
      "max": 0.6666666865348816,
      "mean": 0.43924192934729983,
      "min": 0.0
    },
    "sampling_top1_prob": {
      "count": 299,
      "max": 0.18878233432769775,
      "mean": 0.1784630588265167,
      "min": 0.1666666567325592
    }
  },
  "command_terms": [
    "motion"
  ],
  "critic_observation_dim": 286,
  "device": "cuda:4",
  "done_total": 51,
  "event_modes": [
    "startup",
    "interval"
  ],
  "motion_file": "/mnt/infini-data/test/BeyondMimic/res/tracking/official_csv_loop_full_bundle_fk_repaired_robot_order_motion_npz/motions/fightAndSports1_subject1/motion.npz",
  "num_envs": 1,
  "observation_shapes": {
    "critic": [
      1,
      286
    ],
    "policy": [
      1,
      160
    ]
  },
  "official_csv_to_npz_unpatched_output": false,
  "paper_level_rollout": false,
  "policy_observation_dim": 160,
  "ppo_training": false,
  "real_robot": false,
  "reward": {
    "count": 299,
    "max": 0.05974649265408516,
    "mean": -0.0028322316024041293,
    "min": -0.055199574679136276
  },
  "reward_terms": [
    "motion_global_anchor_pos",
    "motion_global_anchor_ori",
    "motion_body_pos",
    "motion_body_ori",
    "motion_body_lin_vel",
    "motion_body_ang_vel",
    "action_rate_l2",
    "joint_limit",
    "undesired_contacts"
  ],
  "robot_num_bodies": 40,
  "robot_num_joints": 29,
  "status": "ok",
  "step_count": 299,
  "task": "Tracking-Flat-G1-v0",
  "terminated_total": 50,
  "termination_terms": [
    "time_out",
    "anchor_pos",
    "anchor_ori",
    "ee_body_pos"
  ],
  "truncated_total": 1,
  "usd_path": "/mnt/infini-data/test/BeyondMimic/res/tracking/g1_urdf_in_memory_gpu4_probe/g1_official_importer_in_memory_gpu4_export.usda",
  "uses_fk_repaired_motion_npz": true,
  "uses_fk_repaired_robot_order_motion_npz": true,
  "uses_official_importer_export_usd": true,
  "uses_resource_adjusted_usd": false
}