variant	reward_mean	target_body_error_mean	done_count_total	teacher_vae_action_mse_mean	denoised_teacher_action_mse_mean	guided_teacher_action_mse_mean	guided_base_action_mse_mean	guidance_cost_delta_mean
denoised_latent	0.025366160398766546	0.08097916841506958	25	0.004329539947585517	0.011735224922695337	0.011735123226319418	0.007429670955188398	1.7317840486864582e-05
receding_latent_guided	0.021866608513861796	0.0809725970029831	24	0.007049536234664148	0.014621021864580669	0.014620930772511457	0.0072378199360641745	1.7337974497307105e-05
teacher	0.02184842332238238	0.08162718266248703	27	0.004881792274178364	0.013065610843302563	0.013065534006854064	0.007598568353238189	1.8351153785169723e-05
vae_base	0.02620066167867702	0.08043980598449707	25	0.004274979495384222	0.011510702356988919	0.01151061843984128	0.0071389083766119936	1.8119313645123637e-05
