variant	reward_mean	target_body_error_mean	done_count_total	teacher_vae_action_mse_mean	denoised_teacher_action_mse_mean	guided_teacher_action_mse_mean	guided_base_action_mse_mean	guidance_cost_delta_mean
denoised_latent	0.024470582057762404	0.34484031796455383	299	0.00019930242257355088	0.00024869324386411464	0.0002486926039448592	4.704386022483177e-05	8.117930845273378e-06
receding_latent_guided	0.02566090313076076	0.34421759843826294	299	0.00019815627158314603	0.0002493829634722928	0.0002493822108608644	4.854063847741171e-05	8.054152380263926e-06
teacher	0.023662144596996813	0.34439241886138916	299	0.00019928398910527552	0.0002490474433575081	0.00024904697386356753	4.933664296094774e-05	8.328316303399893e-06
vae_base	0.024378375377643067	0.34433513879776	299	0.00019501717417558538	0.0002476438770778703	0.0002476432370856119	4.889384201488689e-05	8.16179956480811e-06
