{
  "action_dim": 29,
  "action_terms": [
    "joint_pos"
  ],
  "command_metrics_final": {
    "error_anchor_ang_vel": 0.825921356678009,
    "error_anchor_lin_vel": 0.5278390645980835,
    "error_anchor_pos": 0.052419260144233704,
    "error_anchor_rot": 0.7878977656364441,
    "error_body_ang_vel": 1.3924678564071655,
    "error_body_lin_vel": 0.5144926905632019,
    "error_body_pos": 0.12815432250499725,
    "error_body_rot": 1.098954439163208,
    "error_joint_pos": 0.8220334053039551,
    "error_joint_vel": 6.964189052581787,
    "sampling_entropy": 0.9842531085014343,
    "sampling_top1_bin": 0.1666666716337204,
    "sampling_top1_prob": 0.22628341615200043
  },
  "command_metrics_timeseries": {
    "error_anchor_ang_vel": {
      "count": 299,
      "max": 6.032322883605957,
      "mean": 1.7581968678279865,
      "min": 0.16138096153736115
    },
    "error_anchor_lin_vel": {
      "count": 299,
      "max": 1.9696956872940063,
      "mean": 0.8556609006729413,
      "min": 0.1712726503610611
    },
    "error_anchor_pos": {
      "count": 299,
      "max": 0.2535073459148407,
      "mean": 0.07976327219940597,
      "min": 0.007644387427717447
    },
    "error_anchor_rot": {
      "count": 299,
      "max": 1.3276889324188232,
      "mean": 0.41647294655840933,
      "min": 0.04926448315382004
    },
    "error_body_ang_vel": {
      "count": 299,
      "max": 8.649744033813477,
      "mean": 2.969789424369168,
      "min": 0.22914829850196838
    },
    "error_body_lin_vel": {
      "count": 299,
      "max": 1.8768028020858765,
      "mean": 0.8382637661236984,
      "min": 0.24061253666877747
    },
    "error_body_pos": {
      "count": 299,
      "max": 0.7427662014961243,
      "mean": 0.15024225194517984,
      "min": 0.06822966039180756
    },
    "error_body_rot": {
      "count": 299,
      "max": 2.3175101280212402,
      "mean": 0.9020960236273482,
      "min": 0.4677017331123352
    },
    "error_joint_pos": {
      "count": 299,
      "max": 3.261589765548706,
      "mean": 1.473501034903287,
      "min": 0.4464060962200165
    },
    "error_joint_vel": {
      "count": 299,
      "max": 48.178497314453125,
      "mean": 12.29229545274307,
      "min": 0.0
    },
    "sampling_entropy": {
      "count": 299,
      "max": 0.9999999403953552,
      "mean": 0.9930362175140891,
      "min": 0.9842531085014343
    },
    "sampling_top1_bin": {
      "count": 299,
      "max": 0.5,
      "mean": 0.28929766688657843,
      "min": 0.0
    },
    "sampling_top1_prob": {
      "count": 299,
      "max": 0.23196375370025635,
      "mean": 0.2086045630400795,
      "min": 0.1666666567325592
    }
  },
  "command_terms": [
    "motion"
  ],
  "critic_observation_dim": 286,
  "device": "cuda:4",
  "done_total": 62,
  "event_modes": [
    "startup",
    "interval"
  ],
  "motion_file": "/mnt/infini-data/test/BeyondMimic/res/tracking/official_csv_loop_full_bundle_fk_repaired_robot_order_motion_npz/motions/walk2_subject4/motion.npz",
  "num_envs": 1,
  "observation_shapes": {
    "critic": [
      1,
      286
    ],
    "policy": [
      1,
      160
    ]
  },
  "official_csv_to_npz_unpatched_output": false,
  "paper_level_rollout": false,
  "policy_observation_dim": 160,
  "ppo_training": false,
  "real_robot": false,
  "reward": {
    "count": 299,
    "max": 0.06179327890276909,
    "mean": 0.027022419346303346,
    "min": -0.04059407860040665
  },
  "reward_terms": [
    "motion_global_anchor_pos",
    "motion_global_anchor_ori",
    "motion_body_pos",
    "motion_body_ori",
    "motion_body_lin_vel",
    "motion_body_ang_vel",
    "action_rate_l2",
    "joint_limit",
    "undesired_contacts"
  ],
  "robot_num_bodies": 40,
  "robot_num_joints": 29,
  "status": "ok",
  "step_count": 299,
  "task": "Tracking-Flat-G1-v0",
  "terminated_total": 43,
  "termination_terms": [
    "time_out",
    "anchor_pos",
    "anchor_ori",
    "ee_body_pos"
  ],
  "truncated_total": 19,
  "usd_path": "/mnt/infini-data/test/BeyondMimic/res/tracking/g1_urdf_in_memory_gpu4_probe/g1_official_importer_in_memory_gpu4_export.usda",
  "uses_fk_repaired_motion_npz": true,
  "uses_fk_repaired_robot_order_motion_npz": true,
  "uses_official_importer_export_usd": true,
  "uses_resource_adjusted_usd": false
}