variant	reward_mean	target_body_error_mean	done_count_total	teacher_vae_action_mse_mean	denoised_teacher_action_mse_mean	guided_teacher_action_mse_mean	guided_base_action_mse_mean	guidance_cost_delta_mean
denoised_latent	0.02433063136880912	0.3431611955165863	299	0.00020825026908626214	0.0002636645869496956	0.0002636639254580775	5.138681969466069e-05	8.200298384280508e-06
receding_latent_guided	0.025156304768183858	0.3440071940422058	299	0.00020161871242540947	0.00025603378914416545	0.00025603319190728343	4.982631659220222e-05	8.282827892431049e-06
teacher	0.0247933447024595	0.3429092466831207	299	0.00021227518011931483	0.0002640667311102775	0.00026406612153590214	4.972180609633124e-05	8.37510046751603e-06
vae_base	0.023931040733828395	0.3441619277000427	299	0.00020273400769780397	0.00025287908377331436	0.0002528784803798528	4.590357551840872e-05	8.233950588615442e-06
