variant	reward_mean	target_body_error_mean	done_count_total	teacher_vae_action_mse_mean	denoised_teacher_action_mse_mean	guided_teacher_action_mse_mean	guided_base_action_mse_mean	guidance_cost_delta_mean
denoised_latent	0.026950725478845895	0.0809350237250328	25	0.0028267737160114427	0.00870373163584084	0.008703639402200645	0.005853780326869551	9.003191887335633e-06
receding_latent_guided	0.023520035625600497	0.08215851336717606	26	0.003327354040354285	0.009708824150893452	0.00970872478204527	0.006368082614746381	1.0171761879554162e-05
teacher	0.028328335999719872	0.0756792426109314	25	0.0025765226965452416	0.008702770587256221	0.00870268308809868	0.006190895323289627	8.857469494924896e-06
vae_base	0.028170297155935428	0.07993028312921524	25	0.005532683201675789	0.012247496945658904	0.01224742303711415	0.006168823204872301	8.656278900478197e-06
