variant	reward_mean	target_body_error_mean	done_count_total	teacher_vae_action_mse_mean	denoised_teacher_action_mse_mean	guided_teacher_action_mse_mean	guided_base_action_mse_mean	guidance_cost_delta_mean
denoised_latent	0.021848528091499838	0.342229962348938	299	0.00019253005121453403	0.00024421292392772166	0.00024421229515357855	4.9100908154134936e-05	8.969788866298254e-07
receding_latent_guided	0.0229376406832458	0.34300488233566284	299	0.00018883059290169589	0.00023609530109393155	0.00023609474347330035	4.433473234212063e-05	8.742658290575978e-07
teacher	0.019707394622104323	0.34678879380226135	287	0.0003847658925735116	0.00044264950405321175	0.0004426489449116864	5.35924586565792e-05	9.97505658446347e-07
vae_base	0.0224366608561705	0.34266397356987	299	0.0001982317294566861	0.00024538301251449834	0.0002453824548573657	4.386079206180335e-05	8.865630247919855e-07
