variant	reward_mean	target_body_error_mean	done_count_total	teacher_vae_action_mse_mean	denoised_teacher_action_mse_mean	guided_teacher_action_mse_mean	guided_base_action_mse_mean	guidance_cost_delta_mean
denoised_latent	0.023688498499762754	0.3434104323387146	299	5.046530739272564e-05	5.063407548507265e-05	5.063407263187522e-05	7.334893033270201e-08	7.594153783393145e-06
receding_latent_guided	0.0228933349865361	0.3444884419441223	299	4.887339217927234e-05	4.908858111389464e-05	4.9088580441659426e-05	7.507319443023928e-08	7.577234237489094e-06
teacher	0.023984459347175715	0.3451539874076843	299	5.57045612574643e-05	5.61133077929338e-05	5.611331261416826e-05	8.291423868893826e-08	7.617957017892181e-06
vae_base	0.022199484522775263	0.3448966145515442	299	4.6400545900276815e-05	4.659556007057695e-05	4.659556480664133e-05	6.31839289413617e-08	7.569708901902904e-06
