{
  "action_dim": 29,
  "action_terms": [
    "joint_pos"
  ],
  "command_metrics_final": {
    "error_anchor_ang_vel": 2.0121402740478516,
    "error_anchor_lin_vel": 0.2608829140663147,
    "error_anchor_pos": 0.5044426918029785,
    "error_anchor_rot": 0.8545984625816345,
    "error_body_ang_vel": 3.064890146255493,
    "error_body_lin_vel": 0.8497321605682373,
    "error_body_pos": 0.49738675355911255,
    "error_body_rot": 0.7842605113983154,
    "error_joint_pos": 0.7801916003227234,
    "error_joint_vel": 0.0,
    "sampling_entropy": 0.9827660918235779,
    "sampling_top1_bin": 0.5,
    "sampling_top1_prob": 0.2246941179037094
  },
  "command_metrics_timeseries": {
    "error_anchor_ang_vel": {
      "count": 299,
      "max": 4.729217052459717,
      "mean": 1.1979204926104052,
      "min": 0.1674521118402481
    },
    "error_anchor_lin_vel": {
      "count": 299,
      "max": 1.1565172672271729,
      "mean": 0.4860818193459192,
      "min": 0.09339780360460281
    },
    "error_anchor_pos": {
      "count": 299,
      "max": 0.5397425889968872,
      "mean": 0.5008652520219617,
      "min": 0.4694291949272156
    },
    "error_anchor_rot": {
      "count": 299,
      "max": 1.5143542289733887,
      "mean": 0.8545811214425093,
      "min": 0.06686907261610031
    },
    "error_body_ang_vel": {
      "count": 299,
      "max": 4.285583972930908,
      "mean": 1.6438769084653726,
      "min": 0.24195079505443573
    },
    "error_body_lin_vel": {
      "count": 299,
      "max": 1.306753158569336,
      "mean": 0.563929115898633,
      "min": 0.18592239916324615
    },
    "error_body_pos": {
      "count": 299,
      "max": 0.7715746164321899,
      "mean": 0.5075816113414573,
      "min": 0.41261380910873413
    },
    "error_body_rot": {
      "count": 299,
      "max": 1.5595132112503052,
      "mean": 1.0510343514557268,
      "min": 0.6264874339103699
    },
    "error_joint_pos": {
      "count": 299,
      "max": 1.1574528217315674,
      "mean": 0.8900554200079928,
      "min": 0.5478895306587219
    },
    "error_joint_vel": {
      "count": 299,
      "max": 0.0,
      "mean": 0.0,
      "min": 0.0
    },
    "sampling_entropy": {
      "count": 299,
      "max": 0.9999999403953552,
      "mean": 0.9891608010566354,
      "min": 0.9824175238609314
    },
    "sampling_top1_bin": {
      "count": 299,
      "max": 0.5,
      "mean": 0.3857302131461459,
      "min": 0.0
    },
    "sampling_top1_prob": {
      "count": 299,
      "max": 0.22534029185771942,
      "mean": 0.20534804209219573,
      "min": 0.1666666567325592
    }
  },
  "command_terms": [
    "motion"
  ],
  "critic_observation_dim": 286,
  "device": "cuda:4",
  "done_total": 299,
  "event_modes": [
    "startup",
    "interval"
  ],
  "motion_file": "/mnt/infini-data/test/BeyondMimic/res/tracking/official_csv_loop_full_bundle_fk_repaired_split_motion_npz/motions/walk1_subject2/motion.npz",
  "num_envs": 1,
  "observation_shapes": {
    "critic": [
      1,
      286
    ],
    "policy": [
      1,
      160
    ]
  },
  "official_csv_to_npz_unpatched_output": false,
  "paper_level_rollout": false,
  "policy_observation_dim": 160,
  "ppo_training": false,
  "real_robot": false,
  "reward": {
    "count": 299,
    "max": 0.03461923450231552,
    "mean": 0.01435911062058298,
    "min": -0.029652558267116547
  },
  "reward_terms": [
    "motion_global_anchor_pos",
    "motion_global_anchor_ori",
    "motion_body_pos",
    "motion_body_ori",
    "motion_body_lin_vel",
    "motion_body_ang_vel",
    "action_rate_l2",
    "joint_limit",
    "undesired_contacts"
  ],
  "robot_num_bodies": 40,
  "robot_num_joints": 29,
  "status": "ok",
  "step_count": 299,
  "task": "Tracking-Flat-G1-v0",
  "terminated_total": 299,
  "termination_terms": [
    "time_out",
    "anchor_pos",
    "anchor_ori",
    "ee_body_pos"
  ],
  "truncated_total": 0,
  "usd_path": "/mnt/infini-data/test/BeyondMimic/res/tracking/g1_urdf_in_memory_gpu4_probe/g1_official_importer_in_memory_gpu4_export.usda",
  "uses_fk_repaired_motion_npz": true,
  "uses_official_importer_export_usd": true,
  "uses_resource_adjusted_usd": false
}