variant	reward_mean	target_body_error_mean	done_count_total	teacher_vae_action_mse_mean	denoised_teacher_action_mse_mean	guided_teacher_action_mse_mean	guided_base_action_mse_mean	guidance_cost_delta_mean
denoised_latent	0.020371737433628592	0.3421158492565155	299	0.00020696567700244096	0.00026232661104318763	0.00026232602580311866	5.0519461583280037e-05	8.499779330448163e-06
receding_latent_guided	0.02247084091171423	0.34337323904037476	299	0.00020251563095687584	0.00025579521325594016	0.0002557945506206097	4.7624679189198484e-05	8.395222018793673e-06
teacher	0.02228681776940474	0.3429989516735077	299	0.00019245898582930537	0.00023920145211371447	0.00023920103171423706	4.459469664044358e-05	8.459399177079217e-06
vae_base	0.02130347031190443	0.3441079556941986	299	0.00020161314954213023	0.0002545452928987221	0.0002545447030959707	5.0349071141261104e-05	8.34978344448434e-06
