{
  "duration_seconds": 110.111,
  "log": "/mnt/infini-data/test/BeyondMimic/logs/tracking_g1_official_csv_loop_full_dataset_task_eval/dance1_subject3_task_eval.log",
  "markers": {
    "after_app": true,
    "before_app": true,
    "env_created": true,
    "env_reset": true,
    "exception": false,
    "metrics_file": true,
    "stall_timeout": false,
    "step_bound_reached": true,
    "success": true,
    "traceback": false,
    "vulkan_device_lost": false
  },
  "metrics": {
    "action_dim": 29,
    "action_terms": [
      "joint_pos"
    ],
    "command_metrics_final": {
      "error_anchor_ang_vel": 2.8321032524108887,
      "error_anchor_lin_vel": 1.4119806289672852,
      "error_anchor_pos": 0.1181400865316391,
      "error_anchor_rot": 0.3429252505302429,
      "error_body_ang_vel": 11.715577125549316,
      "error_body_lin_vel": 1.5980325937271118,
      "error_body_pos": 0.09634987264871597,
      "error_body_rot": 0.33971086144447327,
      "error_joint_pos": 2.017260789871216,
      "error_joint_vel": 48.65245819091797,
      "sampling_entropy": 0.9984655380249023,
      "sampling_top1_bin": 0.8333333730697632,
      "sampling_top1_prob": 0.17939095199108124
    },
    "command_metrics_timeseries": {
      "error_anchor_ang_vel": {
        "count": 299,
        "max": 9.35677433013916,
        "mean": 1.9990100287972485,
        "min": 0.12627610564231873
      },
      "error_anchor_lin_vel": {
        "count": 299,
        "max": 2.2624123096466064,
        "mean": 1.1593135897331812,
        "min": 0.15617212653160095
      },
      "error_anchor_pos": {
        "count": 299,
        "max": 0.2651471495628357,
        "mean": 0.10395847190557714,
        "min": 0.007926457561552525
      },
      "error_anchor_rot": {
        "count": 299,
        "max": 0.4014541208744049,
        "mean": 0.1679509980074538,
        "min": 0.032619260251522064
      },
      "error_body_ang_vel": {
        "count": 299,
        "max": 16.371122360229492,
        "mean": 6.601759129593205,
        "min": 0.18563324213027954
      },
      "error_body_lin_vel": {
        "count": 299,
        "max": 2.2504100799560547,
        "mean": 1.18829461787656,
        "min": 0.2146945297718048
      },
      "error_body_pos": {
        "count": 299,
        "max": 0.7867233157157898,
        "mean": 0.08774849981611539,
        "min": 0.003421907313168049
      },
      "error_body_rot": {
        "count": 299,
        "max": 0.9266612529754639,
        "mean": 0.27139652091822897,
        "min": 0.11429066956043243
      },
      "error_joint_pos": {
        "count": 299,
        "max": 2.222531318664551,
        "mean": 1.3947403329271935,
        "min": 0.2717866003513336
      },
      "error_joint_vel": {
        "count": 299,
        "max": 81.23491668701172,
        "mean": 31.144092693775395,
        "min": 0.0
      },
      "sampling_entropy": {
        "count": 299,
        "max": 0.9999999403953552,
        "mean": 0.9986566147676679,
        "min": 0.9977025389671326
      },
      "sampling_top1_bin": {
        "count": 299,
        "max": 0.8333333730697632,
        "mean": 0.6404682463626797,
        "min": 0.0
      },
      "sampling_top1_prob": {
        "count": 299,
        "max": 0.19384358823299408,
        "mean": 0.18333609691232344,
        "min": 0.1666666567325592
      }
    },
    "command_terms": [
      "motion"
    ],
    "critic_observation_dim": 286,
    "device": "cuda:4",
    "done_total": 36,
    "event_modes": [
      "startup",
      "interval"
    ],
    "motion_file": "/mnt/infini-data/test/BeyondMimic/res/tracking/official_csv_to_npz_loop_full_dataset_with_enriched_usd/motions/dance1_subject3/dance1_subject3_official_loop_enriched_usd_motion.npz",
    "num_envs": 1,
    "observation_shapes": {
      "critic": [
        1,
        286
      ],
      "policy": [
        1,
        160
      ]
    },
    "official_csv_loop_npz_input": true,
    "official_csv_to_npz_unpatched_output": false,
    "paper_level_rollout": false,
    "policy_observation_dim": 160,
    "ppo_training": false,
    "real_robot": false,
    "reward": {
      "count": 299,
      "max": 0.05157620832324028,
      "mean": 0.029254678013831078,
      "min": 4.152767360210419e-05
    },
    "reward_terms": [
      "motion_global_anchor_pos",
      "motion_global_anchor_ori",
      "motion_body_pos",
      "motion_body_ori",
      "motion_body_lin_vel",
      "motion_body_ang_vel",
      "action_rate_l2",
      "joint_limit",
      "undesired_contacts"
    ],
    "robot_num_bodies": 40,
    "robot_num_joints": 29,
    "status": "ok",
    "step_count": 299,
    "task": "Tracking-Flat-G1-v0",
    "terminated_total": 21,
    "termination_terms": [
      "time_out",
      "anchor_pos",
      "anchor_ori",
      "ee_body_pos"
    ],
    "truncated_total": 15,
    "usd_path": "/mnt/infini-data/test/BeyondMimic/res/tracking/g1_resource_adjusted_enriched_usd/g1_resource_adjusted_29dof_enriched_scaffold.usda",
    "uses_resource_adjusted_usd": true
  },
  "metrics_json": "/mnt/infini-data/test/BeyondMimic/res/tracking/g1_official_csv_loop_full_dataset_task_eval/motions/dance1_subject3/dance1_subject3_task_eval_metrics.json",
  "motion": "dance1_subject3",
  "returncode": 0,
  "stalled": false,
  "status": "ok"
}