{
  "duration_seconds": 40.048,
  "log": "/mnt/infini-data/test/BeyondMimic/logs/tracking_g1_official_importer_export_fk_repaired_split_task_eval/sprint1_subject2_task_eval.log",
  "markers": {
    "after_app": true,
    "before_app": true,
    "env_created": true,
    "env_reset": true,
    "exception": false,
    "metrics_file": true,
    "stall_timeout": false,
    "step_bound_reached": true,
    "success": true,
    "traceback": false,
    "vulkan_device_lost": false
  },
  "metrics": {
    "action_dim": 29,
    "action_terms": [
      "joint_pos"
    ],
    "command_metrics_final": {
      "error_anchor_ang_vel": 0.8696041107177734,
      "error_anchor_lin_vel": 0.5363543629646301,
      "error_anchor_pos": 0.5056174397468567,
      "error_anchor_rot": 0.8318729996681213,
      "error_body_ang_vel": 3.3528571128845215,
      "error_body_lin_vel": 0.4819971024990082,
      "error_body_pos": 0.4328838884830475,
      "error_body_rot": 1.0770162343978882,
      "error_joint_pos": 1.0082210302352905,
      "error_joint_vel": 0.0,
      "sampling_entropy": 0.9870823621749878,
      "sampling_top1_bin": 0.5,
      "sampling_top1_prob": 0.20315304398536682
    },
    "command_metrics_timeseries": {
      "error_anchor_ang_vel": {
        "count": 299,
        "max": 6.85810661315918,
        "mean": 1.9983561298619943,
        "min": 0.21131300926208496
      },
      "error_anchor_lin_vel": {
        "count": 299,
        "max": 1.4133005142211914,
        "mean": 0.5210569863484855,
        "min": 0.06469736248254776
      },
      "error_anchor_pos": {
        "count": 299,
        "max": 0.5263186097145081,
        "mean": 0.4976278520547427,
        "min": 0.46391117572784424
      },
      "error_anchor_rot": {
        "count": 299,
        "max": 1.6917601823806763,
        "mean": 0.8076679872529563,
        "min": 0.16344447433948517
      },
      "error_body_ang_vel": {
        "count": 299,
        "max": 5.234212875366211,
        "mean": 2.0269624638218544,
        "min": 0.24513651430606842
      },
      "error_body_lin_vel": {
        "count": 299,
        "max": 1.5194737911224365,
        "mean": 0.6723384542708413,
        "min": 0.1841750293970108
      },
      "error_body_pos": {
        "count": 299,
        "max": 1.778961181640625,
        "mean": 0.8367793428459295,
        "min": 0.4280744194984436
      },
      "error_body_rot": {
        "count": 299,
        "max": 2.8263027667999268,
        "mean": 1.6106467061616905,
        "min": 0.6169427037239075
      },
      "error_joint_pos": {
        "count": 299,
        "max": 1.1209465265274048,
        "mean": 0.8109745285582781,
        "min": 0.4156326353549957
      },
      "error_joint_vel": {
        "count": 299,
        "max": 0.0,
        "mean": 0.0,
        "min": 0.0
      },
      "sampling_entropy": {
        "count": 299,
        "max": 0.9999999403953552,
        "mean": 0.9880633661180834,
        "min": 0.9825395941734314
      },
      "sampling_top1_bin": {
        "count": 299,
        "max": 0.5,
        "mean": 0.3539576451714621,
        "min": 0.0
      },
      "sampling_top1_prob": {
        "count": 299,
        "max": 0.2431536763906479,
        "mean": 0.21703816068212325,
        "min": 0.1666666567325592
      }
    },
    "command_terms": [
      "motion"
    ],
    "critic_observation_dim": 286,
    "device": "cuda:4",
    "done_total": 299,
    "event_modes": [
      "startup",
      "interval"
    ],
    "motion_file": "/mnt/infini-data/test/BeyondMimic/res/tracking/official_csv_loop_full_bundle_fk_repaired_split_motion_npz/motions/sprint1_subject2/motion.npz",
    "num_envs": 1,
    "observation_shapes": {
      "critic": [
        1,
        286
      ],
      "policy": [
        1,
        160
      ]
    },
    "official_csv_to_npz_unpatched_output": false,
    "paper_level_rollout": false,
    "policy_observation_dim": 160,
    "ppo_training": false,
    "real_robot": false,
    "reward": {
      "count": 299,
      "max": 0.03747865930199623,
      "mean": 0.013681063595162487,
      "min": -0.016043109819293022
    },
    "reward_terms": [
      "motion_global_anchor_pos",
      "motion_global_anchor_ori",
      "motion_body_pos",
      "motion_body_ori",
      "motion_body_lin_vel",
      "motion_body_ang_vel",
      "action_rate_l2",
      "joint_limit",
      "undesired_contacts"
    ],
    "robot_num_bodies": 40,
    "robot_num_joints": 29,
    "status": "ok",
    "step_count": 299,
    "task": "Tracking-Flat-G1-v0",
    "terminated_total": 299,
    "termination_terms": [
      "time_out",
      "anchor_pos",
      "anchor_ori",
      "ee_body_pos"
    ],
    "truncated_total": 0,
    "usd_path": "/mnt/infini-data/test/BeyondMimic/res/tracking/g1_urdf_in_memory_gpu4_probe/g1_official_importer_in_memory_gpu4_export.usda",
    "uses_fk_repaired_motion_npz": true,
    "uses_official_importer_export_usd": true,
    "uses_resource_adjusted_usd": false
  },
  "metrics_json": "/mnt/infini-data/test/BeyondMimic/res/tracking/g1_official_importer_export_fk_repaired_split_task_eval/motions/sprint1_subject2/sprint1_subject2_task_eval_metrics.json",
  "motion": "sprint1_subject2",
  "returncode": 0,
  "stalled": false,
  "status": "ok"
}