variant	reward_mean	target_body_error_mean	done_count_total	teacher_vae_action_mse_mean	denoised_teacher_action_mse_mean	guided_teacher_action_mse_mean	guided_base_action_mse_mean	guidance_cost_delta_mean
denoised_latent	0.025788284427047174	0.07990632206201553	25	0.003066329782992994	0.010146657028313365	0.010146543605527202	0.007183042188240433	5.7840227682056235e-05
receding_latent_guided	0.023936110807202732	0.0788186639547348	26	0.0045497814626713285	0.0118485303918043	0.011848404001363593	0.007234783396965833	5.47798580947927e-05
teacher	0.02053613203537205	0.08219011127948761	26	0.0039026777923456004	0.011017844955402622	0.011017743633580348	0.007285871964655069	5.517017881208439e-05
vae_base	0.02143360854727668	0.07973736524581909	25	0.0051779759546312	0.012023503322116906	0.012023399697685221	0.006925882210170096	5.4448344635724226e-05
