{
  "action_dim": 29,
  "action_terms": [
    "joint_pos"
  ],
  "command_metrics_final": {
    "error_anchor_ang_vel": 0.5976794958114624,
    "error_anchor_lin_vel": 0.3226306140422821,
    "error_anchor_pos": 0.4943208396434784,
    "error_anchor_rot": 0.6120445132255554,
    "error_body_ang_vel": 0.5998914241790771,
    "error_body_lin_vel": 0.37247899174690247,
    "error_body_pos": 0.473966509103775,
    "error_body_rot": 1.1082897186279297,
    "error_joint_pos": 0.80351722240448,
    "error_joint_vel": 0.0,
    "sampling_entropy": 0.9909704327583313,
    "sampling_top1_bin": 0.1666666716337204,
    "sampling_top1_prob": 0.2246643304824829
  },
  "command_metrics_timeseries": {
    "error_anchor_ang_vel": {
      "count": 299,
      "max": 8.411029815673828,
      "mean": 1.4595998082073238,
      "min": 0.07926861941814423
    },
    "error_anchor_lin_vel": {
      "count": 299,
      "max": 1.5280158519744873,
      "mean": 0.47195033285530114,
      "min": 0.07346197217702866
    },
    "error_anchor_pos": {
      "count": 299,
      "max": 0.534054696559906,
      "mean": 0.49860508814703264,
      "min": 0.46491020917892456
    },
    "error_anchor_rot": {
      "count": 299,
      "max": 1.353248953819275,
      "mean": 0.6898790749419095,
      "min": 0.16784672439098358
    },
    "error_body_ang_vel": {
      "count": 299,
      "max": 5.108699321746826,
      "mean": 1.5574283912827738,
      "min": 0.13163304328918457
    },
    "error_body_lin_vel": {
      "count": 299,
      "max": 1.5485445261001587,
      "mean": 0.5692652266061425,
      "min": 0.13440823554992676
    },
    "error_body_pos": {
      "count": 299,
      "max": 1.1920535564422607,
      "mean": 0.695651064947696,
      "min": 0.4263283610343933
    },
    "error_body_rot": {
      "count": 299,
      "max": 2.5033059120178223,
      "mean": 1.381350840214503,
      "min": 0.7128440141677856
    },
    "error_joint_pos": {
      "count": 299,
      "max": 0.99092698097229,
      "mean": 0.7095567896015269,
      "min": 0.4554411470890045
    },
    "error_joint_vel": {
      "count": 299,
      "max": 0.0,
      "mean": 0.0,
      "min": 0.0
    },
    "sampling_entropy": {
      "count": 299,
      "max": 0.9999999403953552,
      "mean": 0.994210983199818,
      "min": 0.9907004237174988
    },
    "sampling_top1_bin": {
      "count": 299,
      "max": 0.6666666865348816,
      "mean": 0.19230769704217496,
      "min": 0.0
    },
    "sampling_top1_prob": {
      "count": 299,
      "max": 0.23589202761650085,
      "mean": 0.2162877585875948,
      "min": 0.1666666567325592
    }
  },
  "command_terms": [
    "motion"
  ],
  "critic_observation_dim": 286,
  "device": "cuda:4",
  "done_total": 299,
  "event_modes": [
    "startup",
    "interval"
  ],
  "motion_file": "/mnt/infini-data/test/BeyondMimic/res/tracking/official_csv_loop_full_bundle_fk_repaired_split_motion_npz/motions/jumps1_subject1/motion.npz",
  "num_envs": 1,
  "observation_shapes": {
    "critic": [
      1,
      286
    ],
    "policy": [
      1,
      160
    ]
  },
  "official_csv_to_npz_unpatched_output": false,
  "paper_level_rollout": false,
  "policy_observation_dim": 160,
  "ppo_training": false,
  "real_robot": false,
  "reward": {
    "count": 299,
    "max": 0.04359159991145134,
    "mean": 0.015728545502096066,
    "min": -0.024074047803878784
  },
  "reward_terms": [
    "motion_global_anchor_pos",
    "motion_global_anchor_ori",
    "motion_body_pos",
    "motion_body_ori",
    "motion_body_lin_vel",
    "motion_body_ang_vel",
    "action_rate_l2",
    "joint_limit",
    "undesired_contacts"
  ],
  "robot_num_bodies": 40,
  "robot_num_joints": 29,
  "status": "ok",
  "step_count": 299,
  "task": "Tracking-Flat-G1-v0",
  "terminated_total": 299,
  "termination_terms": [
    "time_out",
    "anchor_pos",
    "anchor_ori",
    "ee_body_pos"
  ],
  "truncated_total": 0,
  "usd_path": "/mnt/infini-data/test/BeyondMimic/res/tracking/g1_urdf_in_memory_gpu4_probe/g1_official_importer_in_memory_gpu4_export.usda",
  "uses_fk_repaired_motion_npz": true,
  "uses_official_importer_export_usd": true,
  "uses_resource_adjusted_usd": false
}