{
  "action_abs_max_over_steps": {
    "count": 299,
    "first": 0.31006675958633423,
    "last": 0.42816391587257385,
    "max": 0.6648727059364319,
    "mean": 0.3946544458236184,
    "min": 0.28338462114334106
  },
  "action_abs_mean_over_steps": {
    "count": 299,
    "first": 0.032209113240242004,
    "last": 0.03241724148392677,
    "max": 0.03305903077125549,
    "mean": 0.0325760729237145,
    "min": 0.03217119351029396
  },
  "checkpoint": "/mnt/infini-data/test/BeyondMimic/res/runs/tracking_g1_official_importer_export_full_bundle_scaled_ppo_training/resource_adjusted_ppo_20260620_183959_seed20260696/rank_0/model_999.pt",
  "critic_obs_shape": [
    2048,
    286
  ],
  "cuda_visible_devices": "4,7",
  "device": "cuda:0",
  "done_count_total": 611738,
  "episode_log_metrics": {
    "Episode_Reward/action_rate_l2": {
      "count": 299,
      "first": -1.195158802147489e-05,
      "last": -1.2171351045253687e-05,
      "max": -1.170567611552542e-05,
      "mean": -1.2243805174139776e-05,
      "min": -1.3003758795093745e-05
    },
    "Episode_Reward/joint_limit": {
      "count": 299,
      "first": -0.0007799923187121749,
      "last": -0.0007247316534630954,
      "max": -0.0007040617056190968,
      "mean": -0.0007620726045872081,
      "min": -0.0008333776495419443
    },
    "Episode_Reward/motion_body_ang_vel": {
      "count": 299,
      "first": 0.0007497232872992754,
      "last": 0.0007596614887006581,
      "max": 0.0007936271140351892,
      "mean": 0.0007593427322583777,
      "min": 0.0007162994588725269
    },
    "Episode_Reward/motion_body_lin_vel": {
      "count": 299,
      "first": 0.001198372570797801,
      "last": 0.0012502671452239156,
      "max": 0.0012861969880759716,
      "mean": 0.0012524919818002842,
      "min": 0.001198372570797801
    },
    "Episode_Reward/motion_body_ori": {
      "count": 299,
      "first": 1.4334902516566217e-05,
      "last": 1.138429297498078e-06,
      "max": 1.4334902516566217e-05,
      "mean": 1.1675384037465068e-06,
      "min": 8.00707312009763e-07
    },
    "Episode_Reward/motion_body_pos": {
      "count": 299,
      "first": 8.118276884072628e-11,
      "last": 0.0003091605321969837,
      "max": 0.00031315491651184857,
      "mean": 0.00030841893893267664,
      "min": 8.118276884072628e-11
    },
    "Episode_Reward/motion_global_anchor_ori": {
      "count": 299,
      "first": 0.0003014315734617412,
      "last": 0.0003142731438856572,
      "max": 0.0003160831402055919,
      "mean": 0.00030319715577900336,
      "min": 0.00028881666366942227
    },
    "Episode_Reward/motion_global_anchor_pos": {
      "count": 299,
      "first": 0.000956498843152076,
      "last": 0.0009559994796290994,
      "max": 0.0009657419286668301,
      "mean": 0.0009556381500257572,
      "min": 0.0009518059086985886
    },
    "Episode_Reward/undesired_contacts": {
      "count": 299,
      "first": -0.00047968747094273567,
      "last": -0.0004777723515871912,
      "max": -0.00046308067976497114,
      "mean": -0.0004778234315350851,
      "min": -0.0004888562834821641
    },
    "Episode_Termination/anchor_ori": {
      "count": 299,
      "first": 1.0,
      "last": 3.0,
      "max": 6.0,
      "mean": 2.1103678929765888,
      "min": 0.0
    },
    "Episode_Termination/anchor_pos": {
      "count": 299,
      "first": 0.0,
      "last": 0.0,
      "max": 4.0,
      "mean": 0.6889632107023411,
      "min": 0.0
    },
    "Episode_Termination/ee_body_pos": {
      "count": 299,
      "first": 2048.0,
      "last": 2047.0,
      "max": 2048.0,
      "mean": 2045.9464882943143,
      "min": 2042.0
    },
    "Episode_Termination/time_out": {
      "count": 299,
      "first": 0.0,
      "last": 0.0,
      "max": 0.0,
      "mean": 0.0,
      "min": 0.0
    },
    "Metrics/motion/error_anchor_ang_vel": {
      "count": 299,
      "first": 0.0,
      "last": 1.1419377326965332,
      "max": 1.192333459854126,
      "mean": 1.1346372864318133,
      "min": 0.0
    },
    "Metrics/motion/error_anchor_lin_vel": {
      "count": 299,
      "first": 0.0,
      "last": 0.4418468773365021,
      "max": 0.45705646276474,
      "mean": 0.44228132014290544,
      "min": 0.0
    },
    "Metrics/motion/error_anchor_pos": {
      "count": 299,
      "first": 0.0,
      "last": 0.05922011286020279,
      "max": 0.06014721095561981,
      "mean": 0.05936413123755152,
      "min": 0.0
    },
    "Metrics/motion/error_anchor_rot": {
      "count": 299,
      "first": 0.0,
      "last": 0.4612458050251007,
      "max": 0.4807637333869934,
      "mean": 0.4684533083119919,
      "min": 0.0
    },
    "Metrics/motion/error_body_ang_vel": {
      "count": 298,
      "first": 1.4660245180130005,
      "last": 1.4176081418991089,
      "max": 1.4789936542510986,
      "mean": 1.4101441102539933,
      "min": 1.3442233800888062
    },
    "Metrics/motion/error_body_lin_vel": {
      "count": 298,
      "first": 0.5268192291259766,
      "last": 0.522576093673706,
      "max": 0.5318878889083862,
      "mean": 0.5227978089511794,
      "min": 0.5119152069091797
    },
    "Metrics/motion/error_body_pos": {
      "count": 299,
      "first": 0.0,
      "last": 0.5747636556625366,
      "max": 43.29344177246094,
      "mean": 0.7046768184888323,
      "min": 0.0
    },
    "Metrics/motion/error_body_rot": {
      "count": 299,
      "first": 0.0,
      "last": 1.3425523042678833,
      "max": 1.369033932685852,
      "mean": 1.3387020814378923,
      "min": 0.0
    },
    "Metrics/motion/error_joint_pos": {
      "count": 299,
      "first": 0.0,
      "last": 0.9008098244667053,
      "max": 0.9317958354949951,
      "mean": 0.9015616088806586,
      "min": 0.0
    },
    "Metrics/motion/error_joint_vel": {
      "count": 299,
      "first": 0.0,
      "last": 0.0,
      "max": 0.05036437138915062,
      "mean": 0.0027633068513087805,
      "min": 0.0
    },
    "Metrics/motion/sampling_entropy": {
      "count": 299,
      "first": 1.0000001192092896,
      "last": 0.9917610287666321,
      "max": 1.0000001192092896,
      "mean": 0.9920301598848706,
      "min": 0.9898985624313354
    },
    "Metrics/motion/sampling_top1_bin": {
      "count": 299,
      "first": 0.0,
      "last": 0.8499999642372131,
      "max": 0.8500000238418579,
      "mean": 0.8344621074239545,
      "min": 0.0
    },
    "Metrics/motion/sampling_top1_prob": {
      "count": 299,
      "first": 0.004166666883975267,
      "last": 0.008351702243089676,
      "max": 0.008557659573853016,
      "mean": 0.008299143746632298,
      "min": 0.004166666883975267
    }
  },
  "eval_steps": 299,
  "loaded_infos_type": "NoneType",
  "loaded_iteration": 999,
  "motion_metrics": {
    "error_anchor_ang_vel": {
      "count": 299,
      "first": 1.1672664880752563,
      "last": 1.177819013595581,
      "max": 1.199366569519043,
      "mean": 1.1444064474424789,
      "min": 1.0879573822021484
    },
    "error_anchor_lin_vel": {
      "count": 299,
      "first": 0.44368934631347656,
      "last": 0.444899320602417,
      "max": 0.4586547613143921,
      "mean": 0.44473946901866823,
      "min": 0.43503063917160034
    },
    "error_anchor_pos": {
      "count": 299,
      "first": 0.05967404693365097,
      "last": 0.0597725436091423,
      "max": 0.06018923223018646,
      "mean": 0.0595972113635229,
      "min": 0.05891856178641319
    },
    "error_anchor_rot": {
      "count": 299,
      "first": 0.4786626696586609,
      "last": 0.4769836962223053,
      "max": 0.482258141040802,
      "mean": 0.47078066526049356,
      "min": 0.4591710865497589
    },
    "error_body_ang_vel": {
      "count": 299,
      "first": 1.4660245180130005,
      "last": 1.4413414001464844,
      "max": 1.4894423484802246,
      "mean": 1.4163516070133069,
      "min": 1.347991704940796
    },
    "error_body_lin_vel": {
      "count": 299,
      "first": 0.5268192291259766,
      "last": 0.527877926826477,
      "max": 0.532765805721283,