body_name,body_index,z_mean_m,z_min_m,z_p05_m,z_p50_m,z_p95_m,z_max_m
pelvis,0,0.7737202644348145,0.19064560532569885,0.7114421725273132,0.7851644158363342,0.7989689707756042,0.8225724101066589
left_ankle_roll_link,7,0.05472046881914139,0.03212297707796097,0.0368872806429863,0.044894371181726456,0.11902181804180145,0.4453434348106384
right_ankle_roll_link,13,0.05676112323999405,0.02299388498067856,0.03569618985056877,0.0433233380317688,0.12700021266937256,0.5937088131904602
torso_link,16,0.8174987435340881,0.21174925565719604,0.7550820112228394,0.8290605545043945,0.8426098823547363,0.8664056658744812
left_wrist_yaw_link,28,0.9398667216300964,0.12775662541389465,0.677033007144928,1.040837287902832,1.1665852069854736,1.1977455615997314
right_wrist_yaw_link,36,0.9238723516464233,0.0819346159696579,0.681538462638855,1.0248066186904907,1.1347575187683105,1.1686737537384033
