{
  "duration_seconds": 40.043,
  "log": "/mnt/infini-data/test/BeyondMimic/logs/tracking_g1_official_importer_export_fk_repaired_split_task_eval/fallAndGetUp3_subject1_task_eval.log",
  "markers": {
    "after_app": true,
    "before_app": true,
    "env_created": true,
    "env_reset": true,
    "exception": false,
    "metrics_file": true,
    "stall_timeout": false,
    "step_bound_reached": true,
    "success": true,
    "traceback": false,
    "vulkan_device_lost": false
  },
  "metrics": {
    "action_dim": 29,
    "action_terms": [
      "joint_pos"
    ],
    "command_metrics_final": {
      "error_anchor_ang_vel": 0.9066674709320068,
      "error_anchor_lin_vel": 0.2907450199127197,
      "error_anchor_pos": 0.48436152935028076,
      "error_anchor_rot": 0.7606683969497681,
      "error_body_ang_vel": 2.0941925048828125,
      "error_body_lin_vel": 0.6418383717536926,
      "error_body_pos": 0.43837636709213257,
      "error_body_rot": 2.3687946796417236,
      "error_joint_pos": 0.565122663974762,
      "error_joint_vel": 0.0,
      "sampling_entropy": 0.9928622841835022,
      "sampling_top1_bin": 0.3333333432674408,
      "sampling_top1_prob": 0.20840837061405182
    },
    "command_metrics_timeseries": {
      "error_anchor_ang_vel": {
        "count": 299,
        "max": 9.567956924438477,
        "mean": 1.6897966368341923,
        "min": 0.1658143848180771
      },
      "error_anchor_lin_vel": {
        "count": 299,
        "max": 1.2699236869812012,
        "mean": 0.4985324808935258,
        "min": 0.06640154868364334
      },
      "error_anchor_pos": {
        "count": 299,
        "max": 0.5429069995880127,
        "mean": 0.5007688181854809,
        "min": 0.4684358835220337
      },
      "error_anchor_rot": {
        "count": 299,
        "max": 2.1755545139312744,
        "mean": 0.9663555723767615,
        "min": 0.34816774725914
      },
      "error_body_ang_vel": {
        "count": 299,
        "max": 5.3751301765441895,
        "mean": 1.874645302078397,
        "min": 0.17116911709308624
      },
      "error_body_lin_vel": {
        "count": 299,
        "max": 1.4706636667251587,
        "mean": 0.6447621144877629,
        "min": 0.16023069620132446
      },
      "error_body_pos": {
        "count": 299,
        "max": 1.4630510807037354,
        "mean": 0.6407854213164403,
        "min": 0.4153328835964203
      },
      "error_body_rot": {
        "count": 299,
        "max": 2.4816951751708984,
        "mean": 1.3656888018085007,
        "min": 0.7781806588172913
      },
      "error_joint_pos": {
        "count": 299,
        "max": 0.9822236895561218,
        "mean": 0.711915580923342,
        "min": 0.527224063873291
      },
      "error_joint_vel": {
        "count": 299,
        "max": 0.0,
        "mean": 0.0,
        "min": 0.0
      },
      "sampling_entropy": {
        "count": 299,
        "max": 0.9999999403953552,
        "mean": 0.9949707482570789,
        "min": 0.991054356098175
      },
      "sampling_top1_bin": {
        "count": 299,
        "max": 0.8333333730697632,
        "mean": 0.35507246921692404,
        "min": 0.0
      },
      "sampling_top1_prob": {
        "count": 299,
        "max": 0.2141786366701126,
        "mean": 0.1972342378220032,
        "min": 0.1666666567325592
      }
    },
    "command_terms": [
      "motion"
    ],
    "critic_observation_dim": 286,
    "device": "cuda:4",
    "done_total": 299,
    "event_modes": [
      "startup",
      "interval"
    ],
    "motion_file": "/mnt/infini-data/test/BeyondMimic/res/tracking/official_csv_loop_full_bundle_fk_repaired_split_motion_npz/motions/fallAndGetUp3_subject1/motion.npz",
    "num_envs": 1,
    "observation_shapes": {
      "critic": [
        1,
        286
      ],
      "policy": [
        1,
        160
      ]
    },
    "official_csv_to_npz_unpatched_output": false,
    "paper_level_rollout": false,
    "policy_observation_dim": 160,
    "ppo_training": false,
    "real_robot": false,
    "reward": {
      "count": 299,
      "max": 0.029408305883407593,
      "mean": 0.011491902797081099,
      "min": -0.013647571206092834
    },
    "reward_terms": [
      "motion_global_anchor_pos",
      "motion_global_anchor_ori",
      "motion_body_pos",
      "motion_body_ori",
      "motion_body_lin_vel",
      "motion_body_ang_vel",
      "action_rate_l2",
      "joint_limit",
      "undesired_contacts"
    ],
    "robot_num_bodies": 40,
    "robot_num_joints": 29,
    "status": "ok",
    "step_count": 299,
    "task": "Tracking-Flat-G1-v0",
    "terminated_total": 299,
    "termination_terms": [
      "time_out",
      "anchor_pos",
      "anchor_ori",
      "ee_body_pos"
    ],
    "truncated_total": 0,
    "usd_path": "/mnt/infini-data/test/BeyondMimic/res/tracking/g1_urdf_in_memory_gpu4_probe/g1_official_importer_in_memory_gpu4_export.usda",
    "uses_fk_repaired_motion_npz": true,
    "uses_official_importer_export_usd": true,
    "uses_resource_adjusted_usd": false
  },
  "metrics_json": "/mnt/infini-data/test/BeyondMimic/res/tracking/g1_official_importer_export_fk_repaired_split_task_eval/motions/fallAndGetUp3_subject1/fallAndGetUp3_subject1_task_eval_metrics.json",
  "motion": "fallAndGetUp3_subject1",
  "returncode": 0,
  "stalled": false,
  "status": "ok"
}