{
  "duration_seconds": 60.058,
  "log": "/mnt/infini-data/test/BeyondMimic/logs/tracking_g1_official_importer_export_fk_repaired_split_task_eval/dance1_subject1_task_eval.log",
  "markers": {
    "after_app": true,
    "before_app": true,
    "env_created": true,
    "env_reset": true,
    "exception": false,
    "metrics_file": true,
    "stall_timeout": false,
    "step_bound_reached": true,
    "success": true,
    "traceback": false,
    "vulkan_device_lost": false
  },
  "metrics": {
    "action_dim": 29,
    "action_terms": [
      "joint_pos"
    ],
    "command_metrics_final": {
      "error_anchor_ang_vel": 0.649293065071106,
      "error_anchor_lin_vel": 0.24166706204414368,
      "error_anchor_pos": 0.49163100123405457,
      "error_anchor_rot": 0.7977049946784973,
      "error_body_ang_vel": 0.6795065999031067,
      "error_body_lin_vel": 0.34859269857406616,
      "error_body_pos": 0.8100703358650208,
      "error_body_rot": 0.9772151112556458,
      "error_joint_pos": 0.7629157900810242,
      "error_joint_vel": 0.0,
      "sampling_entropy": 0.9874119758605957,
      "sampling_top1_bin": 0.6666666865348816,
      "sampling_top1_prob": 0.22841662168502808
    },
    "command_metrics_timeseries": {
      "error_anchor_ang_vel": {
        "count": 299,
        "max": 6.170701026916504,
        "mean": 1.0527340958150335,
        "min": 0.13052809238433838
      },
      "error_anchor_lin_vel": {
        "count": 299,
        "max": 1.1072165966033936,
        "mean": 0.4747136670809526,
        "min": 0.07684473693370819
      },
      "error_anchor_pos": {
        "count": 299,
        "max": 0.5413750410079956,
        "mean": 0.5034903259979044,
        "min": 0.47770047187805176
      },
      "error_anchor_rot": {
        "count": 299,
        "max": 1.324374794960022,
        "mean": 0.9316408018703046,
        "min": 0.09717267751693726
      },
      "error_body_ang_vel": {
        "count": 299,
        "max": 3.13386607170105,
        "mean": 1.3102246583704167,
        "min": 0.13893726468086243
      },
      "error_body_lin_vel": {
        "count": 299,
        "max": 1.0759844779968262,
        "mean": 0.5450634749537726,
        "min": 0.13166871666908264
      },
      "error_body_pos": {
        "count": 299,
        "max": 0.9801909327507019,
        "mean": 0.5344283491074042,
        "min": 0.4358680248260498
      },
      "error_body_rot": {
        "count": 299,
        "max": 1.3977980613708496,
        "mean": 1.1003638378353822,
        "min": 0.7973508238792419
      },
      "error_joint_pos": {
        "count": 299,
        "max": 1.0574934482574463,
        "mean": 0.6787456472382498,
        "min": 0.33630454540252686
      },
      "error_joint_vel": {
        "count": 299,
        "max": 0.0,
        "mean": 0.0,
        "min": 0.0
      },
      "sampling_entropy": {
        "count": 299,
        "max": 0.9999999403953552,
        "mean": 0.9889399728248749,
        "min": 0.9835290312767029
      },
      "sampling_top1_bin": {
        "count": 299,
        "max": 0.6666666865348816,
        "mean": 0.5707915392408403,
        "min": 0.0
      },
      "sampling_top1_prob": {
        "count": 299,
        "max": 0.2338695228099823,
        "mean": 0.2120251279311834,
        "min": 0.1666666567325592
      }
    },
    "command_terms": [
      "motion"
    ],
    "critic_observation_dim": 286,
    "device": "cuda:4",
    "done_total": 299,
    "event_modes": [
      "startup",
      "interval"
    ],
    "motion_file": "/mnt/infini-data/test/BeyondMimic/res/tracking/official_csv_loop_full_bundle_fk_repaired_split_motion_npz/motions/dance1_subject1/motion.npz",
    "num_envs": 1,
    "observation_shapes": {
      "critic": [
        1,
        286
      ],
      "policy": [
        1,
        160
      ]
    },
    "official_csv_to_npz_unpatched_output": false,
    "paper_level_rollout": false,
    "policy_observation_dim": 160,
    "ppo_training": false,
    "real_robot": false,
    "reward": {
      "count": 299,
      "max": 0.0342487208545208,
      "mean": 0.01581910548476272,
      "min": -0.01680261269211769
    },
    "reward_terms": [
      "motion_global_anchor_pos",
      "motion_global_anchor_ori",
      "motion_body_pos",
      "motion_body_ori",
      "motion_body_lin_vel",
      "motion_body_ang_vel",
      "action_rate_l2",
      "joint_limit",
      "undesired_contacts"
    ],
    "robot_num_bodies": 40,
    "robot_num_joints": 29,
    "status": "ok",
    "step_count": 299,
    "task": "Tracking-Flat-G1-v0",
    "terminated_total": 299,
    "termination_terms": [
      "time_out",
      "anchor_pos",
      "anchor_ori",
      "ee_body_pos"
    ],
    "truncated_total": 0,
    "usd_path": "/mnt/infini-data/test/BeyondMimic/res/tracking/g1_urdf_in_memory_gpu4_probe/g1_official_importer_in_memory_gpu4_export.usda",
    "uses_fk_repaired_motion_npz": true,
    "uses_official_importer_export_usd": true,
    "uses_resource_adjusted_usd": false
  },
  "metrics_json": "/mnt/infini-data/test/BeyondMimic/res/tracking/g1_official_importer_export_fk_repaired_split_task_eval/motions/dance1_subject1/dance1_subject1_task_eval_metrics.json",
  "motion": "dance1_subject1",
  "returncode": 0,
  "stalled": false,
  "status": "ok"
}