gpu_index,samples,mean_utilization_gpu_percent,peak_memory_used_gib,mean_power_draw_w
4,11,18.545454545454547,4.19140625,119.7590909090909
7,11,0.0,0.38671875,103.67363636363638
