{
  "duration_seconds": 50.059,
  "log": "/mnt/infini-data/test/BeyondMimic/logs/tracking_g1_official_importer_export_fk_repaired_split_task_eval/fallAndGetUp2_subject2_task_eval.log",
  "markers": {
    "after_app": true,
    "before_app": true,
    "env_created": true,
    "env_reset": true,
    "exception": false,
    "metrics_file": true,
    "stall_timeout": false,
    "step_bound_reached": true,
    "success": true,
    "traceback": false,
    "vulkan_device_lost": false
  },
  "metrics": {
    "action_dim": 29,
    "action_terms": [
      "joint_pos"
    ],
    "command_metrics_final": {
      "error_anchor_ang_vel": 1.3641234636306763,
      "error_anchor_lin_vel": 0.577725887298584,
      "error_anchor_pos": 0.4923281967639923,
      "error_anchor_rot": 1.2326840162277222,
      "error_body_ang_vel": 1.5172966718673706,
      "error_body_lin_vel": 0.6110634803771973,
      "error_body_pos": 0.49452295899391174,
      "error_body_rot": 1.4198243618011475,
      "error_joint_pos": 0.8010333180427551,
      "error_joint_vel": 0.0,
      "sampling_entropy": 0.9841305017471313,
      "sampling_top1_bin": 0.1666666716337204,
      "sampling_top1_prob": 0.22136680781841278
    },
    "command_metrics_timeseries": {
      "error_anchor_ang_vel": {
        "count": 299,
        "max": 3.5929946899414062,
        "mean": 0.7952234929919642,
        "min": 0.10261353850364685
      },
      "error_anchor_lin_vel": {
        "count": 299,
        "max": 0.9091740250587463,
        "mean": 0.4301356671745562,
        "min": 0.06855833530426025
      },
      "error_anchor_pos": {
        "count": 299,
        "max": 0.530947208404541,
        "mean": 0.492372444441486,
        "min": 0.38149359822273254
      },
      "error_anchor_rot": {
        "count": 299,
        "max": 1.3252313137054443,
        "mean": 0.9239852752374567,
        "min": 0.3348883092403412
      },
      "error_body_ang_vel": {
        "count": 299,
        "max": 3.990478754043579,
        "mean": 1.02511006984922,
        "min": 0.09727700799703598
      },
      "error_body_lin_vel": {
        "count": 299,
        "max": 0.9275652170181274,
        "mean": 0.48656486039576324,
        "min": 0.15097151696681976
      },
      "error_body_pos": {
        "count": 299,
        "max": 0.7914801239967346,
        "mean": 0.4926333015778392,
        "min": 0.33359968662261963
      },
      "error_body_rot": {
        "count": 299,
        "max": 1.7751500606536865,
        "mean": 1.3644185213739657,
        "min": 0.8858163356781006
      },
      "error_joint_pos": {
        "count": 299,
        "max": 1.2356842756271362,
        "mean": 1.0985057431718577,
        "min": 0.5562065243721008
      },
      "error_joint_vel": {
        "count": 299,
        "max": 0.0,
        "mean": 0.0,
        "min": 0.0
      },
      "sampling_entropy": {
        "count": 299,
        "max": 0.9999999403953552,
        "mean": 0.9898261736866623,
        "min": 0.9832444190979004
      },
      "sampling_top1_bin": {
        "count": 299,
        "max": 0.6666666865348816,
        "mean": 0.2703455998546702,
        "min": 0.0
      },
      "sampling_top1_prob": {
        "count": 299,
        "max": 0.22328440845012665,
        "mean": 0.2059156743180393,
        "min": 0.1666666567325592
      }
    },
    "command_terms": [
      "motion"
    ],
    "critic_observation_dim": 286,
    "device": "cuda:4",
    "done_total": 299,
    "event_modes": [
      "startup",
      "interval"
    ],
    "motion_file": "/mnt/infini-data/test/BeyondMimic/res/tracking/official_csv_loop_full_bundle_fk_repaired_split_motion_npz/motions/fallAndGetUp2_subject2/motion.npz",
    "num_envs": 1,
    "observation_shapes": {
      "critic": [
        1,
        286
      ],
      "policy": [
        1,
        160
      ]
    },
    "official_csv_to_npz_unpatched_output": false,
    "paper_level_rollout": false,
    "policy_observation_dim": 160,
    "ppo_training": false,
    "real_robot": false,
    "reward": {
      "count": 299,
      "max": 0.034334030002355576,
      "mean": 0.01234361022729489,
      "min": -0.01695479452610016
    },
    "reward_terms": [
      "motion_global_anchor_pos",
      "motion_global_anchor_ori",
      "motion_body_pos",
      "motion_body_ori",
      "motion_body_lin_vel",
      "motion_body_ang_vel",
      "action_rate_l2",
      "joint_limit",
      "undesired_contacts"
    ],
    "robot_num_bodies": 40,
    "robot_num_joints": 29,
    "status": "ok",
    "step_count": 299,
    "task": "Tracking-Flat-G1-v0",
    "terminated_total": 299,
    "termination_terms": [
      "time_out",
      "anchor_pos",
      "anchor_ori",
      "ee_body_pos"
    ],
    "truncated_total": 0,
    "usd_path": "/mnt/infini-data/test/BeyondMimic/res/tracking/g1_urdf_in_memory_gpu4_probe/g1_official_importer_in_memory_gpu4_export.usda",
    "uses_fk_repaired_motion_npz": true,
    "uses_official_importer_export_usd": true,
    "uses_resource_adjusted_usd": false
  },
  "metrics_json": "/mnt/infini-data/test/BeyondMimic/res/tracking/g1_official_importer_export_fk_repaired_split_task_eval/motions/fallAndGetUp2_subject2/fallAndGetUp2_subject2_task_eval_metrics.json",
  "motion": "fallAndGetUp2_subject2",
  "returncode": 0,
  "stalled": false,
  "status": "ok"
}