{
  "duration_seconds": 40.043,
  "log": "/mnt/infini-data/test/BeyondMimic/logs/tracking_g1_official_importer_export_fk_repaired_robot_order_split_task_eval/dance2_subject5_task_eval.log",
  "markers": {
    "after_app": true,
    "before_app": true,
    "env_created": true,
    "env_reset": true,
    "exception": false,
    "metrics_file": true,
    "stall_timeout": false,
    "step_bound_reached": true,
    "success": true,
    "traceback": false,
    "vulkan_device_lost": false
  },
  "metrics": {
    "action_dim": 29,
    "action_terms": [
      "joint_pos"
    ],
    "command_metrics_final": {
      "error_anchor_ang_vel": 2.4690887928009033,
      "error_anchor_lin_vel": 0.5610114336013794,
      "error_anchor_pos": 0.03246688470244408,
      "error_anchor_rot": 0.20053257048130035,
      "error_body_ang_vel": 5.990733623504639,
      "error_body_lin_vel": 0.9009405374526978,
      "error_body_pos": 0.1663094311952591,
      "error_body_rot": 1.1083698272705078,
      "error_joint_pos": 2.8041775226593018,
      "error_joint_vel": 33.76220703125,
      "sampling_entropy": 0.9946994185447693,
      "sampling_top1_bin": 0.5,
      "sampling_top1_prob": 0.20883740484714508
    },
    "command_metrics_timeseries": {
      "error_anchor_ang_vel": {
        "count": 299,
        "max": 11.127662658691406,
        "mean": 2.4795571308969255,
        "min": 0.14401745796203613
      },
      "error_anchor_lin_vel": {
        "count": 299,
        "max": 1.858803391456604,
        "mean": 0.7089241307266181,
        "min": 0.06279533356428146
      },
      "error_anchor_pos": {
        "count": 299,
        "max": 0.23652690649032593,
        "mean": 0.06877587985614919,
        "min": 0.006472904700785875
      },
      "error_anchor_rot": {
        "count": 299,
        "max": 0.8141795992851257,
        "mean": 0.23215794652376487,
        "min": 0.023673908784985542
      },
      "error_body_ang_vel": {
        "count": 299,
        "max": 11.752442359924316,
        "mean": 3.959072632982978,
        "min": 0.1503019779920578
      },
      "error_body_lin_vel": {
        "count": 299,
        "max": 1.566649079322815,
        "mean": 0.7465058461977885,
        "min": 0.20025070011615753
      },
      "error_body_pos": {
        "count": 299,
        "max": 0.7764679193496704,
        "mean": 0.1531709690008275,
        "min": 0.08151175826787949
      },
      "error_body_rot": {
        "count": 299,
        "max": 1.385046362876892,
        "mean": 1.020607121413368,
        "min": 0.5437754988670349
      },
      "error_joint_pos": {
        "count": 299,
        "max": 5.6047892570495605,
        "mean": 1.8751338716334722,
        "min": 0.7606257200241089
      },
      "error_joint_vel": {
        "count": 299,
        "max": 60.19910430908203,
        "mean": 21.061256955698582,
        "min": 0.0
      },
      "sampling_entropy": {
        "count": 299,
        "max": 0.9999999403953552,
        "mean": 0.9964858702193933,
        "min": 0.9937865138053894
      },
      "sampling_top1_bin": {
        "count": 299,
        "max": 0.5,
        "mean": 0.4899665551839465,
        "min": 0.0
      },
      "sampling_top1_prob": {
        "count": 299,
        "max": 0.21898137032985687,
        "mean": 0.20224632980632143,
        "min": 0.1666666567325592
      }
    },
    "command_terms": [
      "motion"
    ],
    "critic_observation_dim": 286,
    "device": "cuda:4",
    "done_total": 45,
    "event_modes": [
      "startup",
      "interval"
    ],
    "motion_file": "/mnt/infini-data/test/BeyondMimic/res/tracking/official_csv_loop_full_bundle_fk_repaired_robot_order_motion_npz/motions/dance2_subject5/motion.npz",
    "num_envs": 1,
    "observation_shapes": {
      "critic": [
        1,
        286
      ],
      "policy": [
        1,
        160
      ]
    },
    "official_csv_to_npz_unpatched_output": false,
    "paper_level_rollout": false,
    "policy_observation_dim": 160,
    "ppo_training": false,
    "real_robot": false,
    "reward": {
      "count": 299,
      "max": 0.06404069066047668,
      "mean": 0.007420158927892662,
      "min": -0.10433438420295715
    },
    "reward_terms": [
      "motion_global_anchor_pos",
      "motion_global_anchor_ori",
      "motion_body_pos",
      "motion_body_ori",
      "motion_body_lin_vel",
      "motion_body_ang_vel",
      "action_rate_l2",
      "joint_limit",
      "undesired_contacts"
    ],
    "robot_num_bodies": 40,
    "robot_num_joints": 29,
    "status": "ok",
    "step_count": 299,
    "task": "Tracking-Flat-G1-v0",
    "terminated_total": 37,
    "termination_terms": [
      "time_out",
      "anchor_pos",
      "anchor_ori",
      "ee_body_pos"
    ],
    "truncated_total": 8,
    "usd_path": "/mnt/infini-data/test/BeyondMimic/res/tracking/g1_urdf_in_memory_gpu4_probe/g1_official_importer_in_memory_gpu4_export.usda",
    "uses_fk_repaired_motion_npz": true,
    "uses_fk_repaired_robot_order_motion_npz": true,
    "uses_official_importer_export_usd": true,
    "uses_resource_adjusted_usd": false
  },
  "metrics_json": "/mnt/infini-data/test/BeyondMimic/res/tracking/g1_official_importer_export_fk_repaired_robot_order_split_task_eval/motions/dance2_subject5/dance2_subject5_task_eval_metrics.json",
  "motion": "dance2_subject5",
  "returncode": 0,
  "stalled": false,
  "status": "ok"
}