variant	reward_mean	target_body_error_mean	done_count_total	teacher_vae_action_mse_mean	denoised_teacher_action_mse_mean	guided_teacher_action_mse_mean	guided_base_action_mse_mean	guidance_cost_delta_mean
denoised_latent	0.02522474632327473	0.07941892743110657	24	0.003620758576374688	0.009694734355434775	0.009694641033953746	0.006238073466055993	1.7808731583049863e-05
receding_latent_guided	0.024559800173576462	0.08000446110963821	24	0.0036693904710463233	0.009924604519298394	0.00992451494179641	0.00613821218573616	1.8656951527930422e-05
teacher	0.02383228373343131	0.08093592524528503	26	0.003112628770778797	0.009369028563203171	0.009368943933547041	0.0061052936767025485	1.8587479224571816e-05
vae_base	0.025715533450843896	0.0804351270198822	24	0.003216456237841276	0.009222983727605397	0.009222889463900024	0.006241534390396448	1.7817502835123836e-05
