{
  "duration_seconds": 40.05,
  "log": "/mnt/infini-data/test/BeyondMimic/logs/tracking_g1_official_importer_export_fk_repaired_robot_order_split_task_eval/dance2_subject3_task_eval.log",
  "markers": {
    "after_app": true,
    "before_app": true,
    "env_created": true,
    "env_reset": true,
    "exception": false,
    "metrics_file": true,
    "stall_timeout": false,
    "step_bound_reached": true,
    "success": true,
    "traceback": false,
    "vulkan_device_lost": false
  },
  "metrics": {
    "action_dim": 29,
    "action_terms": [
      "joint_pos"
    ],
    "command_metrics_final": {
      "error_anchor_ang_vel": 1.3078945875167847,
      "error_anchor_lin_vel": 1.426209807395935,
      "error_anchor_pos": 0.13345669209957123,
      "error_anchor_rot": 0.42489057779312134,
      "error_body_ang_vel": 3.3202412128448486,
      "error_body_lin_vel": 1.2290540933609009,
      "error_body_pos": 0.20385657250881195,
      "error_body_rot": 1.1838312149047852,
      "error_joint_pos": 2.6780648231506348,
      "error_joint_vel": 19.949329376220703,
      "sampling_entropy": 0.99713134765625,
      "sampling_top1_bin": 0.5,
      "sampling_top1_prob": 0.19213521480560303
    },
    "command_metrics_timeseries": {
      "error_anchor_ang_vel": {
        "count": 299,
        "max": 6.062947750091553,
        "mean": 2.022324933555214,
        "min": 0.31333714723587036
      },
      "error_anchor_lin_vel": {
        "count": 299,
        "max": 1.426209807395935,
        "mean": 0.6387153783420655,
        "min": 0.03655537590384483
      },
      "error_anchor_pos": {
        "count": 299,
        "max": 0.15030133724212646,
        "mean": 0.05142132051750071,
        "min": 0.009224987588822842
      },
      "error_anchor_rot": {
        "count": 299,
        "max": 0.651370644569397,
        "mean": 0.44943765478588665,
        "min": 0.2195023149251938
      },
      "error_body_ang_vel": {
        "count": 299,
        "max": 8.912839889526367,
        "mean": 3.5931902291583375,
        "min": 0.31298747658729553
      },
      "error_body_lin_vel": {
        "count": 299,
        "max": 1.2293720245361328,
        "mean": 0.668698230166499,
        "min": 0.2018461376428604
      },
      "error_body_pos": {
        "count": 299,
        "max": 0.773014485836029,
        "mean": 0.18132786716904528,
        "min": 0.15342994034290314
      },
      "error_body_rot": {
        "count": 299,
        "max": 1.4081047773361206,
        "mean": 1.1797274925238312,
        "min": 0.775898814201355
      },
      "error_joint_pos": {
        "count": 299,
        "max": 2.7157669067382812,
        "mean": 1.7253654369941125,
        "min": 1.089015245437622
      },
      "error_joint_vel": {
        "count": 299,
        "max": 52.196407318115234,
        "mean": 20.016570553731757,
        "min": 0.0
      },
      "sampling_entropy": {
        "count": 299,
        "max": 0.9999999403953552,
        "mean": 0.9984898654912228,
        "min": 0.99659264087677
      },
      "sampling_top1_bin": {
        "count": 299,
        "max": 0.8333333730697632,
        "mean": 0.49275363219222895,
        "min": 0.0
      },
      "sampling_top1_prob": {
        "count": 299,
        "max": 0.20091719925403595,
        "mean": 0.1834522580921052,
        "min": 0.1666666567325592
      }
    },
    "command_terms": [
      "motion"
    ],
    "critic_observation_dim": 286,
    "device": "cuda:4",
    "done_total": 48,
    "event_modes": [
      "startup",
      "interval"
    ],
    "motion_file": "/mnt/infini-data/test/BeyondMimic/res/tracking/official_csv_loop_full_bundle_fk_repaired_robot_order_motion_npz/motions/dance2_subject3/motion.npz",
    "num_envs": 1,
    "observation_shapes": {
      "critic": [
        1,
        286
      ],
      "policy": [
        1,
        160
      ]
    },
    "official_csv_to_npz_unpatched_output": false,
    "paper_level_rollout": false,
    "policy_observation_dim": 160,
    "ppo_training": false,
    "real_robot": false,
    "reward": {
      "count": 299,
      "max": 0.010088126175105572,
      "mean": -0.008861305042602944,
      "min": -0.04269235208630562
    },
    "reward_terms": [
      "motion_global_anchor_pos",
      "motion_global_anchor_ori",
      "motion_body_pos",
      "motion_body_ori",
      "motion_body_lin_vel",
      "motion_body_ang_vel",
      "action_rate_l2",
      "joint_limit",
      "undesired_contacts"
    ],
    "robot_num_bodies": 40,
    "robot_num_joints": 29,
    "status": "ok",
    "step_count": 299,
    "task": "Tracking-Flat-G1-v0",
    "terminated_total": 48,
    "termination_terms": [
      "time_out",
      "anchor_pos",
      "anchor_ori",
      "ee_body_pos"
    ],
    "truncated_total": 0,
    "usd_path": "/mnt/infini-data/test/BeyondMimic/res/tracking/g1_urdf_in_memory_gpu4_probe/g1_official_importer_in_memory_gpu4_export.usda",
    "uses_fk_repaired_motion_npz": true,
    "uses_fk_repaired_robot_order_motion_npz": true,
    "uses_official_importer_export_usd": true,
    "uses_resource_adjusted_usd": false
  },
  "metrics_json": "/mnt/infini-data/test/BeyondMimic/res/tracking/g1_official_importer_export_fk_repaired_robot_order_split_task_eval/motions/dance2_subject3/dance2_subject3_task_eval_metrics.json",
  "motion": "dance2_subject3",
  "returncode": 0,
  "stalled": false,
  "status": "ok"
}