bin	failure	code_kernel_size_1	paper_kernel_size_3	paper_minus_code
0	0.0	0.011363636363636366	0.011363636363636364	-1.734723475976807e-18
1	0.0	0.011363636363636366	0.24981371087928464	0.23845007451564829
2	0.0	0.011363636363636366	0.3094262295081967	0.29806259314456035
3	1.0	0.9204545454545455	0.38394187779433675	-0.5365126676602088
4	0.0	0.011363636363636366	0.011363636363636364	-1.734723475976807e-18
5	0.0	0.011363636363636366	0.011363636363636364	-1.734723475976807e-18
6	0.0	0.011363636363636366	0.011363636363636364	-1.734723475976807e-18
7	0.0	0.011363636363636366	0.011363636363636364	-1.734723475976807e-18
