{
  "duration_seconds": 40.059,
  "log": "/mnt/infini-data/test/BeyondMimic/logs/tracking_g1_official_importer_export_fk_repaired_split_task_eval/walk2_subject1_task_eval.log",
  "markers": {
    "after_app": true,
    "before_app": true,
    "env_created": true,
    "env_reset": true,
    "exception": false,
    "metrics_file": true,
    "stall_timeout": false,
    "step_bound_reached": true,
    "success": true,
    "traceback": false,
    "vulkan_device_lost": false
  },
  "metrics": {
    "action_dim": 29,
    "action_terms": [
      "joint_pos"
    ],
    "command_metrics_final": {
      "error_anchor_ang_vel": 2.286738634109497,
      "error_anchor_lin_vel": 0.32017573714256287,
      "error_anchor_pos": 0.48878511786460876,
      "error_anchor_rot": 0.935518741607666,
      "error_body_ang_vel": 3.2077765464782715,
      "error_body_lin_vel": 1.0135258436203003,
      "error_body_pos": 0.4872269928455353,
      "error_body_rot": 1.154180884361267,
      "error_joint_pos": 0.6637595295906067,
      "error_joint_vel": 0.0,
      "sampling_entropy": 0.9889786243438721,
      "sampling_top1_bin": 0.3333333432674408,
      "sampling_top1_prob": 0.21345415711402893
    },
    "command_metrics_timeseries": {
      "error_anchor_ang_vel": {
        "count": 299,
        "max": 7.018373012542725,
        "mean": 1.586051855248751,
        "min": 0.17090468108654022
      },
      "error_anchor_lin_vel": {
        "count": 299,
        "max": 1.1946136951446533,
        "mean": 0.4838820512478168,
        "min": 0.08426150679588318
      },
      "error_anchor_pos": {
        "count": 299,
        "max": 0.5387972593307495,
        "mean": 0.5020747112988628,
        "min": 0.4742632210254669
      },
      "error_anchor_rot": {
        "count": 299,
        "max": 1.770358681678772,
        "mean": 0.8965698839430027,
        "min": 0.15395775437355042
      },
      "error_body_ang_vel": {
        "count": 299,
        "max": 4.63409423828125,
        "mean": 1.5838896569898695,
        "min": 0.2354293316602707
      },
      "error_body_lin_vel": {
        "count": 299,
        "max": 1.1944727897644043,
        "mean": 0.5965836963625656,
        "min": 0.16157910227775574
      },
      "error_body_pos": {
        "count": 299,
        "max": 1.248481035232544,
        "mean": 0.6061646079139965,
        "min": 0.41402968764305115
      },
      "error_body_rot": {
        "count": 299,
        "max": 2.346881866455078,
        "mean": 1.2992087257745673,
        "min": 0.7564335465431213
      },
      "error_joint_pos": {
        "count": 299,
        "max": 1.077726125717163,
        "mean": 0.7002163285196426,
        "min": 0.31839442253112793
      },
      "error_joint_vel": {
        "count": 299,
        "max": 0.0,
        "mean": 0.0,
        "min": 0.0
      },
      "sampling_entropy": {
        "count": 299,
        "max": 0.9999999403953552,
        "mean": 0.9934350800354744,
        "min": 0.9883464574813843
      },
      "sampling_top1_bin": {
        "count": 299,
        "max": 0.6666666865348816,
        "mean": 0.36677815702846617,
        "min": 0.0
      },
      "sampling_top1_prob": {
        "count": 299,
        "max": 0.21985670924186707,
        "mean": 0.20523541418206334,
        "min": 0.1666666567325592
      }
    },
    "command_terms": [
      "motion"
    ],
    "critic_observation_dim": 286,
    "device": "cuda:4",
    "done_total": 299,
    "event_modes": [
      "startup",
      "interval"
    ],
    "motion_file": "/mnt/infini-data/test/BeyondMimic/res/tracking/official_csv_loop_full_bundle_fk_repaired_split_motion_npz/motions/walk2_subject1/motion.npz",
    "num_envs": 1,
    "observation_shapes": {
      "critic": [
        1,
        286
      ],
      "policy": [
        1,
        160
      ]
    },
    "official_csv_to_npz_unpatched_output": false,
    "paper_level_rollout": false,
    "policy_observation_dim": 160,
    "ppo_training": false,
    "real_robot": false,
    "reward": {
      "count": 299,
      "max": 0.0393233597278595,
      "mean": 0.014041520423103237,
      "min": -0.02588322013616562
    },
    "reward_terms": [
      "motion_global_anchor_pos",
      "motion_global_anchor_ori",
      "motion_body_pos",
      "motion_body_ori",
      "motion_body_lin_vel",
      "motion_body_ang_vel",
      "action_rate_l2",
      "joint_limit",
      "undesired_contacts"
    ],
    "robot_num_bodies": 40,
    "robot_num_joints": 29,
    "status": "ok",
    "step_count": 299,
    "task": "Tracking-Flat-G1-v0",
    "terminated_total": 299,
    "termination_terms": [
      "time_out",
      "anchor_pos",
      "anchor_ori",
      "ee_body_pos"
    ],
    "truncated_total": 0,
    "usd_path": "/mnt/infini-data/test/BeyondMimic/res/tracking/g1_urdf_in_memory_gpu4_probe/g1_official_importer_in_memory_gpu4_export.usda",
    "uses_fk_repaired_motion_npz": true,
    "uses_official_importer_export_usd": true,
    "uses_resource_adjusted_usd": false
  },
  "metrics_json": "/mnt/infini-data/test/BeyondMimic/res/tracking/g1_official_importer_export_fk_repaired_split_task_eval/motions/walk2_subject1/walk2_subject1_task_eval_metrics.json",
  "motion": "walk2_subject1",
  "returncode": 0,
  "stalled": false,
  "status": "ok"
}