gpu_index,samples,mean_utilization_gpu_percent,peak_memory_used_gib,mean_power_draw_w
4,124,93.4274193548387,6.689453125,165.5166935483871
7,124,0.0,0.38671875,116.1991129032258
