{
  "action_dim": 29,
  "action_terms": [
    "joint_pos"
  ],
  "command_metrics_final": {
    "error_anchor_ang_vel": 1.2875828742980957,
    "error_anchor_lin_vel": 0.46541884541511536,
    "error_anchor_pos": 0.3621012568473816,
    "error_anchor_rot": 0.46672555804252625,
    "error_body_ang_vel": 1.6215440034866333,
    "error_body_lin_vel": 0.4849900007247925,
    "error_body_pos": 0.5810883045196533,
    "error_body_rot": 1.6443294286727905,
    "error_joint_pos": 0.6752435564994812,
    "error_joint_vel": 0.0,
    "sampling_entropy": 0.9874336123466492,
    "sampling_top1_bin": 0.1666666716337204,
    "sampling_top1_prob": 0.22251205146312714
  },
  "command_metrics_timeseries": {
    "error_anchor_ang_vel": {
      "count": 299,
      "max": 6.951025009155273,
      "mean": 1.0760510481619914,
      "min": 0.13703148066997528
    },
    "error_anchor_lin_vel": {
      "count": 299,
      "max": 1.793288230895996,
      "mean": 0.49872114681280577,
      "min": 0.061633266508579254
    },
    "error_anchor_pos": {
      "count": 299,
      "max": 0.5291441679000854,
      "mean": 0.4691204154571163,
      "min": 0.26289689540863037
    },
    "error_anchor_rot": {
      "count": 299,
      "max": 1.341099500656128,
      "mean": 0.9169404241552321,
      "min": 0.2551908493041992
    },
    "error_body_ang_vel": {
      "count": 299,
      "max": 5.777525901794434,
      "mean": 1.4797048779534656,
      "min": 0.19778960943222046
    },
    "error_body_lin_vel": {
      "count": 299,
      "max": 1.7458412647247314,
      "mean": 0.5960010308087071,
      "min": 0.1638079732656479
    },
    "error_body_pos": {
      "count": 299,
      "max": 0.9821360111236572,
      "mean": 0.561414686533121,
      "min": 0.3571731448173523
    },
    "error_body_rot": {
      "count": 299,
      "max": 2.15429949760437,
      "mean": 1.3798813451093974,
      "min": 0.7260857224464417
    },
    "error_joint_pos": {
      "count": 299,
      "max": 1.2635939121246338,
      "mean": 0.8523023182333114,
      "min": 0.432882159948349
    },
    "error_joint_vel": {
      "count": 299,
      "max": 0.0,
      "mean": 0.0,
      "min": 0.0
    },
    "sampling_entropy": {
      "count": 299,
      "max": 0.9999999403953552,
      "mean": 0.992658397425776,
      "min": 0.9871929883956909
    },
    "sampling_top1_bin": {
      "count": 299,
      "max": 0.8333333730697632,
      "mean": 0.1850613213602117,
      "min": 0.0
    },
    "sampling_top1_prob": {
      "count": 299,
      "max": 0.23282267153263092,
      "mean": 0.21126890531351733,
      "min": 0.1666666567325592
    }
  },
  "command_terms": [
    "motion"
  ],
  "critic_observation_dim": 286,
  "device": "cuda:4",
  "done_total": 299,
  "event_modes": [
    "startup",
    "interval"
  ],
  "motion_file": "/mnt/infini-data/test/BeyondMimic/res/tracking/official_csv_loop_full_bundle_fk_repaired_split_motion_npz/motions/fallAndGetUp2_subject3/motion.npz",
  "num_envs": 1,
  "observation_shapes": {
    "critic": [
      1,
      286
    ],
    "policy": [
      1,
      160
    ]
  },
  "official_csv_to_npz_unpatched_output": false,
  "paper_level_rollout": false,
  "policy_observation_dim": 160,
  "ppo_training": false,
  "real_robot": false,
  "reward": {
    "count": 299,
    "max": 0.03176967054605484,
    "mean": 0.0019741286726101584,
    "min": -0.045651793479919434
  },
  "reward_terms": [
    "motion_global_anchor_pos",
    "motion_global_anchor_ori",
    "motion_body_pos",
    "motion_body_ori",
    "motion_body_lin_vel",
    "motion_body_ang_vel",
    "action_rate_l2",
    "joint_limit",
    "undesired_contacts"
  ],
  "robot_num_bodies": 40,
  "robot_num_joints": 29,
  "status": "ok",
  "step_count": 299,
  "task": "Tracking-Flat-G1-v0",
  "terminated_total": 299,
  "termination_terms": [
    "time_out",
    "anchor_pos",
    "anchor_ori",
    "ee_body_pos"
  ],
  "truncated_total": 0,
  "usd_path": "/mnt/infini-data/test/BeyondMimic/res/tracking/g1_urdf_in_memory_gpu4_probe/g1_official_importer_in_memory_gpu4_export.usda",
  "uses_fk_repaired_motion_npz": true,
  "uses_official_importer_export_usd": true,
  "uses_resource_adjusted_usd": false
}