{
  "action_dim": 29,
  "action_terms": [
    "joint_pos"
  ],
  "command_metrics_final": {
    "error_anchor_ang_vel": 2.6784045696258545,
    "error_anchor_lin_vel": 1.154382586479187,
    "error_anchor_pos": 0.08348791301250458,
    "error_anchor_rot": 0.18799252808094025,
    "error_body_ang_vel": 8.826302528381348,
    "error_body_lin_vel": 1.1842769384384155,
    "error_body_pos": 0.07239377498626709,
    "error_body_rot": 0.2869776487350464,
    "error_joint_pos": 1.689728856086731,
    "error_joint_vel": 42.15178298950195,
    "sampling_entropy": 0.9995594620704651,
    "sampling_top1_bin": 0.6666666865348816,
    "sampling_top1_prob": 0.1767297089099884
  },
  "command_metrics_timeseries": {
    "error_anchor_ang_vel": {
      "count": 299,
      "max": 14.795814514160156,
      "mean": 2.1060227495820625,
      "min": 0.11155252903699875
    },
    "error_anchor_lin_vel": {
      "count": 299,
      "max": 2.3785197734832764,
      "mean": 1.1482002645930318,
      "min": 0.12744152545928955
    },
    "error_anchor_pos": {
      "count": 299,
      "max": 0.27368810772895813,
      "mean": 0.10007959229553921,
      "min": 0.014985927380621433
    },
    "error_anchor_rot": {
      "count": 299,
      "max": 0.6455953121185303,
      "mean": 0.17794770049709938,
      "min": 0.0243380144238472
    },
    "error_body_ang_vel": {
      "count": 299,
      "max": 29.548494338989258,
      "mean": 7.262876888606261,
      "min": 0.11671770364046097
    },
    "error_body_lin_vel": {
      "count": 299,
      "max": 2.470306396484375,
      "mean": 1.189697123715112,
      "min": 0.10917026549577713
    },
    "error_body_pos": {
      "count": 299,
      "max": 0.8000309467315674,
      "mean": 0.0891572079328465,
      "min": 0.0028614222537726164
    },
    "error_body_rot": {
      "count": 299,
      "max": 1.5707610845565796,
      "mean": 0.28367487386018536,
      "min": 0.10475782305002213
    },
    "error_joint_pos": {
      "count": 299,
      "max": 2.555793523788452,
      "mean": 1.0922851820653896,
      "min": 0.26468783617019653
    },
    "error_joint_vel": {
      "count": 299,
      "max": 94.53189086914062,
      "mean": 32.39555869852021,
      "min": 0.0
    },
    "sampling_entropy": {
      "count": 299,
      "max": 0.9999999403953552,
      "mean": 0.9995863868241326,
      "min": 0.9992393851280212
    },
    "sampling_top1_bin": {
      "count": 299,
      "max": 0.6666666865348816,
      "mean": 0.21293200188655917,
      "min": 0.0
    },
    "sampling_top1_prob": {
      "count": 299,
      "max": 0.18183627724647522,
      "mean": 0.17617173956389412,
      "min": 0.1666666567325592
    }
  },
  "command_terms": [
    "motion"
  ],
  "critic_observation_dim": 286,
  "device": "cuda:4",
  "done_total": 41,
  "event_modes": [
    "startup",
    "interval"
  ],
  "motion_file": "/mnt/infini-data/test/BeyondMimic/res/tracking/official_csv_to_npz_loop_full_dataset_with_enriched_usd/motions/fightAndSports1_subject4/fightAndSports1_subject4_official_loop_enriched_usd_motion.npz",
  "num_envs": 1,
  "observation_shapes": {
    "critic": [
      1,
      286
    ],
    "policy": [
      1,
      160
    ]
  },
  "official_csv_loop_npz_input": true,
  "official_csv_to_npz_unpatched_output": false,
  "paper_level_rollout": false,
  "policy_observation_dim": 160,
  "ppo_training": false,
  "real_robot": false,
  "reward": {
    "count": 299,
    "max": 0.05206061527132988,
    "mean": 0.03038243869051686,
    "min": -0.004801390692591667
  },
  "reward_terms": [
    "motion_global_anchor_pos",
    "motion_global_anchor_ori",
    "motion_body_pos",
    "motion_body_ori",
    "motion_body_lin_vel",
    "motion_body_ang_vel",
    "action_rate_l2",
    "joint_limit",
    "undesired_contacts"
  ],
  "robot_num_bodies": 40,
  "robot_num_joints": 29,
  "status": "ok",
  "step_count": 299,
  "task": "Tracking-Flat-G1-v0",
  "terminated_total": 23,
  "termination_terms": [
    "time_out",
    "anchor_pos",
    "anchor_ori",
    "ee_body_pos"
  ],
  "truncated_total": 18,
  "usd_path": "/mnt/infini-data/test/BeyondMimic/res/tracking/g1_resource_adjusted_enriched_usd/g1_resource_adjusted_29dof_enriched_scaffold.usda",
  "uses_resource_adjusted_usd": true
}