task,row_count,completion_rate_299,guidance_signal_positive_rate,action_changed_rate,reward_improved_vs_denoised_rate,tracking_error_not_worse_vs_denoised_rate,local_proxy_pass_rate,reward_delta_vs_denoised_mean,error_delta_vs_denoised_mean,reward_delta_vs_vae_base_mean,error_delta_vs_vae_base_mean,guidance_cost_delta_mean,guided_base_action_mse_mean
composed,3,1.0,1.0,1.0,0.6666666666666666,0.3333333333333333,0.6666666666666666,0.00020296139400680901,-4.8438707987467446e-05,-0.00012993734872950835,0.0007969637711842855,6.319595752086661e-05,7.56645626742206e-08
joystick,3,1.0,1.0,1.0,0.3333333333333333,0.6666666666666666,0.6666666666666666,-0.0009302910473903704,-0.00020715594291687012,-0.0005253077484148154,0.0002531607945760091,6.64855092930023e-05,7.574911235276357e-08
obstacle_avoidance,3,1.0,1.0,1.0,1.0,1.0,1.0,0.0006040941130623251,-0.0007101198037465414,9.450069530020945e-05,-0.00025984644889831543,3.189473530254768e-07,7.828597905968152e-08
waypoint,3,1.0,1.0,1.0,0.0,0.3333333333333333,0.3333333333333333,-0.0008214778781306815,0.000336150328318278,-0.0020133709802874753,-0.00038052598635355633,7.616245959248963e-06,8.623249347334862e-08
