gpu_index	before_used_mb	after_batch_used_mb	after_reserve_used_mb	memory_total_mb	batch_peak_allocated_mb	reserve_tensor_mb	meets_20gb_target
0	3528	6354	20000	24564	5597.81884765625	13646.0	True
1	358	5330	20000	24564	4692.10009765625	14670.0	True
2	358	5330	20000	24564	4692.10009765625	14670.0	True
3	358	5330	20000	24564	4692.10009765625	14670.0	True
4	358	5330	20000	24564	4692.10009765625	14670.0	True
5	358	5330	20000	24564	4692.10009765625	14670.0	True
6	4339	9311	20001	24564	4692.10009765625	10689.0	True
7	357	5331	20001	24564	4692.10009765625	14669.0	True
