{
  "action_dim": 29,
  "action_terms": [
    "joint_pos"
  ],
  "command_metrics_final": {
    "error_anchor_ang_vel": 1.6532055139541626,
    "error_anchor_lin_vel": 0.9949091076850891,
    "error_anchor_pos": 0.06772694736719131,
    "error_anchor_rot": 0.35259681940078735,
    "error_body_ang_vel": 4.796374797821045,
    "error_body_lin_vel": 1.0737485885620117,
    "error_body_pos": 0.06448537111282349,
    "error_body_rot": 0.43329790234565735,
    "error_joint_pos": 1.9660159349441528,
    "error_joint_vel": 24.86849021911621,
    "sampling_entropy": 0.997363805770874,
    "sampling_top1_bin": 0.5,
    "sampling_top1_prob": 0.1956435590982437
  },
  "command_metrics_timeseries": {
    "error_anchor_ang_vel": {
      "count": 299,
      "max": 5.671102523803711,
      "mean": 1.8193310441879125,
      "min": 0.1710623800754547
    },
    "error_anchor_lin_vel": {
      "count": 299,
      "max": 2.291095733642578,
      "mean": 1.1267894677643393,
      "min": 0.11552698165178299
    },
    "error_anchor_pos": {
      "count": 299,
      "max": 0.2775298058986664,
      "mean": 0.09847852124530436,
      "min": 0.012585005722939968
    },
    "error_anchor_rot": {
      "count": 299,
      "max": 0.6138421893119812,
      "mean": 0.1773286788883217,
      "min": 0.03423347696661949
    },
    "error_body_ang_vel": {
      "count": 299,
      "max": 15.17388916015625,
      "mean": 6.292035097511715,
      "min": 0.17103810608386993
    },
    "error_body_lin_vel": {
      "count": 299,
      "max": 2.290743350982666,
      "mean": 1.1616182317801542,
      "min": 0.19732333719730377
    },
    "error_body_pos": {
      "count": 299,
      "max": 0.9228922128677368,
      "mean": 0.10667866601080736,
      "min": 0.0008717580931261182
    },
    "error_body_rot": {
      "count": 299,
      "max": 1.960038661956787,
      "mean": 0.33035812723796104,
      "min": 0.10023722052574158
    },
    "error_joint_pos": {
      "count": 299,
      "max": 2.411517858505249,
      "mean": 1.3338131936497513,
      "min": 0.25201505422592163
    },
    "error_joint_vel": {
      "count": 299,
      "max": 71.48258972167969,
      "mean": 27.89448334939504,
      "min": 0.0
    },
    "sampling_entropy": {
      "count": 299,
      "max": 0.9999999403953552,
      "mean": 0.9989617054279034,
      "min": 0.997363805770874
    },
    "sampling_top1_bin": {
      "count": 299,
      "max": 0.5,
      "mean": 0.2931995571756044,
      "min": 0.0
    },
    "sampling_top1_prob": {
      "count": 299,
      "max": 0.1956435590982437,
      "mean": 0.18152894418574494,
      "min": 0.1666666567325592
    }
  },
  "command_terms": [
    "motion"
  ],
  "critic_observation_dim": 286,
  "device": "cuda:4",
  "done_total": 38,
  "event_modes": [
    "startup",
    "interval"
  ],
  "motion_file": "/mnt/infini-data/test/BeyondMimic/res/tracking/official_csv_to_npz_loop_full_dataset_with_enriched_usd/motions/jumps1_subject1/jumps1_subject1_official_loop_enriched_usd_motion.npz",
  "num_envs": 1,
  "observation_shapes": {
    "critic": [
      1,
      286
    ],
    "policy": [
      1,
      160
    ]
  },
  "official_csv_loop_npz_input": true,
  "official_csv_to_npz_unpatched_output": false,
  "paper_level_rollout": false,
  "policy_observation_dim": 160,
  "ppo_training": false,
  "real_robot": false,
  "reward": {
    "count": 299,
    "max": 0.05296165123581886,
    "mean": 0.02799453783817714,
    "min": -0.003336898982524872
  },
  "reward_terms": [
    "motion_global_anchor_pos",
    "motion_global_anchor_ori",
    "motion_body_pos",
    "motion_body_ori",
    "motion_body_lin_vel",
    "motion_body_ang_vel",
    "action_rate_l2",
    "joint_limit",
    "undesired_contacts"
  ],
  "robot_num_bodies": 40,
  "robot_num_joints": 29,
  "status": "ok",
  "step_count": 299,
  "task": "Tracking-Flat-G1-v0",
  "terminated_total": 21,
  "termination_terms": [
    "time_out",
    "anchor_pos",
    "anchor_ori",
    "ee_body_pos"
  ],
  "truncated_total": 17,
  "usd_path": "/mnt/infini-data/test/BeyondMimic/res/tracking/g1_resource_adjusted_enriched_usd/g1_resource_adjusted_29dof_enriched_scaffold.usda",
  "uses_resource_adjusted_usd": true
}