{
  "action_dim": 29,
  "action_terms": [
    "joint_pos"
  ],
  "command_metrics_final": {
    "error_anchor_ang_vel": 1.2202510833740234,
    "error_anchor_lin_vel": 0.3625399172306061,
    "error_anchor_pos": 0.039241988211870193,
    "error_anchor_rot": 0.21634788811206818,
    "error_body_ang_vel": 6.682932376861572,
    "error_body_lin_vel": 0.5862419605255127,
    "error_body_pos": 0.020984631031751633,
    "error_body_rot": 0.20890626311302185,
    "error_joint_pos": 1.1210486888885498,
    "error_joint_vel": 40.9375,
    "sampling_entropy": 0.9979453086853027,
    "sampling_top1_bin": 0.8333333730697632,
    "sampling_top1_prob": 0.19194738566875458
  },
  "command_metrics_timeseries": {
    "error_anchor_ang_vel": {
      "count": 299,
      "max": 18.652172088623047,
      "mean": 2.508279254529189,
      "min": 0.10669956356287003
    },
    "error_anchor_lin_vel": {
      "count": 299,
      "max": 2.340028762817383,
      "mean": 1.157604462825335,
      "min": 0.051299870014190674
    },
    "error_anchor_pos": {
      "count": 299,
      "max": 0.28282874822616577,
      "mean": 0.10355200730637962,
      "min": 0.007225431501865387
    },
    "error_anchor_rot": {
      "count": 299,
      "max": 1.2534642219543457,
      "mean": 0.21490066545239858,
      "min": 0.025963256135582924
    },
    "error_body_ang_vel": {
      "count": 299,
      "max": 28.2054500579834,
      "mean": 8.478803929576905,
      "min": 0.19749096035957336
    },
    "error_body_lin_vel": {
      "count": 299,
      "max": 2.4673399925231934,
      "mean": 1.2357579393929063,
      "min": 0.14007890224456787
    },
    "error_body_pos": {
      "count": 299,
      "max": 1.1963796615600586,
      "mean": 0.14156304653438065,
      "min": 0.003274832619354129
    },
    "error_body_rot": {
      "count": 299,
      "max": 2.957491397857666,
      "mean": 0.4399228028977994,
      "min": 0.11258704960346222
    },
    "error_joint_pos": {
      "count": 299,
      "max": 3.328763008117676,
      "mean": 1.3157027368760827,
      "min": 0.2531619071960449
    },
    "error_joint_vel": {
      "count": 299,
      "max": 106.38988494873047,
      "mean": 37.637814888587364,
      "min": 0.0
    },
    "sampling_entropy": {
      "count": 299,
      "max": 0.9999999403953552,
      "mean": 0.9991200743710317,
      "min": 0.9979453086853027
    },
    "sampling_top1_bin": {
      "count": 299,
      "max": 0.8333333730697632,
      "mean": 0.591973259696195,
      "min": 0.0
    },
    "sampling_top1_prob": {
      "count": 299,
      "max": 0.19194738566875458,
      "mean": 0.17937734414103837,
      "min": 0.1666666567325592
    }
  },
  "command_terms": [
    "motion"
  ],
  "critic_observation_dim": 286,
  "device": "cuda:4",
  "done_total": 34,
  "event_modes": [
    "startup",
    "interval"
  ],
  "motion_file": "/mnt/infini-data/test/BeyondMimic/res/tracking/official_csv_to_npz_loop_full_dataset_with_enriched_usd/motions/run1_subject5/run1_subject5_official_loop_enriched_usd_motion.npz",
  "num_envs": 1,
  "observation_shapes": {
    "critic": [
      1,
      286
    ],
    "policy": [
      1,
      160
    ]
  },
  "official_csv_loop_npz_input": true,
  "official_csv_to_npz_unpatched_output": false,
  "paper_level_rollout": false,
  "policy_observation_dim": 160,
  "ppo_training": false,
  "real_robot": false,
  "reward": {
    "count": 299,
    "max": 0.05131479725241661,
    "mean": 0.024141684168308076,
    "min": -0.01638334058225155
  },
  "reward_terms": [
    "motion_global_anchor_pos",
    "motion_global_anchor_ori",
    "motion_body_pos",
    "motion_body_ori",
    "motion_body_lin_vel",
    "motion_body_ang_vel",
    "action_rate_l2",
    "joint_limit",
    "undesired_contacts"
  ],
  "robot_num_bodies": 40,
  "robot_num_joints": 29,
  "status": "ok",
  "step_count": 299,
  "task": "Tracking-Flat-G1-v0",
  "terminated_total": 23,
  "termination_terms": [
    "time_out",
    "anchor_pos",
    "anchor_ori",
    "ee_body_pos"
  ],
  "truncated_total": 11,
  "usd_path": "/mnt/infini-data/test/BeyondMimic/res/tracking/g1_resource_adjusted_enriched_usd/g1_resource_adjusted_29dof_enriched_scaffold.usda",
  "uses_resource_adjusted_usd": true
}