{
  "duration_seconds": 90.096,
  "log": "/mnt/infini-data/test/BeyondMimic/logs/tracking_g1_official_csv_loop_full_dataset_task_eval/jumps1_subject2_task_eval.log",
  "markers": {
    "after_app": true,
    "before_app": true,
    "env_created": true,
    "env_reset": true,
    "exception": false,
    "metrics_file": true,
    "stall_timeout": false,
    "step_bound_reached": true,
    "success": true,
    "traceback": false,
    "vulkan_device_lost": false
  },
  "metrics": {
    "action_dim": 29,
    "action_terms": [
      "joint_pos"
    ],
    "command_metrics_final": {
      "error_anchor_ang_vel": 1.282010555267334,
      "error_anchor_lin_vel": 1.9457844495773315,
      "error_anchor_pos": 0.21466748416423798,
      "error_anchor_rot": 0.236158549785614,
      "error_body_ang_vel": 11.358582496643066,
      "error_body_lin_vel": 2.125955581665039,
      "error_body_pos": 0.20784780383110046,
      "error_body_rot": 0.4493294060230255,
      "error_joint_pos": 1.6349762678146362,
      "error_joint_vel": 56.07637405395508,
      "sampling_entropy": 0.996892511844635,
      "sampling_top1_bin": 0.6666666865348816,
      "sampling_top1_prob": 0.1972811222076416
    },
    "command_metrics_timeseries": {
      "error_anchor_ang_vel": {
        "count": 299,
        "max": 8.095626831054688,
        "mean": 2.0375749545551862,
        "min": 0.17109566926956177
      },
      "error_anchor_lin_vel": {
        "count": 299,
        "max": 2.4796645641326904,
        "mean": 1.1733976284596435,
        "min": 0.17187443375587463
      },
      "error_anchor_pos": {
        "count": 299,
        "max": 0.28331780433654785,
        "mean": 0.10363554002025653,
        "min": 0.0031047011725604534
      },
      "error_anchor_rot": {
        "count": 299,
        "max": 0.7013424038887024,
        "mean": 0.2241375010373401,
        "min": 0.032363638281822205
      },
      "error_body_ang_vel": {
        "count": 299,
        "max": 16.302013397216797,
        "mean": 7.1202016143396145,
        "min": 0.1721586436033249
      },
      "error_body_lin_vel": {
        "count": 299,
        "max": 2.20267653465271,
        "mean": 1.2257150583542311,
        "min": 0.21965065598487854
      },
      "error_body_pos": {
        "count": 299,
        "max": 0.7921035289764404,
        "mean": 0.09056815941098542,
        "min": 0.004670174326747656
      },
      "error_body_rot": {
        "count": 299,
        "max": 1.0786833763122559,
        "mean": 0.42687751534690827,
        "min": 0.10538309067487717
      },
      "error_joint_pos": {
        "count": 299,
        "max": 2.9919497966766357,
        "mean": 1.6587859112084111,
        "min": 0.2798502743244171
      },
      "error_joint_vel": {
        "count": 299,
        "max": 79.52727508544922,
        "mean": 35.027363936637954,
        "min": 0.0
      },
      "sampling_entropy": {
        "count": 299,
        "max": 0.9999999403953552,
        "mean": 0.9978252422052084,
        "min": 0.9957411289215088
      },
      "sampling_top1_bin": {
        "count": 299,
        "max": 0.6666666865348816,
        "mean": 0.642140487364702,
        "min": 0.0
      },
      "sampling_top1_prob": {
        "count": 299,
        "max": 0.20337063074111938,
        "mean": 0.19317525331192592,
        "min": 0.1666666567325592
      }
    },
    "command_terms": [
      "motion"
    ],
    "critic_observation_dim": 286,
    "device": "cuda:4",
    "done_total": 35,
    "event_modes": [
      "startup",
      "interval"
    ],
    "motion_file": "/mnt/infini-data/test/BeyondMimic/res/tracking/official_csv_to_npz_loop_full_dataset_with_enriched_usd/motions/jumps1_subject2/jumps1_subject2_official_loop_enriched_usd_motion.npz",
    "num_envs": 1,
    "observation_shapes": {
      "critic": [
        1,
        286
      ],
      "policy": [
        1,
        160
      ]
    },
    "official_csv_loop_npz_input": true,
    "official_csv_to_npz_unpatched_output": false,
    "paper_level_rollout": false,
    "policy_observation_dim": 160,
    "ppo_training": false,
    "real_robot": false,
    "reward": {
      "count": 299,
      "max": 0.04660094156861305,
      "mean": 0.016732645812864887,
      "min": -0.034549906849861145
    },
    "reward_terms": [
      "motion_global_anchor_pos",
      "motion_global_anchor_ori",
      "motion_body_pos",
      "motion_body_ori",
      "motion_body_lin_vel",
      "motion_body_ang_vel",
      "action_rate_l2",
      "joint_limit",
      "undesired_contacts"
    ],
    "robot_num_bodies": 40,
    "robot_num_joints": 29,
    "status": "ok",
    "step_count": 299,
    "task": "Tracking-Flat-G1-v0",
    "terminated_total": 22,
    "termination_terms": [
      "time_out",
      "anchor_pos",
      "anchor_ori",
      "ee_body_pos"
    ],
    "truncated_total": 13,
    "usd_path": "/mnt/infini-data/test/BeyondMimic/res/tracking/g1_resource_adjusted_enriched_usd/g1_resource_adjusted_29dof_enriched_scaffold.usda",
    "uses_resource_adjusted_usd": true
  },
  "metrics_json": "/mnt/infini-data/test/BeyondMimic/res/tracking/g1_official_csv_loop_full_dataset_task_eval/motions/jumps1_subject2/jumps1_subject2_task_eval_metrics.json",
  "motion": "jumps1_subject2",
  "returncode": 0,
  "stalled": false,
  "status": "ok"
}