{
  "action_dim": 29,
  "action_terms": [
    "joint_pos"
  ],
  "command_metrics_final": {
    "error_anchor_ang_vel": 3.562525987625122,
    "error_anchor_lin_vel": 0.6881960034370422,
    "error_anchor_pos": 0.016947194933891296,
    "error_anchor_rot": 0.11811645328998566,
    "error_body_ang_vel": 10.227291107177734,
    "error_body_lin_vel": 0.5039925575256348,
    "error_body_pos": 0.012112275697290897,
    "error_body_rot": 0.11536510288715363,
    "error_joint_pos": 0.3849581778049469,
    "error_joint_vel": 55.886436462402344,
    "sampling_entropy": 0.998701810836792,
    "sampling_top1_bin": 0.8333333730697632,
    "sampling_top1_prob": 0.18237105011940002
  },
  "command_metrics_timeseries": {
    "error_anchor_ang_vel": {
      "count": 299,
      "max": 9.575339317321777,
      "mean": 2.124444878968507,
      "min": 0.15356461703777313
    },
    "error_anchor_lin_vel": {
      "count": 299,
      "max": 2.3733556270599365,
      "mean": 1.172716524065737,
      "min": 0.12396616488695145
    },
    "error_anchor_pos": {
      "count": 299,
      "max": 0.2846882939338684,
      "mean": 0.10266830525781498,
      "min": 0.011956471018493176
    },
    "error_anchor_rot": {
      "count": 299,
      "max": 0.6656665205955505,
      "mean": 0.22239038789252374,
      "min": 0.02838248759508133
    },
    "error_body_ang_vel": {
      "count": 299,
      "max": 15.612101554870605,
      "mean": 6.545900939001288,
      "min": 0.3174881339073181
    },
    "error_body_lin_vel": {
      "count": 299,
      "max": 2.3702752590179443,
      "mean": 1.1764068294777519,
      "min": 0.0828355923295021
    },
    "error_body_pos": {
      "count": 299,
      "max": 1.3281729221343994,
      "mean": 0.13070709469812272,
      "min": 0.0008584780152887106
    },
    "error_body_rot": {
      "count": 299,
      "max": 1.779802680015564,
      "mean": 0.39969928966318086,
      "min": 0.11536510288715363
    },
    "error_joint_pos": {
      "count": 299,
      "max": 2.373870372772217,
      "mean": 1.3334297213865363,
      "min": 0.25483468174934387
    },
    "error_joint_vel": {
      "count": 299,
      "max": 74.4165267944336,
      "mean": 29.88698335794302,
      "min": 0.0
    },
    "sampling_entropy": {
      "count": 299,
      "max": 0.9999999403953552,
      "mean": 0.999291205884621,
      "min": 0.9984629154205322
    },
    "sampling_top1_bin": {
      "count": 299,
      "max": 0.8333333730697632,
      "mean": 0.5663322404176495,
      "min": 0.0
    },
    "sampling_top1_prob": {
      "count": 299,
      "max": 0.1842414289712906,
      "mean": 0.17674029820340134,
      "min": 0.1666666567325592
    }
  },
  "command_terms": [
    "motion"
  ],
  "critic_observation_dim": 286,
  "device": "cuda:4",
  "done_total": 35,
  "event_modes": [
    "startup",
    "interval"
  ],
  "motion_file": "/mnt/infini-data/test/BeyondMimic/res/tracking/official_csv_to_npz_loop_full_dataset_with_enriched_usd/motions/fallAndGetUp3_subject1/fallAndGetUp3_subject1_official_loop_enriched_usd_motion.npz",
  "num_envs": 1,
  "observation_shapes": {
    "critic": [
      1,
      286
    ],
    "policy": [
      1,
      160
    ]
  },
  "official_csv_loop_npz_input": true,
  "official_csv_to_npz_unpatched_output": false,
  "paper_level_rollout": false,
  "policy_observation_dim": 160,
  "ppo_training": false,
  "real_robot": false,
  "reward": {
    "count": 299,
    "max": 0.05234351381659508,
    "mean": 0.023121212665178505,
    "min": -0.03915891796350479
  },
  "reward_terms": [
    "motion_global_anchor_pos",
    "motion_global_anchor_ori",
    "motion_body_pos",
    "motion_body_ori",
    "motion_body_lin_vel",
    "motion_body_ang_vel",
    "action_rate_l2",
    "joint_limit",
    "undesired_contacts"
  ],
  "robot_num_bodies": 40,
  "robot_num_joints": 29,
  "status": "ok",
  "step_count": 299,
  "task": "Tracking-Flat-G1-v0",
  "terminated_total": 24,
  "termination_terms": [
    "time_out",
    "anchor_pos",
    "anchor_ori",
    "ee_body_pos"
  ],
  "truncated_total": 11,
  "usd_path": "/mnt/infini-data/test/BeyondMimic/res/tracking/g1_resource_adjusted_enriched_usd/g1_resource_adjusted_29dof_enriched_scaffold.usda",
  "uses_resource_adjusted_usd": true
}