variant	reward_mean	target_body_error_mean	done_count_total	teacher_vae_action_mse_mean	denoised_teacher_action_mse_mean	guided_teacher_action_mse_mean	guided_base_action_mse_mean	guidance_cost_delta_mean
denoised_latent	0.023007825034106755	0.3442552387714386	299	5.2625797036436605e-05	5.280778115598896e-05	5.280778164875866e-05	7.572672395207986e-08	7.570867604236539e-06
receding_latent_guided	0.02398994552862385	0.34446150064468384	299	4.861834661042365e-05	4.867610912387011e-05	4.867611181889454e-05	6.848627871354526e-08	7.538716729269379e-06
teacher	0.024694372188100548	0.34437111020088196	299	4.735941049914626e-05	4.759705830430149e-05	4.759705717275624e-05	7.506018352907569e-08	7.46149482535678e-06
vae_base	0.02563044998676432	0.34561699628829956	299	5.134010092034293e-05	5.163766442050334e-05	5.163765875365173e-05	6.340609760906832e-08	7.674278672722271e-06
