{
  "action_dim": 29,
  "action_terms": [
    "joint_pos"
  ],
  "command_metrics_final": {
    "error_anchor_ang_vel": 1.2959388494491577,
    "error_anchor_lin_vel": 0.8259083032608032,
    "error_anchor_pos": 0.06238100677728653,
    "error_anchor_rot": 0.26661935448646545,
    "error_body_ang_vel": 3.2933664321899414,
    "error_body_lin_vel": 0.7485567331314087,
    "error_body_pos": 0.12900730967521667,
    "error_body_rot": 0.8536401987075806,
    "error_joint_pos": 1.4889966249465942,
    "error_joint_vel": 13.675084114074707,
    "sampling_entropy": 0.9967669248580933,
    "sampling_top1_bin": 0.0,
    "sampling_top1_prob": 0.1900966316461563
  },
  "command_metrics_timeseries": {
    "error_anchor_ang_vel": {
      "count": 299,
      "max": 9.44094467163086,
      "mean": 1.6018122322234423,
      "min": 0.08726295083761215
    },
    "error_anchor_lin_vel": {
      "count": 299,
      "max": 1.9795881509780884,
      "mean": 0.9350676996303242,
      "min": 0.1201457604765892
    },
    "error_anchor_pos": {
      "count": 299,
      "max": 0.2694505453109741,
      "mean": 0.09237245149481388,
      "min": 0.0007306142360903323
    },
    "error_anchor_rot": {
      "count": 299,
      "max": 0.715938150882721,
      "mean": 0.29255253087143634,
      "min": 0.026077795773744583
    },
    "error_body_ang_vel": {
      "count": 299,
      "max": 12.734830856323242,
      "mean": 3.1074819353511898,
      "min": 0.2545076906681061
    },
    "error_body_lin_vel": {
      "count": 299,
      "max": 1.7581578493118286,
      "mean": 0.940520622558817,
      "min": 0.2897672653198242
    },
    "error_body_pos": {
      "count": 299,
      "max": 1.848802924156189,
      "mean": 0.2207036463911318,
      "min": 0.06408122181892395
    },
    "error_body_rot": {
      "count": 299,
      "max": 1.9540663957595825,
      "mean": 0.8486485287895968,
      "min": 0.6227095127105713
    },
    "error_joint_pos": {
      "count": 299,
      "max": 3.698228597640991,
      "mean": 1.5248811944671299,
      "min": 0.5463982224464417
    },
    "error_joint_vel": {
      "count": 299,
      "max": 58.53730010986328,
      "mean": 12.243571633080576,
      "min": 0.0
    },
    "sampling_entropy": {
      "count": 299,
      "max": 0.9999999403953552,
      "mean": 0.9978276423387304,
      "min": 0.9963825941085815
    },
    "sampling_top1_bin": {
      "count": 299,
      "max": 0.3333333432674408,
      "mean": 0.09977703753323061,
      "min": 0.0
    },
    "sampling_top1_prob": {
      "count": 299,
      "max": 0.19919870793819427,
      "mean": 0.1918544554491107,
      "min": 0.1666666567325592
    }
  },
  "command_terms": [
    "motion"
  ],
  "critic_observation_dim": 286,
  "device": "cuda:4",
  "done_total": 45,
  "event_modes": [
    "startup",
    "interval"
  ],
  "motion_file": "/mnt/infini-data/test/BeyondMimic/res/tracking/official_csv_loop_full_bundle_fk_repaired_robot_order_motion_npz/motions/walk3_subject4/motion.npz",
  "num_envs": 1,
  "observation_shapes": {
    "critic": [
      1,
      286
    ],
    "policy": [
      1,
      160
    ]
  },
  "official_csv_to_npz_unpatched_output": false,
  "paper_level_rollout": false,
  "policy_observation_dim": 160,
  "ppo_training": false,
  "real_robot": false,
  "reward": {
    "count": 299,
    "max": 0.06389118731021881,
    "mean": 0.033566164894708525,
    "min": -0.024157598614692688
  },
  "reward_terms": [
    "motion_global_anchor_pos",
    "motion_global_anchor_ori",
    "motion_body_pos",
    "motion_body_ori",
    "motion_body_lin_vel",
    "motion_body_ang_vel",
    "action_rate_l2",
    "joint_limit",
    "undesired_contacts"
  ],
  "robot_num_bodies": 40,
  "robot_num_joints": 29,
  "status": "ok",
  "step_count": 299,
  "task": "Tracking-Flat-G1-v0",
  "terminated_total": 23,
  "termination_terms": [
    "time_out",
    "anchor_pos",
    "anchor_ori",
    "ee_body_pos"
  ],
  "truncated_total": 22,
  "usd_path": "/mnt/infini-data/test/BeyondMimic/res/tracking/g1_urdf_in_memory_gpu4_probe/g1_official_importer_in_memory_gpu4_export.usda",
  "uses_fk_repaired_motion_npz": true,
  "uses_fk_repaired_robot_order_motion_npz": true,
  "uses_official_importer_export_usd": true,
  "uses_resource_adjusted_usd": false
}