{
  "action_dim": 29,
  "action_terms": [
    "joint_pos"
  ],
  "command_metrics_final": {
    "error_anchor_ang_vel": 4.042392730712891,
    "error_anchor_lin_vel": 1.6788228750228882,
    "error_anchor_pos": 0.16353629529476166,
    "error_anchor_rot": 0.12095116078853607,
    "error_body_ang_vel": 10.717822074890137,
    "error_body_lin_vel": 1.9203561544418335,
    "error_body_pos": 0.1522645503282547,
    "error_body_rot": 0.48542502522468567,
    "error_joint_pos": 2.0847690105438232,
    "error_joint_vel": 61.62932586669922,
    "sampling_entropy": 0.9992480874061584,
    "sampling_top1_bin": 0.0,
    "sampling_top1_prob": 0.18063807487487793
  },
  "command_metrics_timeseries": {
    "error_anchor_ang_vel": {
      "count": 299,
      "max": 24.8809757232666,
      "mean": 2.4167660914834923,
      "min": 0.19661615788936615
    },
    "error_anchor_lin_vel": {
      "count": 299,
      "max": 2.719952344894409,
      "mean": 1.210497129820661,
      "min": 0.15964576601982117
    },
    "error_anchor_pos": {
      "count": 299,
      "max": 0.28217464685440063,
      "mean": 0.10266227715175262,
      "min": 0.0028530617710202932
    },
    "error_anchor_rot": {
      "count": 299,
      "max": 0.7698352932929993,
      "mean": 0.2378805788564044,
      "min": 0.037649597972631454
    },
    "error_body_ang_vel": {
      "count": 299,
      "max": 29.716571807861328,
      "mean": 7.80525596953156,
      "min": 0.35014936327934265
    },
    "error_body_lin_vel": {
      "count": 299,
      "max": 2.451514482498169,
      "mean": 1.2431102543570924,
      "min": 0.20760835707187653
    },
    "error_body_pos": {
      "count": 299,
      "max": 0.8728248476982117,
      "mean": 0.1214279310441386,
      "min": 0.004156004171818495
    },
    "error_body_rot": {
      "count": 299,
      "max": 2.2023942470550537,
      "mean": 0.44386780476291043,
      "min": 0.11274479329586029
    },
    "error_joint_pos": {
      "count": 299,
      "max": 3.219078302383423,
      "mean": 1.4098613972348912,
      "min": 0.22618679702281952
    },
    "error_joint_vel": {
      "count": 299,
      "max": 89.176513671875,
      "mean": 35.501666410312204,
      "min": 0.0
    },
    "sampling_entropy": {
      "count": 299,
      "max": 0.9999999403953552,
      "mean": 0.9992390556080285,
      "min": 0.998515784740448
    },
    "sampling_top1_bin": {
      "count": 299,
      "max": 0.6666666865348816,
      "mean": 0.3584169554570846,
      "min": 0.0
    },
    "sampling_top1_prob": {
      "count": 299,
      "max": 0.18197953701019287,
      "mean": 0.17671557598090093,
      "min": 0.1666666567325592
    }
  },
  "command_terms": [
    "motion"
  ],
  "critic_observation_dim": 286,
  "device": "cuda:4",
  "done_total": 41,
  "event_modes": [
    "startup",
    "interval"
  ],
  "motion_file": "/mnt/infini-data/test/BeyondMimic/res/tracking/official_csv_to_npz_loop_full_dataset_with_enriched_usd/motions/fight1_subject5/fight1_subject5_official_loop_enriched_usd_motion.npz",
  "num_envs": 1,
  "observation_shapes": {
    "critic": [
      1,
      286
    ],
    "policy": [
      1,
      160
    ]
  },
  "official_csv_loop_npz_input": true,
  "official_csv_to_npz_unpatched_output": false,
  "paper_level_rollout": false,
  "policy_observation_dim": 160,
  "ppo_training": false,
  "real_robot": false,
  "reward": {
    "count": 299,
    "max": 0.05130651220679283,
    "mean": 0.015186159927584854,
    "min": -0.04401364177465439
  },
  "reward_terms": [
    "motion_global_anchor_pos",
    "motion_global_anchor_ori",
    "motion_body_pos",
    "motion_body_ori",
    "motion_body_lin_vel",
    "motion_body_ang_vel",
    "action_rate_l2",
    "joint_limit",
    "undesired_contacts"
  ],
  "robot_num_bodies": 40,
  "robot_num_joints": 29,
  "status": "ok",
  "step_count": 299,
  "task": "Tracking-Flat-G1-v0",
  "terminated_total": 25,
  "termination_terms": [
    "time_out",
    "anchor_pos",
    "anchor_ori",
    "ee_body_pos"
  ],
  "truncated_total": 16,
  "usd_path": "/mnt/infini-data/test/BeyondMimic/res/tracking/g1_resource_adjusted_enriched_usd/g1_resource_adjusted_29dof_enriched_scaffold.usda",
  "uses_resource_adjusted_usd": true
}