{
  "action_dim": 29,
  "action_terms": [
    "joint_pos"
  ],
  "command_metrics_final": {
    "error_anchor_ang_vel": 1.0295791625976562,
    "error_anchor_lin_vel": 0.5224839448928833,
    "error_anchor_pos": 0.047471318393945694,
    "error_anchor_rot": 0.41782087087631226,
    "error_body_ang_vel": 2.4316952228546143,
    "error_body_lin_vel": 0.553102433681488,
    "error_body_pos": 0.1293228417634964,
    "error_body_rot": 0.8235984444618225,
    "error_joint_pos": 0.6290392279624939,
    "error_joint_vel": 6.206833362579346,
    "sampling_entropy": 0.996010959148407,
    "sampling_top1_bin": 0.1666666716337204,
    "sampling_top1_prob": 0.18967291712760925
  },
  "command_metrics_timeseries": {
    "error_anchor_ang_vel": {
      "count": 299,
      "max": 11.468064308166504,
      "mean": 1.9346411977474107,
      "min": 0.11147137731313705
    },
    "error_anchor_lin_vel": {
      "count": 299,
      "max": 2.009965658187866,
      "mean": 0.8301478699348045,
      "min": 0.09915107488632202
    },
    "error_anchor_pos": {
      "count": 299,
      "max": 0.2791692912578583,
      "mean": 0.06639529341975084,
      "min": 0.009157796390354633
    },
    "error_anchor_rot": {
      "count": 299,
      "max": 0.6537647247314453,
      "mean": 0.35673986788976153,
      "min": 0.033442623913288116
    },
    "error_body_ang_vel": {
      "count": 299,
      "max": 8.846928596496582,
      "mean": 3.1429928981241173,
      "min": 0.2421128898859024
    },
    "error_body_lin_vel": {
      "count": 299,
      "max": 1.951228380203247,
      "mean": 0.8338048872242005,
      "min": 0.2425103336572647
    },
    "error_body_pos": {
      "count": 299,
      "max": 0.7866708040237427,
      "mean": 0.17419507474105891,
      "min": 0.10636762529611588
    },
    "error_body_rot": {
      "count": 299,
      "max": 1.153928518295288,
      "mean": 0.9467699485877684,
      "min": 0.7569925785064697
    },
    "error_joint_pos": {
      "count": 299,
      "max": 3.5459699630737305,
      "mean": 1.4287559156832488,
      "min": 0.5380159616470337
    },
    "error_joint_vel": {
      "count": 299,
      "max": 60.007598876953125,
      "mean": 14.756215920017715,
      "min": 0.0
    },
    "sampling_entropy": {
      "count": 299,
      "max": 0.9999999403953552,
      "mean": 0.9981520173940371,
      "min": 0.996010959148407
    },
    "sampling_top1_bin": {
      "count": 299,
      "max": 0.8333333730697632,
      "mean": 0.4905239745825031,
      "min": 0.0
    },
    "sampling_top1_prob": {
      "count": 299,
      "max": 0.1923721879720688,
      "mean": 0.18421258485835532,
      "min": 0.1666666567325592
    }
  },
  "command_terms": [
    "motion"
  ],
  "critic_observation_dim": 286,
  "device": "cuda:4",
  "done_total": 55,
  "event_modes": [
    "startup",
    "interval"
  ],
  "motion_file": "/mnt/infini-data/test/BeyondMimic/res/tracking/official_csv_loop_full_bundle_fk_repaired_robot_order_motion_npz/motions/jumps1_subject2/motion.npz",
  "num_envs": 1,
  "observation_shapes": {
    "critic": [
      1,
      286
    ],
    "policy": [
      1,
      160
    ]
  },
  "official_csv_to_npz_unpatched_output": false,
  "paper_level_rollout": false,
  "policy_observation_dim": 160,
  "ppo_training": false,
  "real_robot": false,
  "reward": {
    "count": 299,
    "max": 0.05900784581899643,
    "mean": 0.027683227475620433,
    "min": -0.04263439029455185
  },
  "reward_terms": [
    "motion_global_anchor_pos",
    "motion_global_anchor_ori",
    "motion_body_pos",
    "motion_body_ori",
    "motion_body_lin_vel",
    "motion_body_ang_vel",
    "action_rate_l2",
    "joint_limit",
    "undesired_contacts"
  ],
  "robot_num_bodies": 40,
  "robot_num_joints": 29,
  "status": "ok",
  "step_count": 299,
  "task": "Tracking-Flat-G1-v0",
  "terminated_total": 48,
  "termination_terms": [
    "time_out",
    "anchor_pos",
    "anchor_ori",
    "ee_body_pos"
  ],
  "truncated_total": 7,
  "usd_path": "/mnt/infini-data/test/BeyondMimic/res/tracking/g1_urdf_in_memory_gpu4_probe/g1_official_importer_in_memory_gpu4_export.usda",
  "uses_fk_repaired_motion_npz": true,
  "uses_fk_repaired_robot_order_motion_npz": true,
  "uses_official_importer_export_usd": true,
  "uses_resource_adjusted_usd": false
}