{
  "duration_seconds": 40.054,
  "log": "/mnt/infini-data/test/BeyondMimic/logs/tracking_g1_official_importer_export_fk_repaired_split_task_eval/fallAndGetUp1_subject5_task_eval.log",
  "markers": {
    "after_app": true,
    "before_app": true,
    "env_created": true,
    "env_reset": true,
    "exception": false,
    "metrics_file": true,
    "stall_timeout": false,
    "step_bound_reached": true,
    "success": true,
    "traceback": false,
    "vulkan_device_lost": false
  },
  "metrics": {
    "action_dim": 29,
    "action_terms": [
      "joint_pos"
    ],
    "command_metrics_final": {
      "error_anchor_ang_vel": 0.3369234502315521,
      "error_anchor_lin_vel": 0.5066609382629395,
      "error_anchor_pos": 0.49785083532333374,
      "error_anchor_rot": 0.33187562227249146,
      "error_body_ang_vel": 0.34496861696243286,
      "error_body_lin_vel": 0.4632790684700012,
      "error_body_pos": 0.4748200476169586,
      "error_body_rot": 0.9132329821586609,
      "error_joint_pos": 1.0644410848617554,
      "error_joint_vel": 0.0,
      "sampling_entropy": 0.9731424450874329,
      "sampling_top1_bin": 0.3333333432674408,
      "sampling_top1_prob": 0.24529291689395905
    },
    "command_metrics_timeseries": {
      "error_anchor_ang_vel": {
        "count": 299,
        "max": 10.123248100280762,
        "mean": 1.351601611548742,
        "min": 0.054342444986104965
      },
      "error_anchor_lin_vel": {
        "count": 299,
        "max": 1.4740155935287476,
        "mean": 0.4674629364972529,
        "min": 0.09919153898954391
      },
      "error_anchor_pos": {
        "count": 299,
        "max": 0.5287424921989441,
        "mean": 0.5004554219469178,
        "min": 0.456818163394928
      },
      "error_anchor_rot": {
        "count": 299,
        "max": 1.4555866718292236,
        "mean": 0.3077055878164776,
        "min": 0.05031019076704979
      },
      "error_body_ang_vel": {
        "count": 299,
        "max": 4.6556525230407715,
        "mean": 1.2519827226432272,
        "min": 0.11738905310630798
      },
      "error_body_lin_vel": {
        "count": 299,
        "max": 1.3956912755966187,
        "mean": 0.55231857459282,
        "min": 0.10879550874233246
      },
      "error_body_pos": {
        "count": 299,
        "max": 1.5654016733169556,
        "mean": 0.6562281743339871,
        "min": 0.4033096432685852
      },
      "error_body_rot": {
        "count": 299,
        "max": 1.9982835054397583,
        "mean": 1.0532519635946855,
        "min": 0.5583971738815308
      },
      "error_joint_pos": {
        "count": 299,
        "max": 1.2472972869873047,
        "mean": 0.9765350439875421,
        "min": 0.3219773471355438
      },
      "error_joint_vel": {
        "count": 299,
        "max": 0.0,
        "mean": 0.0,
        "min": 0.0
      },
      "sampling_entropy": {
        "count": 299,
        "max": 0.9999999403953552,
        "mean": 0.9834225151849829,
        "min": 0.9706989526748657
      },
      "sampling_top1_bin": {
        "count": 299,
        "max": 0.8333333730697632,
        "mean": 0.3489409247569017,
        "min": 0.0
      },
      "sampling_top1_prob": {
        "count": 299,
        "max": 0.2467159777879715,
        "mean": 0.22245890684550423,
        "min": 0.1666666567325592
      }
    },
    "command_terms": [
      "motion"
    ],
    "critic_observation_dim": 286,
    "device": "cuda:4",
    "done_total": 299,
    "event_modes": [
      "startup",
      "interval"
    ],
    "motion_file": "/mnt/infini-data/test/BeyondMimic/res/tracking/official_csv_loop_full_bundle_fk_repaired_split_motion_npz/motions/fallAndGetUp1_subject5/motion.npz",
    "num_envs": 1,
    "observation_shapes": {
      "critic": [
        1,
        286
      ],
      "policy": [
        1,
        160
      ]
    },
    "official_csv_to_npz_unpatched_output": false,
    "paper_level_rollout": false,
    "policy_observation_dim": 160,
    "ppo_training": false,
    "real_robot": false,
    "reward": {
      "count": 299,
      "max": 0.02837546356022358,
      "mean": 0.007515482962704622,
      "min": -0.017421796917915344
    },
    "reward_terms": [
      "motion_global_anchor_pos",
      "motion_global_anchor_ori",
      "motion_body_pos",
      "motion_body_ori",
      "motion_body_lin_vel",
      "motion_body_ang_vel",
      "action_rate_l2",
      "joint_limit",
      "undesired_contacts"
    ],
    "robot_num_bodies": 40,
    "robot_num_joints": 29,
    "status": "ok",
    "step_count": 299,
    "task": "Tracking-Flat-G1-v0",
    "terminated_total": 299,
    "termination_terms": [
      "time_out",
      "anchor_pos",
      "anchor_ori",
      "ee_body_pos"
    ],
    "truncated_total": 0,
    "usd_path": "/mnt/infini-data/test/BeyondMimic/res/tracking/g1_urdf_in_memory_gpu4_probe/g1_official_importer_in_memory_gpu4_export.usda",
    "uses_fk_repaired_motion_npz": true,
    "uses_official_importer_export_usd": true,
    "uses_resource_adjusted_usd": false
  },
  "metrics_json": "/mnt/infini-data/test/BeyondMimic/res/tracking/g1_official_importer_export_fk_repaired_split_task_eval/motions/fallAndGetUp1_subject5/fallAndGetUp1_subject5_task_eval_metrics.json",
  "motion": "fallAndGetUp1_subject5",
  "returncode": 0,
  "stalled": false,
  "status": "ok"
}