{
  "action_dim": 29,
  "action_terms": [
    "joint_pos"
  ],
  "command_metrics_final": {
    "error_anchor_ang_vel": 0.6572090983390808,
    "error_anchor_lin_vel": 0.36563703417778015,
    "error_anchor_pos": 0.5054245591163635,
    "error_anchor_rot": 0.9450091123580933,
    "error_body_ang_vel": 0.6618836522102356,
    "error_body_lin_vel": 0.4747988283634186,
    "error_body_pos": 0.4814625084400177,
    "error_body_rot": 1.2492845058441162,
    "error_joint_pos": 0.7522607445716858,
    "error_joint_vel": 0.0,
    "sampling_entropy": 0.9903064966201782,
    "sampling_top1_bin": 0.1666666716337204,
    "sampling_top1_prob": 0.20396967232227325
  },
  "command_metrics_timeseries": {
    "error_anchor_ang_vel": {
      "count": 299,
      "max": 2.036235809326172,
      "mean": 0.6233103855896156,
      "min": 0.1954033374786377
    },
    "error_anchor_lin_vel": {
      "count": 299,
      "max": 0.7925530672073364,
      "mean": 0.39300072189408003,
      "min": 0.04619159922003746
    },
    "error_anchor_pos": {
      "count": 299,
      "max": 0.5283333659172058,
      "mean": 0.49677221332505395,
      "min": 0.47269585728645325
    },
    "error_anchor_rot": {
      "count": 299,
      "max": 1.2097922563552856,
      "mean": 0.9250914801323294,
      "min": 0.6044102311134338
    },
    "error_body_ang_vel": {
      "count": 299,
      "max": 2.3378121852874756,
      "mean": 0.7462126068945314,
      "min": 0.21769410371780396
    },
    "error_body_lin_vel": {
      "count": 299,
      "max": 0.8886867761611938,
      "mean": 0.426724847941893,
      "min": 0.1081741452217102
    },
    "error_body_pos": {
      "count": 299,
      "max": 0.7530514001846313,
      "mean": 0.48207426250578966,
      "min": 0.43524470925331116
    },
    "error_body_rot": {
      "count": 299,
      "max": 1.4016520977020264,
      "mean": 1.1589866627418874,
      "min": 0.792134702205658
    },
    "error_joint_pos": {
      "count": 299,
      "max": 1.103408932685852,
      "mean": 0.7785720175325272,
      "min": 0.5531035661697388
    },
    "error_joint_vel": {
      "count": 299,
      "max": 0.0,
      "mean": 0.0,
      "min": 0.0
    },
    "sampling_entropy": {
      "count": 299,
      "max": 0.9999999403953552,
      "mean": 0.9911178870743333,
      "min": 0.9863085150718689
    },
    "sampling_top1_bin": {
      "count": 299,
      "max": 0.6666666865348816,
      "mean": 0.1995540749667879,
      "min": 0.0
    },
    "sampling_top1_prob": {
      "count": 299,
      "max": 0.22836846113204956,
      "mean": 0.20623869047715113,
      "min": 0.1666666567325592
    }
  },
  "command_terms": [
    "motion"
  ],
  "critic_observation_dim": 286,
  "device": "cuda:4",
  "done_total": 299,
  "event_modes": [
    "startup",
    "interval"
  ],
  "motion_file": "/mnt/infini-data/test/BeyondMimic/res/tracking/official_csv_loop_full_bundle_fk_repaired_split_motion_npz/motions/dance1_subject2/motion.npz",
  "num_envs": 1,
  "observation_shapes": {
    "critic": [
      1,
      286
    ],
    "policy": [
      1,
      160
    ]
  },
  "official_csv_to_npz_unpatched_output": false,
  "paper_level_rollout": false,
  "policy_observation_dim": 160,
  "ppo_training": false,
  "real_robot": false,
  "reward": {
    "count": 299,
    "max": 0.02948603965342045,
    "mean": 0.003297258973632469,
    "min": -0.024375639855861664
  },
  "reward_terms": [
    "motion_global_anchor_pos",
    "motion_global_anchor_ori",
    "motion_body_pos",
    "motion_body_ori",
    "motion_body_lin_vel",
    "motion_body_ang_vel",
    "action_rate_l2",
    "joint_limit",
    "undesired_contacts"
  ],
  "robot_num_bodies": 40,
  "robot_num_joints": 29,
  "status": "ok",
  "step_count": 299,
  "task": "Tracking-Flat-G1-v0",
  "terminated_total": 299,
  "termination_terms": [
    "time_out",
    "anchor_pos",
    "anchor_ori",
    "ee_body_pos"
  ],
  "truncated_total": 0,
  "usd_path": "/mnt/infini-data/test/BeyondMimic/res/tracking/g1_urdf_in_memory_gpu4_probe/g1_official_importer_in_memory_gpu4_export.usda",
  "uses_fk_repaired_motion_npz": true,
  "uses_official_importer_export_usd": true,
  "uses_resource_adjusted_usd": false
}