variant	reward_mean	target_body_error_mean	done_count_total	teacher_vae_action_mse_mean	denoised_teacher_action_mse_mean	guided_teacher_action_mse_mean	guided_base_action_mse_mean	guidance_cost_delta_mean
denoised_latent	0.024104184255371475	0.34541043639183044	299	0.00019479090062980025	0.00024404285934459367	0.0002440421971472807	4.755798445689895e-05	6.530254481229495e-05
receding_latent_guided	0.024115927125729096	0.3450976610183716	299	0.0001988861112596263	0.0002462220152081372	0.00024622153484892884	4.330518448590963e-05	6.488740543856669e-05
teacher	0.020768159108055774	0.34518885612487793	299	0.00020898445236951582	0.00026244505921646993	0.00026244440482438573	4.958964033879278e-05	6.488511295222917e-05
vae_base	0.022385245982563765	0.3452579975128174	299	0.00020159001952838496	0.0002586642771603635	0.000258663593877374	5.364389294467352e-05	6.539745873033403e-05
