{
  "duration_seconds": 40.043,
  "log": "/mnt/infini-data/test/BeyondMimic/logs/tracking_g1_official_importer_export_fk_repaired_robot_order_split_task_eval/walk2_subject3_task_eval.log",
  "markers": {
    "after_app": true,
    "before_app": true,
    "env_created": true,
    "env_reset": true,
    "exception": false,
    "metrics_file": true,
    "stall_timeout": false,
    "step_bound_reached": true,
    "success": true,
    "traceback": false,
    "vulkan_device_lost": false
  },
  "metrics": {
    "action_dim": 29,
    "action_terms": [
      "joint_pos"
    ],
    "command_metrics_final": {
      "error_anchor_ang_vel": 9.988639831542969,
      "error_anchor_lin_vel": 0.649389386177063,
      "error_anchor_pos": 0.05170740932226181,
      "error_anchor_rot": 0.32085472345352173,
      "error_body_ang_vel": 11.484415054321289,
      "error_body_lin_vel": 1.1976851224899292,
      "error_body_pos": 0.20359256863594055,
      "error_body_rot": 1.3293166160583496,
      "error_joint_pos": 3.067837715148926,
      "error_joint_vel": 47.70510482788086,
      "sampling_entropy": 0.9981287717819214,
      "sampling_top1_bin": 0.1666666716337204,
      "sampling_top1_prob": 0.17981132864952087
    },
    "command_metrics_timeseries": {
      "error_anchor_ang_vel": {
        "count": 299,
        "max": 10.547061920166016,
        "mean": 2.435040250246142,
        "min": 0.10758461803197861
      },
      "error_anchor_lin_vel": {
        "count": 299,
        "max": 1.8469921350479126,
        "mean": 0.8481904325576929,
        "min": 0.0681348592042923
      },
      "error_anchor_pos": {
        "count": 299,
        "max": 0.2879960238933563,
        "mean": 0.0794326786129396,
        "min": 0.006527813617140055
      },
      "error_anchor_rot": {
        "count": 299,
        "max": 1.1042934656143188,
        "mean": 0.6084681473248779,
        "min": 0.253752201795578
      },
      "error_body_ang_vel": {
        "count": 299,
        "max": 14.997668266296387,
        "mean": 4.0371170095775435,
        "min": 0.2784787714481354
      },
      "error_body_lin_vel": {
        "count": 299,
        "max": 1.778104543685913,
        "mean": 0.8279442997730296,
        "min": 0.09304571896791458
      },
      "error_body_pos": {
        "count": 299,
        "max": 0.7658970952033997,
        "mean": 0.1830880629478091,
        "min": 0.11562842130661011
      },
      "error_body_rot": {
        "count": 299,
        "max": 1.4452687501907349,
        "mean": 1.0999173573825671,
        "min": 0.6903963685035706
      },
      "error_joint_pos": {
        "count": 299,
        "max": 3.857534408569336,
        "mean": 1.8450697028517324,
        "min": 0.5984829664230347
      },
      "error_joint_vel": {
        "count": 299,
        "max": 58.98879623413086,
        "mean": 20.491986939739622,
        "min": 0.0
      },
      "sampling_entropy": {
        "count": 299,
        "max": 0.9999999403953552,
        "mean": 0.9988686585904762,
        "min": 0.9978142976760864
      },
      "sampling_top1_bin": {
        "count": 299,
        "max": 0.8333333730697632,
        "mean": 0.19397994058586682,
        "min": 0.0
      },
      "sampling_top1_prob": {
        "count": 299,
        "max": 0.19035406410694122,
        "mean": 0.17914568002407366,
        "min": 0.1666666567325592
      }
    },
    "command_terms": [
      "motion"
    ],
    "critic_observation_dim": 286,
    "device": "cuda:4",
    "done_total": 35,
    "event_modes": [
      "startup",
      "interval"
    ],
    "motion_file": "/mnt/infini-data/test/BeyondMimic/res/tracking/official_csv_loop_full_bundle_fk_repaired_robot_order_motion_npz/motions/walk2_subject3/motion.npz",
    "num_envs": 1,
    "observation_shapes": {
      "critic": [
        1,
        286
      ],
      "policy": [
        1,
        160
      ]
    },
    "official_csv_to_npz_unpatched_output": false,
    "paper_level_rollout": false,
    "policy_observation_dim": 160,
    "ppo_training": false,
    "real_robot": false,
    "reward": {
      "count": 299,
      "max": 0.04983849450945854,
      "mean": 0.008741294040833679,
      "min": -0.06997999548912048
    },
    "reward_terms": [
      "motion_global_anchor_pos",
      "motion_global_anchor_ori",
      "motion_body_pos",
      "motion_body_ori",
      "motion_body_lin_vel",
      "motion_body_ang_vel",
      "action_rate_l2",
      "joint_limit",
      "undesired_contacts"
    ],
    "robot_num_bodies": 40,
    "robot_num_joints": 29,
    "status": "ok",
    "step_count": 299,
    "task": "Tracking-Flat-G1-v0",
    "terminated_total": 26,
    "termination_terms": [
      "time_out",
      "anchor_pos",
      "anchor_ori",
      "ee_body_pos"
    ],
    "truncated_total": 9,
    "usd_path": "/mnt/infini-data/test/BeyondMimic/res/tracking/g1_urdf_in_memory_gpu4_probe/g1_official_importer_in_memory_gpu4_export.usda",
    "uses_fk_repaired_motion_npz": true,
    "uses_fk_repaired_robot_order_motion_npz": true,
    "uses_official_importer_export_usd": true,
    "uses_resource_adjusted_usd": false
  },
  "metrics_json": "/mnt/infini-data/test/BeyondMimic/res/tracking/g1_official_importer_export_fk_repaired_robot_order_split_task_eval/motions/walk2_subject3/walk2_subject3_task_eval_metrics.json",
  "motion": "walk2_subject3",
  "returncode": 0,
  "stalled": false,
  "status": "ok"
}