variant	reward_mean	target_body_error_mean	done_count_total	teacher_vae_action_mse_mean	denoised_teacher_action_mse_mean	guided_teacher_action_mse_mean	guided_base_action_mse_mean	guidance_cost_delta_mean
denoised_latent	0.02334855730804213	0.08144447207450867	26	0.005216393064272225	0.01266629575988446	0.01266619129290175	0.007214739397370621	1.0063317308457799e-05
receding_latent_guided	0.02571137477160995	0.08061826974153519	26	0.003520240428052332	0.010494535481308067	0.010494430037059613	0.006980184163511995	9.606065957442574e-06
teacher	0.021798548438153337	0.08185204863548279	26	0.004537015848086032	0.01206509505763002	0.012065007977411899	0.007287658863143379	1.043798931466297e-05
vae_base	0.022434053522064335	0.08006826788187027	25	0.005593671039234299	0.01322393720100531	0.01322384637057856	0.007252286716261536	1.0738853228132063e-05
