variant	reward_mean	target_body_error_mean	done_count_total	teacher_vae_action_mse_mean	denoised_teacher_action_mse_mean	guided_teacher_action_mse_mean	guided_base_action_mse_mean	guidance_cost_delta_mean
denoised_latent	0.021381961994720342	0.08342292904853821	26	0.0061779415516617295	0.013254613936395949	0.013254513506182659	0.00684724025541985	6.162083667257558e-05
receding_latent_guided	0.020831872976967522	0.08340135216712952	26	0.005670061016966897	0.012853606705270384	0.012853498245125331	0.007179260731248005	6.129041962001635e-05
teacher	0.023008866223154657	0.07861589640378952	26	0.003776372574467561	0.01154845116510489	0.011548364943011749	0.007511793437996337	5.954952542997124e-05
vae_base	0.022984267810490417	0.08224157989025116	26	0.006155363956067624	0.013321024297197726	0.013320925014785002	0.007168272590376811	6.157628269897257e-05
