variant	reward_mean	target_body_error_mean	done_count_total	teacher_vae_action_mse_mean	denoised_teacher_action_mse_mean	guided_teacher_action_mse_mean	guided_base_action_mse_mean	guidance_cost_delta_mean
denoised_latent	0.02103267889781341	0.07881853729486465	25	0.0065224391377506075	0.013847766057852918	0.013847649877697828	0.006930286351304788	5.9022652265618875e-05
receding_latent_guided	0.022738767414039195	0.08253771811723709	25	0.007741006153338218	0.015896501720425078	0.015896403194127922	0.007402748063387331	6.410758630886524e-05
teacher	0.02266178723661397	0.08219058811664581	25	0.004942771533261175	0.012586175762334945	0.012586088839413779	0.007518533457625022	6.101651733934281e-05
vae_base	0.02105517180505704	0.0788004919886589	24	0.01131733257695721	0.019311538065026786	0.019311426194964045	0.007451558939607994	6.124128067373831e-05
