variant	reward_mean	target_body_error_mean	done_count_total	teacher_vae_action_mse_mean	denoised_teacher_action_mse_mean	guided_teacher_action_mse_mean	guided_base_action_mse_mean	guidance_cost_delta_mean
denoised_latent	0.025364445974072284	0.07977942377328873	25	0.004533406864773065	0.011496319937018247	0.01149621853109661	0.007046317438716474	1.0108469321974943e-05
receding_latent_guided	0.021003486093345493	0.07950341701507568	25	0.0058013720963116	0.012901271584390797	0.012901169274401008	0.006945206103908727	9.97047161178844e-06
teacher	0.024124318982994677	0.0824926495552063	26	0.004364513582919871	0.011851097969494037	0.011851005281873023	0.0072648462638520575	1.0601553231178717e-05
vae_base	0.02215778065789304	0.07937845587730408	25	0.004461763477374186	0.011436897621997772	0.011436797147398708	0.007298263626945607	1.0342402601720498e-05
