variant	reward_mean	target_body_error_mean	done_count_total	teacher_vae_action_mse_mean	denoised_teacher_action_mse_mean	guided_teacher_action_mse_mean	guided_base_action_mse_mean	guidance_cost_delta_mean
denoised_latent	0.01989252283160005	0.08269855380058289	26	0.005524662967279155	0.012994625049652563	0.01299451414206031	0.007173608367122635	6.045356243350434e-05
receding_latent_guided	0.018083592618264283	0.08530502021312714	24	0.009946214749316614	0.016984623131874863	0.016984508792561383	0.007158356246049438	6.695315989363552e-05
teacher	0.024458419450599213	0.07886712998151779	26	0.004049931077775623	0.011239018708616993	0.011238926180629029	0.00729764012127716	6.206757248843394e-05
vae_base	0.021033087658094723	0.08002335578203201	24	0.007303621292594715	0.01477432636743455	0.014774238628438085	0.007336926370871606	6.231715447926601e-05
