{
  "duration_seconds": 100.108,
  "log": "/mnt/infini-data/test/BeyondMimic/logs/tracking_g1_official_csv_loop_full_dataset_task_eval/jumps1_subject5_task_eval.log",
  "markers": {
    "after_app": true,
    "before_app": true,
    "env_created": true,
    "env_reset": true,
    "exception": false,
    "metrics_file": true,
    "stall_timeout": false,
    "step_bound_reached": true,
    "success": true,
    "traceback": false,
    "vulkan_device_lost": false
  },
  "metrics": {
    "action_dim": 29,
    "action_terms": [
      "joint_pos"
    ],
    "command_metrics_final": {
      "error_anchor_ang_vel": 3.0746095180511475,
      "error_anchor_lin_vel": 1.1636978387832642,
      "error_anchor_pos": 0.10073217749595642,
      "error_anchor_rot": 0.16510654985904694,
      "error_body_ang_vel": 9.3076171875,
      "error_body_lin_vel": 1.1935791969299316,
      "error_body_pos": 0.056386835873126984,
      "error_body_rot": 0.24864156544208527,
      "error_joint_pos": 1.4568381309509277,
      "error_joint_vel": 29.117891311645508,
      "sampling_entropy": 0.9966000318527222,
      "sampling_top1_bin": 0.6666666865348816,
      "sampling_top1_prob": 0.19659732282161713
    },
    "command_metrics_timeseries": {
      "error_anchor_ang_vel": {
        "count": 299,
        "max": 11.904457092285156,
        "mean": 2.216817420561577,
        "min": 0.1710614264011383
      },
      "error_anchor_lin_vel": {
        "count": 299,
        "max": 2.9094905853271484,
        "mean": 1.1581652564647604,
        "min": 0.2045709192752838
      },
      "error_anchor_pos": {
        "count": 299,
        "max": 0.3011524975299835,
        "mean": 0.10171394417043712,
        "min": 0.004936038516461849
      },
      "error_anchor_rot": {
        "count": 299,
        "max": 0.6954418420791626,
        "mean": 0.22456934291209066,
        "min": 0.02057395689189434
      },
      "error_body_ang_vel": {
        "count": 299,
        "max": 20.980070114135742,
        "mean": 7.601697750663678,
        "min": 0.23510082066059113
      },
      "error_body_lin_vel": {
        "count": 299,
        "max": 3.0777649879455566,
        "mean": 1.222540608018537,
        "min": 0.20727196335792542
      },
      "error_body_pos": {
        "count": 299,
        "max": 2.524916648864746,
        "mean": 0.14939739700269739,
        "min": 0.0063028582371771336
      },
      "error_body_rot": {
        "count": 299,
        "max": 2.078603982925415,
        "mean": 0.45185665943251807,
        "min": 0.10653509944677353
      },
      "error_joint_pos": {
        "count": 299,
        "max": 3.363631248474121,
        "mean": 1.6120082927388093,
        "min": 0.27371811866760254
      },
      "error_joint_vel": {
        "count": 299,
        "max": 81.15555572509766,
        "mean": 35.151738284822294,
        "min": 0.0
      },
      "sampling_entropy": {
        "count": 299,
        "max": 0.9999999403953552,
        "mean": 0.9989401161870032,
        "min": 0.9966000318527222
      },
      "sampling_top1_bin": {
        "count": 299,
        "max": 0.6666666865348816,
        "mean": 0.4080267680129877,
        "min": 0.0
      },
      "sampling_top1_prob": {
        "count": 299,
        "max": 0.19861185550689697,
        "mean": 0.18054058056411934,
        "min": 0.1666666567325592
      }
    },
    "command_terms": [
      "motion"
    ],
    "critic_observation_dim": 286,
    "device": "cuda:4",
    "done_total": 31,
    "event_modes": [
      "startup",
      "interval"
    ],
    "motion_file": "/mnt/infini-data/test/BeyondMimic/res/tracking/official_csv_to_npz_loop_full_dataset_with_enriched_usd/motions/jumps1_subject5/jumps1_subject5_official_loop_enriched_usd_motion.npz",
    "num_envs": 1,
    "observation_shapes": {
      "critic": [
        1,
        286
      ],
      "policy": [
        1,
        160
      ]
    },
    "official_csv_loop_npz_input": true,
    "official_csv_to_npz_unpatched_output": false,
    "paper_level_rollout": false,
    "policy_observation_dim": 160,
    "ppo_training": false,
    "real_robot": false,
    "reward": {
      "count": 299,
      "max": 0.05357922241091728,
      "mean": 0.012938633906876164,
      "min": -0.06449434161186218
    },
    "reward_terms": [
      "motion_global_anchor_pos",
      "motion_global_anchor_ori",
      "motion_body_pos",
      "motion_body_ori",
      "motion_body_lin_vel",
      "motion_body_ang_vel",
      "action_rate_l2",
      "joint_limit",
      "undesired_contacts"
    ],
    "robot_num_bodies": 40,
    "robot_num_joints": 29,
    "status": "ok",
    "step_count": 299,
    "task": "Tracking-Flat-G1-v0",
    "terminated_total": 19,
    "termination_terms": [
      "time_out",
      "anchor_pos",
      "anchor_ori",
      "ee_body_pos"
    ],
    "truncated_total": 12,
    "usd_path": "/mnt/infini-data/test/BeyondMimic/res/tracking/g1_resource_adjusted_enriched_usd/g1_resource_adjusted_29dof_enriched_scaffold.usda",
    "uses_resource_adjusted_usd": true
  },
  "metrics_json": "/mnt/infini-data/test/BeyondMimic/res/tracking/g1_official_csv_loop_full_dataset_task_eval/motions/jumps1_subject5/jumps1_subject5_task_eval_metrics.json",
  "motion": "jumps1_subject5",
  "returncode": 0,
  "stalled": false,
  "status": "ok"
}