variant	reward_mean	target_body_error_mean	done_count_total	teacher_vae_action_mse_mean	denoised_teacher_action_mse_mean	guided_teacher_action_mse_mean	guided_base_action_mse_mean	guidance_cost_delta_mean
denoised_latent	0.026828870713013073	0.07819880545139313	24	0.004123274765555968	0.0103213848954185	0.01032130804105995	0.005889949944013586	8.584424404794955e-05
receding_latent_guided	0.026485925412621587	0.08118592947721481	25	0.0029796325476267017	0.00880672168812051	0.008806637378509178	0.005831410272831851	8.642783133082565e-05
teacher	0.024506657991720283	0.08055877685546875	26	0.003561986093627395	0.009686411718174467	0.009686340771796163	0.006155914327216936	9.195980020988745e-05
vae_base	0.026596592505615094	0.07882320135831833	25	0.003216261542803237	0.009462791050388712	0.009462709966922384	0.0060877047228411986	8.572005109244764e-05
