{
  "duration_seconds": 40.046,
  "log": "/mnt/infini-data/test/BeyondMimic/logs/tracking_g1_official_importer_export_fk_repaired_split_task_eval/walk1_subject1_task_eval.log",
  "markers": {
    "after_app": true,
    "before_app": true,
    "env_created": true,
    "env_reset": true,
    "exception": false,
    "metrics_file": true,
    "stall_timeout": false,
    "step_bound_reached": true,
    "success": true,
    "traceback": false,
    "vulkan_device_lost": false
  },
  "metrics": {
    "action_dim": 29,
    "action_terms": [
      "joint_pos"
    ],
    "command_metrics_final": {
      "error_anchor_ang_vel": 0.5484997034072876,
      "error_anchor_lin_vel": 0.3658154308795929,
      "error_anchor_pos": 0.5137677192687988,
      "error_anchor_rot": 0.509648859500885,
      "error_body_ang_vel": 0.6200127005577087,
      "error_body_lin_vel": 0.4711925983428955,
      "error_body_pos": 0.4527472257614136,
      "error_body_rot": 0.7783377766609192,
      "error_joint_pos": 1.029862642288208,
      "error_joint_vel": 0.0,
      "sampling_entropy": 0.9909131526947021,
      "sampling_top1_bin": 0.1666666716337204,
      "sampling_top1_prob": 0.2058100700378418
    },
    "command_metrics_timeseries": {
      "error_anchor_ang_vel": {
        "count": 299,
        "max": 5.068359375,
        "mean": 1.0090164980262417,
        "min": 0.13619759678840637
      },
      "error_anchor_lin_vel": {
        "count": 299,
        "max": 1.4347072839736938,
        "mean": 0.4686888675376723,
        "min": 0.0829348936676979
      },
      "error_anchor_pos": {
        "count": 299,
        "max": 0.5253516435623169,
        "mean": 0.49614223189975903,
        "min": 0.4566754996776581
      },
      "error_anchor_rot": {
        "count": 299,
        "max": 1.2602179050445557,
        "mean": 0.5296501049578788,
        "min": 0.0967850536108017
      },
      "error_body_ang_vel": {
        "count": 299,
        "max": 3.145460605621338,
        "mean": 1.2428057044246126,
        "min": 0.2796293795108795
      },
      "error_body_lin_vel": {
        "count": 299,
        "max": 1.2211952209472656,
        "mean": 0.5301928918148363,
        "min": 0.09766297787427902
      },
      "error_body_pos": {
        "count": 299,
        "max": 1.4105627536773682,
        "mean": 0.5730675390133491,
        "min": 0.4143071472644806
      },
      "error_body_rot": {
        "count": 299,
        "max": 1.30228590965271,
        "mean": 0.9172196049355344,
        "min": 0.5527759790420532
      },
      "error_joint_pos": {
        "count": 299,
        "max": 1.2557623386383057,
        "mean": 0.8601402725065034,
        "min": 0.34922704100608826
      },
      "error_joint_vel": {
        "count": 299,
        "max": 0.0,
        "mean": 0.0,
        "min": 0.0
      },
      "sampling_entropy": {
        "count": 299,
        "max": 0.9999999403953552,
        "mean": 0.9944703150353703,
        "min": 0.9899955987930298
      },
      "sampling_top1_bin": {
        "count": 299,
        "max": 0.5,
        "mean": 0.19620959251421352,
        "min": 0.0
      },
      "sampling_top1_prob": {
        "count": 299,
        "max": 0.2200203388929367,
        "mean": 0.1980140086101449,
        "min": 0.1666666567325592
      }
    },
    "command_terms": [
      "motion"
    ],
    "critic_observation_dim": 286,
    "device": "cuda:4",
    "done_total": 299,
    "event_modes": [
      "startup",
      "interval"
    ],
    "motion_file": "/mnt/infini-data/test/BeyondMimic/res/tracking/official_csv_loop_full_bundle_fk_repaired_split_motion_npz/motions/walk1_subject1/motion.npz",
    "num_envs": 1,
    "observation_shapes": {
      "critic": [
        1,
        286
      ],
      "policy": [
        1,
        160
      ]
    },
    "official_csv_to_npz_unpatched_output": false,
    "paper_level_rollout": false,
    "policy_observation_dim": 160,
    "ppo_training": false,
    "real_robot": false,
    "reward": {
      "count": 299,
      "max": 0.042432751506567,
      "mean": 0.015205462425822597,
      "min": -0.023027431219816208
    },
    "reward_terms": [
      "motion_global_anchor_pos",
      "motion_global_anchor_ori",
      "motion_body_pos",
      "motion_body_ori",
      "motion_body_lin_vel",
      "motion_body_ang_vel",
      "action_rate_l2",
      "joint_limit",
      "undesired_contacts"
    ],
    "robot_num_bodies": 40,
    "robot_num_joints": 29,
    "status": "ok",
    "step_count": 299,
    "task": "Tracking-Flat-G1-v0",
    "terminated_total": 299,
    "termination_terms": [
      "time_out",
      "anchor_pos",
      "anchor_ori",
      "ee_body_pos"
    ],
    "truncated_total": 0,
    "usd_path": "/mnt/infini-data/test/BeyondMimic/res/tracking/g1_urdf_in_memory_gpu4_probe/g1_official_importer_in_memory_gpu4_export.usda",
    "uses_fk_repaired_motion_npz": true,
    "uses_official_importer_export_usd": true,
    "uses_resource_adjusted_usd": false
  },
  "metrics_json": "/mnt/infini-data/test/BeyondMimic/res/tracking/g1_official_importer_export_fk_repaired_split_task_eval/motions/walk1_subject1/walk1_subject1_task_eval_metrics.json",
  "motion": "walk1_subject1",
  "returncode": 0,
  "stalled": false,
  "status": "ok"
}