variant	reward_mean	target_body_error_mean	done_count_total	teacher_vae_action_mse_mean	denoised_teacher_action_mse_mean	guided_teacher_action_mse_mean	guided_base_action_mse_mean	guidance_cost_delta_mean
denoised_latent	0.02473665751442064	0.08377932757139206	26	0.00296607214607451	0.008988141388255468	0.008988048445221572	0.0060874784881573005	8.968884330928127e-05
receding_latent_guided	0.026401464920802458	0.07855831831693649	24	0.0031835892024359674	0.009132135267771258	0.009132044523779963	0.005975801808398254	8.242833973173313e-05
teacher	0.02725078343074258	0.07881370931863785	25	0.0024868384608395405	0.008586690508072143	0.008586605875301221	0.006138025453223856	8.797824980821897e-05
vae_base	0.02738198182579865	0.07780390232801437	24	0.0030893848201121363	0.009231105916370268	0.009231013577605869	0.006108441198537482	8.286710168206971e-05
