{
  "action_dim": 29,
  "action_terms": [
    "joint_pos"
  ],
  "command_metrics_final": {
    "error_anchor_ang_vel": 1.20780348777771,
    "error_anchor_lin_vel": 2.179689645767212,
    "error_anchor_pos": 0.24185502529144287,
    "error_anchor_rot": 0.2813436686992645,
    "error_body_ang_vel": 7.427607536315918,
    "error_body_lin_vel": 2.1370465755462646,
    "error_body_pos": 0.23547714948654175,
    "error_body_rot": 0.4318152964115143,
    "error_joint_pos": 1.7771213054656982,
    "error_joint_vel": 36.892333984375,
    "sampling_entropy": 0.9944398999214172,
    "sampling_top1_bin": 0.5,
    "sampling_top1_prob": 0.21146932244300842
  },
  "command_metrics_timeseries": {
    "error_anchor_ang_vel": {
      "count": 299,
      "max": 10.38593864440918,
      "mean": 2.19032010555666,
      "min": 0.2549712657928467
    },
    "error_anchor_lin_vel": {
      "count": 299,
      "max": 2.4420063495635986,
      "mean": 1.227178616268579,
      "min": 0.15628264844417572
    },
    "error_anchor_pos": {
      "count": 299,
      "max": 0.29904162883758545,
      "mean": 0.11123883196567014,
      "min": 0.008582104928791523
    },
    "error_anchor_rot": {
      "count": 299,
      "max": 0.9782522916793823,
      "mean": 0.195917407405815,
      "min": 0.06708464026451111
    },
    "error_body_ang_vel": {
      "count": 299,
      "max": 17.85016441345215,
      "mean": 7.821832584896216,
      "min": 0.2551926374435425
    },
    "error_body_lin_vel": {
      "count": 299,
      "max": 2.287811279296875,
      "mean": 1.2295887066070053,
      "min": 0.15220072865486145
    },
    "error_body_pos": {
      "count": 299,
      "max": 0.7783302664756775,
      "mean": 0.09438152047867784,
      "min": 0.0038172428030520678
    },
    "error_body_rot": {
      "count": 299,
      "max": 0.9935890436172485,
      "mean": 0.34659199436572086,
      "min": 0.10442836582660675
    },
    "error_joint_pos": {
      "count": 299,
      "max": 2.3999180793762207,
      "mean": 1.322205288155023,
      "min": 0.2697015404701233
    },
    "error_joint_vel": {
      "count": 299,
      "max": 81.31855010986328,
      "mean": 39.43138595887251,
      "min": 0.0
    },
    "sampling_entropy": {
      "count": 299,
      "max": 0.9999999403953552,
      "mean": 0.9977767371812393,
      "min": 0.9943289756774902
    },
    "sampling_top1_bin": {
      "count": 299,
      "max": 0.6666666865348816,
      "mean": 0.4693422538779651,
      "min": 0.0
    },
    "sampling_top1_prob": {
      "count": 299,
      "max": 0.21415814757347107,
      "mean": 0.1909067220113748,
      "min": 0.1666666567325592
    }
  },
  "command_terms": [
    "motion"
  ],
  "critic_observation_dim": 286,
  "device": "cuda:4",
  "done_total": 36,
  "event_modes": [
    "startup",
    "interval"
  ],
  "motion_file": "/mnt/infini-data/test/BeyondMimic/res/tracking/official_csv_to_npz_loop_full_dataset_with_enriched_usd/motions/dance2_subject2/dance2_subject2_official_loop_enriched_usd_motion.npz",
  "num_envs": 1,
  "observation_shapes": {
    "critic": [
      1,
      286
    ],
    "policy": [
      1,
      160
    ]
  },
  "official_csv_loop_npz_input": true,
  "official_csv_to_npz_unpatched_output": false,
  "paper_level_rollout": false,
  "policy_observation_dim": 160,
  "ppo_training": false,
  "real_robot": false,
  "reward": {
    "count": 299,
    "max": 0.05020936205983162,
    "mean": 0.0232022963495408,
    "min": -0.01715259812772274
  },
  "reward_terms": [
    "motion_global_anchor_pos",
    "motion_global_anchor_ori",
    "motion_body_pos",
    "motion_body_ori",
    "motion_body_lin_vel",
    "motion_body_ang_vel",
    "action_rate_l2",
    "joint_limit",
    "undesired_contacts"
  ],
  "robot_num_bodies": 40,
  "robot_num_joints": 29,
  "status": "ok",
  "step_count": 299,
  "task": "Tracking-Flat-G1-v0",
  "terminated_total": 24,
  "termination_terms": [
    "time_out",
    "anchor_pos",
    "anchor_ori",
    "ee_body_pos"
  ],
  "truncated_total": 12,
  "usd_path": "/mnt/infini-data/test/BeyondMimic/res/tracking/g1_resource_adjusted_enriched_usd/g1_resource_adjusted_29dof_enriched_scaffold.usda",
  "uses_resource_adjusted_usd": true
}