{
  "action_dim": 29,
  "action_terms": [
    "joint_pos"
  ],
  "command_metrics_final": {
    "error_anchor_ang_vel": 0.4453974962234497,
    "error_anchor_lin_vel": 0.3974141478538513,
    "error_anchor_pos": 0.01729891262948513,
    "error_anchor_rot": 0.02667282335460186,
    "error_body_ang_vel": 0.44916611909866333,
    "error_body_lin_vel": 0.46011775732040405,
    "error_body_pos": 0.10484994202852249,
    "error_body_rot": 0.26072797179222107,
    "error_joint_pos": 0.3021800220012665,
    "error_joint_vel": 0.0,
    "sampling_entropy": 0.9980804920196533,
    "sampling_top1_bin": 0.1666666716337204,
    "sampling_top1_prob": 0.1916774958372116
  },
  "command_metrics_timeseries": {
    "error_anchor_ang_vel": {
      "count": 299,
      "max": 14.779790878295898,
      "mean": 2.4153836086940608,
      "min": 0.19804392755031586
    },
    "error_anchor_lin_vel": {
      "count": 299,
      "max": 2.1985790729522705,
      "mean": 1.136364609152577,
      "min": 0.14925003051757812
    },
    "error_anchor_pos": {
      "count": 299,
      "max": 0.27918267250061035,
      "mean": 0.1017713797041978,
      "min": 0.005446916911751032
    },
    "error_anchor_rot": {
      "count": 299,
      "max": 0.6238337159156799,
      "mean": 0.1902965816628674,
      "min": 0.018497753888368607
    },
    "error_body_ang_vel": {
      "count": 299,
      "max": 28.649463653564453,
      "mean": 8.289028281750886,
      "min": 0.26775282621383667
    },
    "error_body_lin_vel": {
      "count": 299,
      "max": 2.486753225326538,
      "mean": 1.1963820900008033,
      "min": 0.13091525435447693
    },
    "error_body_pos": {
      "count": 299,
      "max": 0.7944319248199463,
      "mean": 0.08938146227998753,
      "min": 0.0017892534378916025
    },
    "error_body_rot": {
      "count": 299,
      "max": 1.1238269805908203,
      "mean": 0.3515848071379805,
      "min": 0.11008185148239136
    },
    "error_joint_pos": {
      "count": 299,
      "max": 2.7741825580596924,
      "mean": 1.6662697908671007,
      "min": 0.23820754885673523
    },
    "error_joint_vel": {
      "count": 299,
      "max": 80.97843170166016,
      "mean": 38.99638865544246,
      "min": 0.0
    },
    "sampling_entropy": {
      "count": 299,
      "max": 0.9999999403953552,
      "mean": 0.9992040965868079,
      "min": 0.9980515241622925
    },
    "sampling_top1_bin": {
      "count": 299,
      "max": 0.6666666865348816,
      "mean": 0.25529543392634313,
      "min": 0.0
    },
    "sampling_top1_prob": {
      "count": 299,
      "max": 0.19186729192733765,
      "mean": 0.17748068263100142,
      "min": 0.1666666567325592
    }
  },
  "command_terms": [
    "motion"
  ],
  "critic_observation_dim": 286,
  "device": "cuda:4",
  "done_total": 34,
  "event_modes": [
    "startup",
    "interval"
  ],
  "motion_file": "/mnt/infini-data/test/BeyondMimic/res/tracking/official_csv_to_npz_loop_full_dataset_with_enriched_usd/motions/walk2_subject3/walk2_subject3_official_loop_enriched_usd_motion.npz",
  "num_envs": 1,
  "observation_shapes": {
    "critic": [
      1,
      286
    ],
    "policy": [
      1,
      160
    ]
  },
  "official_csv_loop_npz_input": true,
  "official_csv_to_npz_unpatched_output": false,
  "paper_level_rollout": false,
  "policy_observation_dim": 160,
  "ppo_training": false,
  "real_robot": false,
  "reward": {
    "count": 299,
    "max": 0.049130287021398544,
    "mean": 0.024082623961004725,
    "min": -0.005718901753425598
  },
  "reward_terms": [
    "motion_global_anchor_pos",
    "motion_global_anchor_ori",
    "motion_body_pos",
    "motion_body_ori",
    "motion_body_lin_vel",
    "motion_body_ang_vel",
    "action_rate_l2",
    "joint_limit",
    "undesired_contacts"
  ],
  "robot_num_bodies": 40,
  "robot_num_joints": 29,
  "status": "ok",
  "step_count": 299,
  "task": "Tracking-Flat-G1-v0",
  "terminated_total": 22,
  "termination_terms": [
    "time_out",
    "anchor_pos",
    "anchor_ori",
    "ee_body_pos"
  ],
  "truncated_total": 12,
  "usd_path": "/mnt/infini-data/test/BeyondMimic/res/tracking/g1_resource_adjusted_enriched_usd/g1_resource_adjusted_29dof_enriched_scaffold.usda",
  "uses_resource_adjusted_usd": true
}