{
  "duration_seconds": 40.05,
  "log": "/mnt/infini-data/test/BeyondMimic/logs/tracking_g1_official_importer_export_fk_repaired_robot_order_split_task_eval/walk1_subject1_task_eval.log",
  "markers": {
    "after_app": true,
    "before_app": true,
    "env_created": true,
    "env_reset": true,
    "exception": false,
    "metrics_file": true,
    "stall_timeout": false,
    "step_bound_reached": true,
    "success": true,
    "traceback": false,
    "vulkan_device_lost": false
  },
  "metrics": {
    "action_dim": 29,
    "action_terms": [
      "joint_pos"
    ],
    "command_metrics_final": {
      "error_anchor_ang_vel": 0.5996291041374207,
      "error_anchor_lin_vel": 1.0398037433624268,
      "error_anchor_pos": 0.09117185324430466,
      "error_anchor_rot": 0.16506342589855194,
      "error_body_ang_vel": 2.5828394889831543,
      "error_body_lin_vel": 0.8830122947692871,
      "error_body_pos": 0.10913629829883575,
      "error_body_rot": 0.4815262258052826,
      "error_joint_pos": 1.362755537033081,
      "error_joint_vel": 14.37057113647461,
      "sampling_entropy": 0.9954338073730469,
      "sampling_top1_bin": 0.1666666716337204,
      "sampling_top1_prob": 0.2028535157442093
    },
    "command_metrics_timeseries": {
      "error_anchor_ang_vel": {
        "count": 299,
        "max": 7.054545879364014,
        "mean": 1.3283762657223737,
        "min": 0.22718356549739838
      },
      "error_anchor_lin_vel": {
        "count": 299,
        "max": 1.9962419271469116,
        "mean": 0.7720030552417937,
        "min": 0.06790606677532196
      },
      "error_anchor_pos": {
        "count": 299,
        "max": 0.28216466307640076,
        "mean": 0.07748354341442319,
        "min": 0.007047410123050213
      },
      "error_anchor_rot": {
        "count": 299,
        "max": 0.736894428730011,
        "mean": 0.2960503214478094,
        "min": 0.0737743005156517
      },
      "error_body_ang_vel": {
        "count": 299,
        "max": 8.94691276550293,
        "mean": 2.8961988489165353,
        "min": 0.29630252718925476
      },
      "error_body_lin_vel": {
        "count": 299,
        "max": 1.787868618965149,
        "mean": 0.8061281109733326,
        "min": 0.19858762621879578
      },
      "error_body_pos": {
        "count": 299,
        "max": 1.0652573108673096,
        "mean": 0.16452509154842848,
        "min": 0.06347488611936569
      },
      "error_body_rot": {
        "count": 299,
        "max": 1.3599622249603271,
        "mean": 0.8152727607301247,
        "min": 0.4069051146507263
      },
      "error_joint_pos": {
        "count": 299,
        "max": 3.1226751804351807,
        "mean": 1.4157026562603023,
        "min": 0.395687073469162
      },
      "error_joint_vel": {
        "count": 299,
        "max": 66.8805160522461,
        "mean": 14.867039400598276,
        "min": 0.0
      },
      "sampling_entropy": {
        "count": 299,
        "max": 0.9999999403953552,
        "mean": 0.9974160945933798,
        "min": 0.9954338073730469
      },
      "sampling_top1_bin": {
        "count": 299,
        "max": 0.3333333432674408,
        "mean": 0.17502787589628163,
        "min": 0.0
      },
      "sampling_top1_prob": {
        "count": 299,
        "max": 0.2028535157442093,
        "mean": 0.19209115077619968,
        "min": 0.1666666567325592
      }
    },
    "command_terms": [
      "motion"
    ],
    "critic_observation_dim": 286,
    "device": "cuda:4",
    "done_total": 46,
    "event_modes": [
      "startup",
      "interval"
    ],
    "motion_file": "/mnt/infini-data/test/BeyondMimic/res/tracking/official_csv_loop_full_bundle_fk_repaired_robot_order_motion_npz/motions/walk1_subject1/motion.npz",
    "num_envs": 1,
    "observation_shapes": {
      "critic": [
        1,
        286
      ],
      "policy": [
        1,
        160
      ]
    },
    "official_csv_to_npz_unpatched_output": false,
    "paper_level_rollout": false,
    "policy_observation_dim": 160,
    "ppo_training": false,
    "real_robot": false,
    "reward": {
      "count": 299,
      "max": 0.07137036323547363,
      "mean": 0.0328387237927973,
      "min": -0.023244526237249374
    },
    "reward_terms": [
      "motion_global_anchor_pos",
      "motion_global_anchor_ori",
      "motion_body_pos",
      "motion_body_ori",
      "motion_body_lin_vel",
      "motion_body_ang_vel",
      "action_rate_l2",
      "joint_limit",
      "undesired_contacts"
    ],
    "robot_num_bodies": 40,
    "robot_num_joints": 29,
    "status": "ok",
    "step_count": 299,
    "task": "Tracking-Flat-G1-v0",
    "terminated_total": 28,
    "termination_terms": [
      "time_out",
      "anchor_pos",
      "anchor_ori",
      "ee_body_pos"
    ],
    "truncated_total": 18,
    "usd_path": "/mnt/infini-data/test/BeyondMimic/res/tracking/g1_urdf_in_memory_gpu4_probe/g1_official_importer_in_memory_gpu4_export.usda",
    "uses_fk_repaired_motion_npz": true,
    "uses_fk_repaired_robot_order_motion_npz": true,
    "uses_official_importer_export_usd": true,
    "uses_resource_adjusted_usd": false
  },
  "metrics_json": "/mnt/infini-data/test/BeyondMimic/res/tracking/g1_official_importer_export_fk_repaired_robot_order_split_task_eval/motions/walk1_subject1/walk1_subject1_task_eval_metrics.json",
  "motion": "walk1_subject1",
  "returncode": 0,
  "stalled": false,
  "status": "ok"
}