{
  "action_dim": 29,
  "action_terms": [
    "joint_pos"
  ],
  "command_metrics_final": {
    "error_anchor_ang_vel": 0.960844099521637,
    "error_anchor_lin_vel": 0.46385657787323,
    "error_anchor_pos": 0.5049254894256592,
    "error_anchor_rot": 0.22921326756477356,
    "error_body_ang_vel": 0.9560285806655884,
    "error_body_lin_vel": 0.5898197889328003,
    "error_body_pos": 0.5033693313598633,
    "error_body_rot": 0.9804955720901489,
    "error_joint_pos": 1.0757191181182861,
    "error_joint_vel": 0.0,
    "sampling_entropy": 0.9819496870040894,
    "sampling_top1_bin": 0.8333333730697632,
    "sampling_top1_prob": 0.22188442945480347
  },
  "command_metrics_timeseries": {
    "error_anchor_ang_vel": {
      "count": 299,
      "max": 13.347548484802246,
      "mean": 2.327385152861426,
      "min": 0.13931287825107574
    },
    "error_anchor_lin_vel": {
      "count": 299,
      "max": 2.5537827014923096,
      "mean": 0.7142552966407709,
      "min": 0.08317429572343826
    },
    "error_anchor_pos": {
      "count": 299,
      "max": 0.5355682969093323,
      "mean": 0.49442545596173776,
      "min": 0.40851423144340515
    },
    "error_anchor_rot": {
      "count": 299,
      "max": 2.002074718475342,
      "mean": 0.7114027432075711,
      "min": 0.03607701510190964
    },
    "error_body_ang_vel": {
      "count": 299,
      "max": 9.477827072143555,
      "mean": 2.798593953501022,
      "min": 0.22526195645332336
    },
    "error_body_lin_vel": {
      "count": 299,
      "max": 2.463468313217163,
      "mean": 0.8268133393398496,
      "min": 0.17554134130477905
    },
    "error_body_pos": {
      "count": 299,
      "max": 2.7557008266448975,
      "mean": 1.1197264095811938,
      "min": 0.38834676146507263
    },
    "error_body_rot": {
      "count": 299,
      "max": 2.8079099655151367,
      "mean": 1.473401251046554,
      "min": 0.5952585935592651
    },
    "error_joint_pos": {
      "count": 299,
      "max": 1.3086622953414917,
      "mean": 0.8155815897378634,
      "min": 0.34158214926719666
    },
    "error_joint_vel": {
      "count": 299,
      "max": 0.0,
      "mean": 0.0,
      "min": 0.0
    },
    "sampling_entropy": {
      "count": 299,
      "max": 0.9999999403953552,
      "mean": 0.9889817931580305,
      "min": 0.981770932674408
    },
    "sampling_top1_bin": {
      "count": 299,
      "max": 0.8333333730697632,
      "mean": 0.3901895391303161,
      "min": 0.0
    },
    "sampling_top1_prob": {
      "count": 299,
      "max": 0.2259797602891922,
      "mean": 0.20612630581975383,
      "min": 0.1666666567325592
    }
  },
  "command_terms": [
    "motion"
  ],
  "critic_observation_dim": 286,
  "device": "cuda:4",
  "done_total": 299,
  "event_modes": [
    "startup",
    "interval"
  ],
  "motion_file": "/mnt/infini-data/test/BeyondMimic/res/tracking/official_csv_loop_full_bundle_fk_repaired_split_motion_npz/motions/jumps1_subject5/motion.npz",
  "num_envs": 1,
  "observation_shapes": {
    "critic": [
      1,
      286
    ],
    "policy": [
      1,
      160
    ]
  },
  "official_csv_to_npz_unpatched_output": false,
  "paper_level_rollout": false,
  "policy_observation_dim": 160,
  "ppo_training": false,
  "real_robot": false,
  "reward": {
    "count": 299,
    "max": 0.030505284667015076,
    "mean": 0.007434528180083453,
    "min": -0.016428247094154358
  },
  "reward_terms": [
    "motion_global_anchor_pos",
    "motion_global_anchor_ori",
    "motion_body_pos",
    "motion_body_ori",
    "motion_body_lin_vel",
    "motion_body_ang_vel",
    "action_rate_l2",
    "joint_limit",
    "undesired_contacts"
  ],
  "robot_num_bodies": 40,
  "robot_num_joints": 29,
  "status": "ok",
  "step_count": 299,
  "task": "Tracking-Flat-G1-v0",
  "terminated_total": 299,
  "termination_terms": [
    "time_out",
    "anchor_pos",
    "anchor_ori",
    "ee_body_pos"
  ],
  "truncated_total": 0,
  "usd_path": "/mnt/infini-data/test/BeyondMimic/res/tracking/g1_urdf_in_memory_gpu4_probe/g1_official_importer_in_memory_gpu4_export.usda",
  "uses_fk_repaired_motion_npz": true,
  "uses_official_importer_export_usd": true,
  "uses_resource_adjusted_usd": false
}