{
  "duration_seconds": 100.114,
  "log": "/mnt/infini-data/test/BeyondMimic/logs/tracking_g1_official_csv_loop_full_dataset_task_eval/fallAndGetUp1_subject5_task_eval.log",
  "markers": {
    "after_app": true,
    "before_app": true,
    "env_created": true,
    "env_reset": true,
    "exception": false,
    "metrics_file": true,
    "stall_timeout": false,
    "step_bound_reached": true,
    "success": true,
    "traceback": false,
    "vulkan_device_lost": false
  },
  "metrics": {
    "action_dim": 29,
    "action_terms": [
      "joint_pos"
    ],
    "command_metrics_final": {
      "error_anchor_ang_vel": 6.122809410095215,
      "error_anchor_lin_vel": 2.2487552165985107,
      "error_anchor_pos": 0.2720344662666321,
      "error_anchor_rot": 0.5486417412757874,
      "error_body_ang_vel": 7.17404842376709,
      "error_body_lin_vel": 2.2162251472473145,
      "error_body_pos": 0.24761393666267395,
      "error_body_rot": 0.42432788014411926,
      "error_joint_pos": 1.2117815017700195,
      "error_joint_vel": 26.24258804321289,
      "sampling_entropy": 0.9973887801170349,
      "sampling_top1_bin": 0.8333333730697632,
      "sampling_top1_prob": 0.1998921036720276
    },
    "command_metrics_timeseries": {
      "error_anchor_ang_vel": {
        "count": 299,
        "max": 8.068493843078613,
        "mean": 2.342037957946592,
        "min": 0.24236583709716797
      },
      "error_anchor_lin_vel": {
        "count": 299,
        "max": 2.5521042346954346,
        "mean": 1.170677349046122,
        "min": 0.11930056661367416
      },
      "error_anchor_pos": {
        "count": 299,
        "max": 0.27698877453804016,
        "mean": 0.10711607145749805,
        "min": 0.011506916023790836
      },
      "error_anchor_rot": {
        "count": 299,
        "max": 0.9518423676490784,
        "mean": 0.2450151222985375,
        "min": 0.00822504423558712
      },
      "error_body_ang_vel": {
        "count": 299,
        "max": 19.681659698486328,
        "mean": 7.122732006287495,
        "min": 0.35119274258613586
      },
      "error_body_lin_vel": {
        "count": 299,
        "max": 2.3610141277313232,
        "mean": 1.21962691913281,
        "min": 0.14856600761413574
      },
      "error_body_pos": {
        "count": 299,
        "max": 1.3934266567230225,
        "mean": 0.12642953242408891,
        "min": 0.0034834356047213078
      },
      "error_body_rot": {
        "count": 299,
        "max": 1.630152940750122,
        "mean": 0.37044165574986004,
        "min": 0.11004041135311127
      },
      "error_joint_pos": {
        "count": 299,
        "max": 2.610790491104126,
        "mean": 1.304266788788065,
        "min": 0.2605639100074768
      },
      "error_joint_vel": {
        "count": 299,
        "max": 85.1316146850586,
        "mean": 31.892329216003418,
        "min": 0.0
      },
      "sampling_entropy": {
        "count": 299,
        "max": 0.9999999403953552,
        "mean": 0.998304994209953,
        "min": 0.9972303509712219
      },
      "sampling_top1_bin": {
        "count": 299,
        "max": 0.8333333730697632,
        "mean": 0.7658863237071596,
        "min": 0.0
      },
      "sampling_top1_prob": {
        "count": 299,
        "max": 0.2021685093641281,
        "mean": 0.19071760130765844,
        "min": 0.1666666567325592
      }
    },
    "command_terms": [
      "motion"
    ],
    "critic_observation_dim": 286,
    "device": "cuda:4",
    "done_total": 34,
    "event_modes": [
      "startup",
      "interval"
    ],
    "motion_file": "/mnt/infini-data/test/BeyondMimic/res/tracking/official_csv_to_npz_loop_full_dataset_with_enriched_usd/motions/fallAndGetUp1_subject5/fallAndGetUp1_subject5_official_loop_enriched_usd_motion.npz",
    "num_envs": 1,
    "observation_shapes": {
      "critic": [
        1,
        286
      ],
      "policy": [
        1,
        160
      ]
    },
    "official_csv_loop_npz_input": true,
    "official_csv_to_npz_unpatched_output": false,
    "paper_level_rollout": false,
    "policy_observation_dim": 160,
    "ppo_training": false,
    "real_robot": false,
    "reward": {
      "count": 299,
      "max": 0.052925240248441696,
      "mean": 0.018255282215225856,
      "min": -0.051274336874485016
    },
    "reward_terms": [
      "motion_global_anchor_pos",
      "motion_global_anchor_ori",
      "motion_body_pos",
      "motion_body_ori",
      "motion_body_lin_vel",
      "motion_body_ang_vel",
      "action_rate_l2",
      "joint_limit",
      "undesired_contacts"
    ],
    "robot_num_bodies": 40,
    "robot_num_joints": 29,
    "status": "ok",
    "step_count": 299,
    "task": "Tracking-Flat-G1-v0",
    "terminated_total": 21,
    "termination_terms": [
      "time_out",
      "anchor_pos",
      "anchor_ori",
      "ee_body_pos"
    ],
    "truncated_total": 13,
    "usd_path": "/mnt/infini-data/test/BeyondMimic/res/tracking/g1_resource_adjusted_enriched_usd/g1_resource_adjusted_29dof_enriched_scaffold.usda",
    "uses_resource_adjusted_usd": true
  },
  "metrics_json": "/mnt/infini-data/test/BeyondMimic/res/tracking/g1_official_csv_loop_full_dataset_task_eval/motions/fallAndGetUp1_subject5/fallAndGetUp1_subject5_task_eval_metrics.json",
  "motion": "fallAndGetUp1_subject5",
  "returncode": 0,
  "stalled": false,
  "status": "ok"
}