{
  "action_dim": 29,
  "action_terms": [
    "joint_pos"
  ],
  "command_metrics_final": {
    "error_anchor_ang_vel": 1.6185333728790283,
    "error_anchor_lin_vel": 0.4148499667644501,
    "error_anchor_pos": 0.029744355008006096,
    "error_anchor_rot": 0.34641438722610474,
    "error_body_ang_vel": 1.9751827716827393,
    "error_body_lin_vel": 0.43024754524230957,
    "error_body_pos": 0.1135619729757309,
    "error_body_rot": 0.7680526971817017,
    "error_joint_pos": 0.7437230348587036,
    "error_joint_vel": 5.825135707855225,
    "sampling_entropy": 0.9949793219566345,
    "sampling_top1_bin": 0.1666666716337204,
    "sampling_top1_prob": 0.20254217088222504
  },
  "command_metrics_timeseries": {
    "error_anchor_ang_vel": {
      "count": 299,
      "max": 7.661569118499756,
      "mean": 2.090014210761989,
      "min": 0.17478209733963013
    },
    "error_anchor_lin_vel": {
      "count": 299,
      "max": 1.9520132541656494,
      "mean": 0.7798002859621144,
      "min": 0.10283142328262329
    },
    "error_anchor_pos": {
      "count": 299,
      "max": 0.24205851554870605,
      "mean": 0.06989038999450944,
      "min": 0.004027803894132376
    },
    "error_anchor_rot": {
      "count": 299,
      "max": 0.9953271746635437,
      "mean": 0.44107723188739156,
      "min": 0.10727845877408981
    },
    "error_body_ang_vel": {
      "count": 299,
      "max": 17.152896881103516,
      "mean": 3.4972404056667883,
      "min": 0.19184447824954987
    },
    "error_body_lin_vel": {
      "count": 299,
      "max": 1.7358567714691162,
      "mean": 0.7903854459225135,
      "min": 0.1908038705587387
    },
    "error_body_pos": {
      "count": 299,
      "max": 1.1920535564422607,
      "mean": 0.19824248086349622,
      "min": 0.08139164745807648
    },
    "error_body_rot": {
      "count": 299,
      "max": 2.1518683433532715,
      "mean": 1.030927842875388,
      "min": 0.671352744102478
    },
    "error_joint_pos": {
      "count": 299,
      "max": 6.589284896850586,
      "mean": 1.4649480230433487,
      "min": 0.5353449583053589
    },
    "error_joint_vel": {
      "count": 299,
      "max": 66.77261352539062,
      "mean": 16.586975039447033,
      "min": 0.0
    },
    "sampling_entropy": {
      "count": 299,
      "max": 0.9999999403953552,
      "mean": 0.9982364713946313,
      "min": 0.9949793219566345
    },
    "sampling_top1_bin": {
      "count": 299,
      "max": 0.8333333730697632,
      "mean": 0.0562987756669322,
      "min": 0.0
    },
    "sampling_top1_prob": {
      "count": 299,
      "max": 0.20468507707118988,
      "mean": 0.18524302038859364,
      "min": 0.1666666567325592
    }
  },
  "command_terms": [
    "motion"
  ],
  "critic_observation_dim": 286,
  "device": "cuda:4",
  "done_total": 40,
  "event_modes": [
    "startup",
    "interval"
  ],
  "motion_file": "/mnt/infini-data/test/BeyondMimic/res/tracking/official_csv_loop_full_bundle_fk_repaired_robot_order_motion_npz/motions/jumps1_subject1/motion.npz",
  "num_envs": 1,
  "observation_shapes": {
    "critic": [
      1,
      286
    ],
    "policy": [
      1,
      160
    ]
  },
  "official_csv_to_npz_unpatched_output": false,
  "paper_level_rollout": false,
  "policy_observation_dim": 160,
  "ppo_training": false,
  "real_robot": false,
  "reward": {
    "count": 299,
    "max": 0.06711016595363617,
    "mean": 0.018467401785084537,
    "min": -0.16332322359085083
  },
  "reward_terms": [
    "motion_global_anchor_pos",
    "motion_global_anchor_ori",
    "motion_body_pos",
    "motion_body_ori",
    "motion_body_lin_vel",
    "motion_body_ang_vel",
    "action_rate_l2",
    "joint_limit",
    "undesired_contacts"
  ],
  "robot_num_bodies": 40,
  "robot_num_joints": 29,
  "status": "ok",
  "step_count": 299,
  "task": "Tracking-Flat-G1-v0",
  "terminated_total": 25,
  "termination_terms": [
    "time_out",
    "anchor_pos",
    "anchor_ori",
    "ee_body_pos"
  ],
  "truncated_total": 15,
  "usd_path": "/mnt/infini-data/test/BeyondMimic/res/tracking/g1_urdf_in_memory_gpu4_probe/g1_official_importer_in_memory_gpu4_export.usda",
  "uses_fk_repaired_motion_npz": true,
  "uses_fk_repaired_robot_order_motion_npz": true,
  "uses_official_importer_export_usd": true,
  "uses_resource_adjusted_usd": false
}