gpu_index,samples,mean_utilization_gpu_percent,peak_memory_used_gib,mean_power_draw_w
4,13,18.76923076923077,4.1669921875,121.40538461538462
7,13,0.07692307692307693,0.384765625,106.31076923076921
