variant	reward_mean	target_body_error_mean	done_count_total	teacher_vae_action_mse_mean	denoised_teacher_action_mse_mean	guided_teacher_action_mse_mean	guided_base_action_mse_mean	guidance_cost_delta_mean
denoised_latent	0.022340207010270858	0.3462808132171631	299	4.46344942472471e-05	4.4756557418625875e-05	4.4756555185953264e-05	6.34359948464854e-08	6.269940165771688e-05
receding_latent_guided	0.023154594104606224	0.34435439109802246	299	4.5819618308421827e-05	4.597629496528312e-05	4.5976296753854645e-05	6.923221049811308e-08	6.256115476423283e-05
teacher	0.022437295206763273	0.3430160880088806	299	5.052800505255804e-05	5.071310960888893e-05	5.071311338374821e-05	8.490885619131892e-08	6.149930997835753e-05
vae_base	0.02445824808880288	0.34435775876045227	299	4.584485768068178e-05	4.608541034499513e-05	4.608541244991263e-05	6.764940318814507e-08	6.0942298094165766e-05
