{
  "duration_seconds": 100.115,
  "log": "/mnt/infini-data/test/BeyondMimic/logs/tracking_g1_official_csv_loop_full_dataset_task_eval/walk1_subject1_task_eval.log",
  "markers": {
    "after_app": true,
    "before_app": true,
    "env_created": true,
    "env_reset": true,
    "exception": false,
    "metrics_file": true,
    "stall_timeout": false,
    "step_bound_reached": true,
    "success": true,
    "traceback": false,
    "vulkan_device_lost": false
  },
  "metrics": {
    "action_dim": 29,
    "action_terms": [
      "joint_pos"
    ],
    "command_metrics_final": {
      "error_anchor_ang_vel": 2.8165721893310547,
      "error_anchor_lin_vel": 1.5366119146347046,
      "error_anchor_pos": 0.14474187791347504,
      "error_anchor_rot": 0.23643843829631805,
      "error_body_ang_vel": 7.461839199066162,
      "error_body_lin_vel": 1.5199577808380127,
      "error_body_pos": 0.13133051991462708,
      "error_body_rot": 0.4721091389656067,
      "error_joint_pos": 2.196341037750244,
      "error_joint_vel": 27.867464065551758,
      "sampling_entropy": 0.9992337226867676,
      "sampling_top1_bin": 0.8333333730697632,
      "sampling_top1_prob": 0.18163557350635529
    },
    "command_metrics_timeseries": {
      "error_anchor_ang_vel": {
        "count": 299,
        "max": 11.980583190917969,
        "mean": 2.0743835750830213,
        "min": 0.27794113755226135
      },
      "error_anchor_lin_vel": {
        "count": 299,
        "max": 2.340310573577881,
        "mean": 1.1196875790489158,
        "min": 0.10175462067127228
      },
      "error_anchor_pos": {
        "count": 299,
        "max": 0.2841019630432129,
        "mean": 0.10441662474569668,
        "min": 0.009960811585187912
      },
      "error_anchor_rot": {
        "count": 299,
        "max": 0.5486131310462952,
        "mean": 0.18389665793914062,
        "min": 0.012642151676118374
      },
      "error_body_ang_vel": {
        "count": 299,
        "max": 22.776363372802734,
        "mean": 6.666656624014959,
        "min": 0.33846014738082886
      },
      "error_body_lin_vel": {
        "count": 299,
        "max": 2.282785177230835,
        "mean": 1.1732863386389005,
        "min": 0.12303508073091507
      },
      "error_body_pos": {
        "count": 299,
        "max": 1.2687740325927734,
        "mean": 0.12529029037077666,
        "min": 0.0032771448604762554
      },
      "error_body_rot": {
        "count": 299,
        "max": 1.1496250629425049,
        "mean": 0.32145678486214035,
        "min": 0.09468116611242294
      },
      "error_joint_pos": {
        "count": 299,
        "max": 3.3779828548431396,
        "mean": 1.2446200241611953,
        "min": 0.2719342112541199
      },
      "error_joint_vel": {
        "count": 299,
        "max": 83.27501678466797,
        "mean": 29.952657361493063,
        "min": 0.0
      },
      "sampling_entropy": {
        "count": 299,
        "max": 0.9999999403953552,
        "mean": 0.999479836444791,
        "min": 0.9989388585090637
      },
      "sampling_top1_bin": {
        "count": 299,
        "max": 0.8333333730697632,
        "mean": 0.6811594508563396,
        "min": 0.0
      },
      "sampling_top1_prob": {
        "count": 299,
        "max": 0.18697330355644226,
        "mean": 0.17797882202078266,
        "min": 0.1666666567325592
      }
    },
    "command_terms": [
      "motion"
    ],
    "critic_observation_dim": 286,
    "device": "cuda:4",
    "done_total": 41,
    "event_modes": [
      "startup",
      "interval"
    ],
    "motion_file": "/mnt/infini-data/test/BeyondMimic/res/tracking/official_csv_to_npz_loop_full_dataset_with_enriched_usd/motions/walk1_subject1/walk1_subject1_official_loop_enriched_usd_motion.npz",
    "num_envs": 1,
    "observation_shapes": {
      "critic": [
        1,
        286
      ],
      "policy": [
        1,
        160
      ]
    },
    "official_csv_loop_npz_input": true,
    "official_csv_to_npz_unpatched_output": false,
    "paper_level_rollout": false,
    "policy_observation_dim": 160,
    "ppo_training": false,
    "real_robot": false,
    "reward": {
      "count": 299,
      "max": 0.05479876324534416,
      "mean": 0.027301132498327704,
      "min": -0.012398721650242805
    },
    "reward_terms": [
      "motion_global_anchor_pos",
      "motion_global_anchor_ori",
      "motion_body_pos",
      "motion_body_ori",
      "motion_body_lin_vel",
      "motion_body_ang_vel",
      "action_rate_l2",
      "joint_limit",
      "undesired_contacts"
    ],
    "robot_num_bodies": 40,
    "robot_num_joints": 29,
    "status": "ok",
    "step_count": 299,
    "task": "Tracking-Flat-G1-v0",
    "terminated_total": 24,
    "termination_terms": [
      "time_out",
      "anchor_pos",
      "anchor_ori",
      "ee_body_pos"
    ],
    "truncated_total": 17,
    "usd_path": "/mnt/infini-data/test/BeyondMimic/res/tracking/g1_resource_adjusted_enriched_usd/g1_resource_adjusted_29dof_enriched_scaffold.usda",
    "uses_resource_adjusted_usd": true
  },
  "metrics_json": "/mnt/infini-data/test/BeyondMimic/res/tracking/g1_official_csv_loop_full_dataset_task_eval/motions/walk1_subject1/walk1_subject1_task_eval_metrics.json",
  "motion": "walk1_subject1",
  "returncode": 0,
  "stalled": false,
  "status": "ok"
}