{
  "action_dim": 29,
  "action_terms": [
    "joint_pos"
  ],
  "command_metrics_final": {
    "error_anchor_ang_vel": 1.2711952924728394,
    "error_anchor_lin_vel": 1.1487332582473755,
    "error_anchor_pos": 0.12040617316961288,
    "error_anchor_rot": 0.48328015208244324,
    "error_body_ang_vel": 6.362907886505127,
    "error_body_lin_vel": 1.1686416864395142,
    "error_body_pos": 0.14997899532318115,
    "error_body_rot": 1.0702685117721558,
    "error_joint_pos": 2.023791790008545,
    "error_joint_vel": 25.877553939819336,
    "sampling_entropy": 0.9895135760307312,
    "sampling_top1_bin": 0.1666666716337204,
    "sampling_top1_prob": 0.22979392111301422
  },
  "command_metrics_timeseries": {
    "error_anchor_ang_vel": {
      "count": 299,
      "max": 7.191062927246094,
      "mean": 2.346390815856664,
      "min": 0.06858839839696884
    },
    "error_anchor_lin_vel": {
      "count": 299,
      "max": 2.5595080852508545,
      "mean": 0.8632311592233619,
      "min": 0.08617086708545685
    },
    "error_anchor_pos": {
      "count": 299,
      "max": 0.28420472145080566,
      "mean": 0.06966833892530672,
      "min": 0.00723182363435626
    },
    "error_anchor_rot": {
      "count": 299,
      "max": 1.2099806070327759,
      "mean": 0.3338297025291218,
      "min": 0.04116217792034149
    },
    "error_body_ang_vel": {
      "count": 299,
      "max": 8.881409645080566,
      "mean": 3.802104650133828,
      "min": 0.38405975699424744
    },
    "error_body_lin_vel": {
      "count": 299,
      "max": 1.9065110683441162,
      "mean": 0.9050871995480164,
      "min": 0.22948229312896729
    },
    "error_body_pos": {
      "count": 299,
      "max": 1.1977943181991577,
      "mean": 0.21227148142845734,
      "min": 0.07006639242172241
    },
    "error_body_rot": {
      "count": 299,
      "max": 2.843151330947876,
      "mean": 1.063062635153831,
      "min": 0.6801260709762573
    },
    "error_joint_pos": {
      "count": 299,
      "max": 3.6234095096588135,
      "mean": 1.5827914476394653,
      "min": 0.5962004661560059
    },
    "error_joint_vel": {
      "count": 299,
      "max": 51.03982162475586,
      "mean": 15.950848004491034,
      "min": 0.0
    },
    "sampling_entropy": {
      "count": 299,
      "max": 0.9999999403953552,
      "mean": 0.9959523548250613,
      "min": 0.9894977807998657
    },
    "sampling_top1_bin": {
      "count": 299,
      "max": 0.6666666865348816,
      "mean": 0.17892977121881018,
      "min": 0.0
    },
    "sampling_top1_prob": {
      "count": 299,
      "max": 0.23221175372600555,
      "mean": 0.19727266891345532,
      "min": 0.1666666567325592
    }
  },
  "command_terms": [
    "motion"
  ],
  "critic_observation_dim": 286,
  "device": "cuda:4",
  "done_total": 46,
  "event_modes": [
    "startup",
    "interval"
  ],
  "motion_file": "/mnt/infini-data/test/BeyondMimic/res/tracking/official_csv_loop_full_bundle_fk_repaired_robot_order_motion_npz/motions/run1_subject5/motion.npz",
  "num_envs": 1,
  "observation_shapes": {
    "critic": [
      1,
      286
    ],
    "policy": [
      1,
      160
    ]
  },
  "official_csv_to_npz_unpatched_output": false,
  "paper_level_rollout": false,
  "policy_observation_dim": 160,
  "ppo_training": false,
  "real_robot": false,
  "reward": {
    "count": 299,
    "max": 0.0555112287402153,
    "mean": 0.016899405804191744,
    "min": -0.02802831307053566
  },
  "reward_terms": [
    "motion_global_anchor_pos",
    "motion_global_anchor_ori",
    "motion_body_pos",
    "motion_body_ori",
    "motion_body_lin_vel",
    "motion_body_ang_vel",
    "action_rate_l2",
    "joint_limit",
    "undesired_contacts"
  ],
  "robot_num_bodies": 40,
  "robot_num_joints": 29,
  "status": "ok",
  "step_count": 299,
  "task": "Tracking-Flat-G1-v0",
  "terminated_total": 35,
  "termination_terms": [
    "time_out",
    "anchor_pos",
    "anchor_ori",
    "ee_body_pos"
  ],
  "truncated_total": 11,
  "usd_path": "/mnt/infini-data/test/BeyondMimic/res/tracking/g1_urdf_in_memory_gpu4_probe/g1_official_importer_in_memory_gpu4_export.usda",
  "uses_fk_repaired_motion_npz": true,
  "uses_fk_repaired_robot_order_motion_npz": true,
  "uses_official_importer_export_usd": true,
  "uses_resource_adjusted_usd": false
}