{
  "duration_seconds": 40.045,
  "log": "/mnt/infini-data/test/BeyondMimic/logs/tracking_g1_official_importer_export_fk_repaired_split_task_eval/dance1_subject3_task_eval.log",
  "markers": {
    "after_app": true,
    "before_app": true,
    "env_created": true,
    "env_reset": true,
    "exception": false,
    "metrics_file": true,
    "stall_timeout": false,
    "step_bound_reached": true,
    "success": true,
    "traceback": false,
    "vulkan_device_lost": false
  },
  "metrics": {
    "action_dim": 29,
    "action_terms": [
      "joint_pos"
    ],
    "command_metrics_final": {
      "error_anchor_ang_vel": 0.21653379499912262,
      "error_anchor_lin_vel": 0.36322444677352905,
      "error_anchor_pos": 0.49267736077308655,
      "error_anchor_rot": 0.8384261131286621,
      "error_body_ang_vel": 0.3124166429042816,
      "error_body_lin_vel": 0.35007819533348083,
      "error_body_pos": 0.4824385941028595,
      "error_body_rot": 1.3545548915863037,
      "error_joint_pos": 0.49442726373672485,
      "error_joint_vel": 0.0,
      "sampling_entropy": 0.9971137046813965,
      "sampling_top1_bin": 0.3333333432674408,
      "sampling_top1_prob": 0.189464271068573
    },
    "command_metrics_timeseries": {
      "error_anchor_ang_vel": {
        "count": 299,
        "max": 1.6047643423080444,
        "mean": 0.6338491226767616,
        "min": 0.1163196787238121
      },
      "error_anchor_lin_vel": {
        "count": 299,
        "max": 0.7749302983283997,
        "mean": 0.40221859648026353,
        "min": 0.05692856386303902
      },
      "error_anchor_pos": {
        "count": 299,
        "max": 0.5304083824157715,
        "mean": 0.5005664162611881,
        "min": 0.4782774746417999
      },
      "error_anchor_rot": {
        "count": 299,
        "max": 1.2742111682891846,
        "mean": 1.028611807719521,
        "min": 0.727708101272583
      },
      "error_body_ang_vel": {
        "count": 299,
        "max": 2.9075067043304443,
        "mean": 0.9674948455398298,
        "min": 0.15163099765777588
      },
      "error_body_lin_vel": {
        "count": 299,
        "max": 0.8512811064720154,
        "mean": 0.45358568397553073,
        "min": 0.104017473757267
      },
      "error_body_pos": {
        "count": 299,
        "max": 0.7552640438079834,
        "mean": 0.4762248915174733,
        "min": 0.42751604318618774
      },
      "error_body_rot": {
        "count": 299,
        "max": 1.5635319948196411,
        "mean": 1.259289638055208,
        "min": 0.749515950679779
      },
      "error_joint_pos": {
        "count": 299,
        "max": 1.3169515132904053,
        "mean": 0.868545704860751,
        "min": 0.3913097381591797
      },
      "error_joint_vel": {
        "count": 299,
        "max": 0.0,
        "mean": 0.0,
        "min": 0.0
      },
      "sampling_entropy": {
        "count": 299,
        "max": 0.9999999403953552,
        "mean": 0.9964494390232507,
        "min": 0.9901441931724548
      },
      "sampling_top1_bin": {
        "count": 299,
        "max": 0.6666666865348816,
        "mean": 0.3054626612459935,
        "min": 0.0
      },
      "sampling_top1_prob": {
        "count": 299,
        "max": 0.2156483232975006,
        "mean": 0.1908054445997927,
        "min": 0.1666666567325592
      }
    },
    "command_terms": [
      "motion"
    ],
    "critic_observation_dim": 286,
    "device": "cuda:4",
    "done_total": 299,
    "event_modes": [
      "startup",
      "interval"
    ],
    "motion_file": "/mnt/infini-data/test/BeyondMimic/res/tracking/official_csv_loop_full_bundle_fk_repaired_split_motion_npz/motions/dance1_subject3/motion.npz",
    "num_envs": 1,
    "observation_shapes": {
      "critic": [
        1,
        286
      ],
      "policy": [
        1,
        160
      ]
    },
    "official_csv_to_npz_unpatched_output": false,
    "paper_level_rollout": false,
    "policy_observation_dim": 160,
    "ppo_training": false,
    "real_robot": false,
    "reward": {
      "count": 299,
      "max": 0.03973478823900223,
      "mean": 0.010847211438527075,
      "min": -0.036186542361974716
    },
    "reward_terms": [
      "motion_global_anchor_pos",
      "motion_global_anchor_ori",
      "motion_body_pos",
      "motion_body_ori",
      "motion_body_lin_vel",
      "motion_body_ang_vel",
      "action_rate_l2",
      "joint_limit",
      "undesired_contacts"
    ],
    "robot_num_bodies": 40,
    "robot_num_joints": 29,
    "status": "ok",
    "step_count": 299,
    "task": "Tracking-Flat-G1-v0",
    "terminated_total": 299,
    "termination_terms": [
      "time_out",
      "anchor_pos",
      "anchor_ori",
      "ee_body_pos"
    ],
    "truncated_total": 0,
    "usd_path": "/mnt/infini-data/test/BeyondMimic/res/tracking/g1_urdf_in_memory_gpu4_probe/g1_official_importer_in_memory_gpu4_export.usda",
    "uses_fk_repaired_motion_npz": true,
    "uses_official_importer_export_usd": true,
    "uses_resource_adjusted_usd": false
  },
  "metrics_json": "/mnt/infini-data/test/BeyondMimic/res/tracking/g1_official_importer_export_fk_repaired_split_task_eval/motions/dance1_subject3/dance1_subject3_task_eval_metrics.json",
  "motion": "dance1_subject3",
  "returncode": 0,
  "stalled": false,
  "status": "ok"
}