task,seed_count,guided_reward_mean,guided_reward_std,guided_target_body_error_mean,guided_target_body_error_std,guided_done_count_total_mean,guided_done_count_total_std,guidance_cost_delta_mean,guidance_cost_delta_std,guided_teacher_action_mse_mean,guided_teacher_action_mse_std
joystick,3,0.02232369573095371,0.0010889157451483818,0.08159936716159184,0.0019695256329291754,25.333333333333332,0.4714045207910317,6.273721107006605e-05,1.1513721136673892e-06,0.013572068530142124,0.0016829888220544623
waypoint,3,0.022291896199244782,0.00327840694379508,0.08060036599636078,0.0022872980624290625,25.0,0.816496580927726,1.632442974060807e-05,8.118326357420942e-07,0.013485508809985391,0.0012993278545621722
obstacle_avoidance,3,0.023588503291467028,0.0019495705424900024,0.08021855105956395,0.0005068459914723362,25.333333333333332,0.4714045207910317,1.0619560877482096e-05,1.1850000003424341e-06,0.012067802483215928,0.0011131950162128574
composed,3,0.022867726614758988,0.0010803079463576001,0.0804838811357816,0.0012593252489045501,25.333333333333332,0.4714045207910317,5.500216282065231e-05,1.5059570981987367e-06,0.012002550896387984,0.00036828553183165195
