{
  "aggregate": [
    {
      "guidance_cost_delta_mean": 6.273721107006605e-05,
      "guidance_cost_delta_std": 1.1513721136673892e-06,
      "guided_done_count_total_mean": 25.333333333333332,
      "guided_done_count_total_std": 0.4714045207910317,
      "guided_reward_mean": 0.02232369573095371,
      "guided_reward_std": 0.0010889157451483818,
      "guided_target_body_error_mean": 0.08159936716159184,
      "guided_target_body_error_std": 0.0019695256329291754,
      "guided_teacher_action_mse_mean": 0.013572068530142124,
      "guided_teacher_action_mse_std": 0.0016829888220544623,
      "seed_count": 3,
      "task": "joystick"
    },
    {
      "guidance_cost_delta_mean": 1.632442974060807e-05,
      "guidance_cost_delta_std": 8.118326357420942e-07,
      "guided_done_count_total_mean": 25.0,
      "guided_done_count_total_std": 0.816496580927726,
      "guided_reward_mean": 0.022291896199244782,
      "guided_reward_std": 0.00327840694379508,
      "guided_target_body_error_mean": 0.08060036599636078,
      "guided_target_body_error_std": 0.0022872980624290625,
      "guided_teacher_action_mse_mean": 0.013485508809985391,
      "guided_teacher_action_mse_std": 0.0012993278545621722,
      "seed_count": 3,
      "task": "waypoint"
    },
    {
      "guidance_cost_delta_mean": 1.0619560877482096e-05,
      "guidance_cost_delta_std": 1.1850000003424341e-06,
      "guided_done_count_total_mean": 25.333333333333332,
      "guided_done_count_total_std": 0.4714045207910317,
      "guided_reward_mean": 0.023588503291467028,
      "guided_reward_std": 0.0019495705424900024,
      "guided_target_body_error_mean": 0.08021855105956395,
      "guided_target_body_error_std": 0.0005068459914723362,
      "guided_teacher_action_mse_mean": 0.012067802483215928,
      "guided_teacher_action_mse_std": 0.0011131950162128574,
      "seed_count": 3,
      "task": "obstacle_avoidance"
    },
    {
      "guidance_cost_delta_mean": 5.500216282065231e-05,
      "guidance_cost_delta_std": 1.5059570981987367e-06,
      "guided_done_count_total_mean": 25.333333333333332,
      "guided_done_count_total_std": 0.4714045207910317,
      "guided_reward_mean": 0.022867726614758988,
      "guided_reward_std": 0.0010803079463576001,
      "guided_target_body_error_mean": 0.0804838811357816,
      "guided_target_body_error_std": 0.0012593252489045501,
      "guided_teacher_action_mse_mean": 0.012002550896387984,
      "guided_teacher_action_mse_std": 0.00036828553183165195,
      "seed_count": 3,
      "task": "composed"
    }
  ],
  "assets": {
    "aggregate_csv": "/mnt/infini-data/test/BeyondMimic/res/report_assets/official_csv_loop_full_bundle_task_conditioned_guidance_multiseed/full_bundle_task_conditioned_guidance_multiseed_aggregate.csv",
    "bars_png": "/mnt/infini-data/test/BeyondMimic/res/report_assets/official_csv_loop_full_bundle_task_conditioned_guidance_multiseed/full_bundle_task_conditioned_guidance_multiseed_bars.png",
    "readme": "/mnt/infini-data/test/BeyondMimic/res/report_assets/official_csv_loop_full_bundle_task_conditioned_guidance_multiseed/README.md",
    "seed_scatter_png": "/mnt/infini-data/test/BeyondMimic/res/report_assets/official_csv_loop_full_bundle_task_conditioned_guidance_multiseed/full_bundle_task_conditioned_guidance_multiseed_seed_scatter.png"
  },
  "checks": {
    "all_rows_ok": true,
    "does_not_claim_fig5_fig6": true,
    "does_not_claim_goal_complete": true,
    "does_not_claim_real_robot": true,
    "four_tasks_per_seed_group": true,
    "full_bundle_motion_count_40": true,
    "summary_status_ok": true,
    "three_seed_groups": true,
    "uses_full_public_motion_bundle": true
  },
  "interpretation": {
    "claim_level": "local_virtual_full_bundle_task_conditioned_latent_guidance_multiseed_report_assets",
    "goal_complete": false,
    "why_not_paper_level": "The source rollouts use local full-bundle PPO/VAE/denoiser checkpoints, proxy task costs, and an enriched USD scaffold. They are useful report/PPT evidence but not official BeyondMimic Fig. 5/Fig. 6 metrics, TensorRT deployment, or real-robot validation."
  },
  "row_count": 12,
  "seed_group_count": 3,
  "source_summary": "/mnt/infini-data/test/BeyondMimic/res/level_c/official_csv_loop_full_bundle_task_conditioned_latent_guidance_multiseed_eval/official_csv_loop_full_bundle_task_conditioned_latent_guidance_multiseed_eval.json",
  "status": "ok_official_csv_loop_full_bundle_task_conditioned_guidance_multiseed_assets",
  "task_count": 4,
  "timestamp_utc": "2026-06-20T04:43:41.294241+00:00"
}
