{
  "aggregate": [
    {
      "guidance_cost_delta_mean": 6.341645151476398e-05,
      "guidance_cost_delta_std": 2.0058087792770667e-06,
      "guided_done_count_total_mean": 25.0,
      "guided_done_count_total_std": 0.6324555320336759,
      "guided_reward_mean": 0.021954482373934124,
      "guided_reward_std": 0.0023058839662547736,
      "guided_target_body_error_mean": 0.08180097341537476,
      "guided_target_body_error_std": 0.0025472689716202353,
      "guided_teacher_action_mse_mean": 0.014141227676218568,
      "guided_teacher_action_mse_std": 0.0019413128561844924,
      "seed_count": 5,
      "task": "joystick"
    },
    {
      "guidance_cost_delta_mean": 1.65683369971438e-05,
      "guidance_cost_delta_std": 8.648635905097794e-07,
      "guided_done_count_total_mean": 25.0,
      "guided_done_count_total_std": 0.6324555320336759,
      "guided_reward_mean": 0.022448493876684468,
      "guided_reward_std": 0.0027030886724763352,
      "guided_target_body_error_mean": 0.08056965321302414,
      "guided_target_body_error_std": 0.001922534555211078,
      "guided_teacher_action_mse_mean": 0.013592144171162243,
      "guided_teacher_action_mse_std": 0.0011302838030113785,
      "seed_count": 5,
      "task": "waypoint"
    },
    {
      "guidance_cost_delta_mean": 1.0189124971727862e-05,
      "guidance_cost_delta_std": 1.2749856328582149e-06,
      "guided_done_count_total_mean": 25.2,
      "guided_done_count_total_std": 0.39999999999999997,
      "guided_reward_mean": 0.024278478643367917,
      "guided_reward_std": 0.0017859145015873819,
      "guided_target_body_error_mean": 0.08039124161005021,
      "guided_target_body_error_std": 0.0004516324924528522,
      "guided_teacher_action_mse_mean": 0.011774991181707103,
      "guided_teacher_action_mse_std": 0.0011336670929217906,
      "seed_count": 5,
      "task": "obstacle_avoidance"
    },
    {
      "guidance_cost_delta_mean": 5.491330073429988e-05,
      "guidance_cost_delta_std": 1.2620248627778743e-06,
      "guided_done_count_total_mean": 25.2,
      "guided_done_count_total_std": 0.39999999999999997,
      "guided_reward_mean": 0.02204239875900506,
      "guided_reward_std": 0.0013825664952876269,
      "guided_target_body_error_mean": 0.08011763840913773,
      "guided_target_body_error_std": 0.0011010250474115585,
      "guided_teacher_action_mse_mean": 0.012744489715693138,
      "guided_teacher_action_mse_std": 0.000952703448645304,
      "seed_count": 5,
      "task": "composed"
    }
  ],
  "assets": {
    "aggregate_csv": "/mnt/infini-data/test/BeyondMimic/res/report_assets/official_csv_loop_full_bundle_task_conditioned_guidance_multiseed/full_bundle_task_conditioned_guidance_multiseed_aggregate.csv",
    "bars_png": "/mnt/infini-data/test/BeyondMimic/res/report_assets/official_csv_loop_full_bundle_task_conditioned_guidance_multiseed/full_bundle_task_conditioned_guidance_multiseed_bars.png",
    "readme": "/mnt/infini-data/test/BeyondMimic/res/report_assets/official_csv_loop_full_bundle_task_conditioned_guidance_multiseed/README.md",
    "seed_scatter_png": "/mnt/infini-data/test/BeyondMimic/res/report_assets/official_csv_loop_full_bundle_task_conditioned_guidance_multiseed/full_bundle_task_conditioned_guidance_multiseed_seed_scatter.png"
  },
  "checks": {
    "all_rows_ok": true,
    "does_not_claim_fig5_fig6": true,
    "does_not_claim_goal_complete": true,
    "does_not_claim_real_robot": true,
    "four_tasks_per_seed_group": true,
    "full_bundle_motion_count_40": true,
    "seed_group_count_at_least_3": true,
    "summary_status_ok": true,
    "uses_full_public_motion_bundle": true
  },
  "interpretation": {
    "claim_level": "local_virtual_full_bundle_task_conditioned_latent_guidance_multiseed_report_assets",
    "goal_complete": false,
    "why_not_paper_level": "The source rollouts use local full-bundle PPO/VAE/denoiser checkpoints, proxy task costs, and an enriched USD scaffold. They are useful report/PPT evidence but not official BeyondMimic Fig. 5/Fig. 6 metrics, TensorRT deployment, or real-robot validation."
  },
  "row_count": 20,
  "seed_group_count": 5,
  "source_summary": "/mnt/infini-data/test/BeyondMimic/res/level_c/official_csv_loop_full_bundle_task_conditioned_latent_guidance_multiseed_eval/official_csv_loop_full_bundle_task_conditioned_latent_guidance_multiseed_eval.json",
  "status": "ok_official_csv_loop_full_bundle_task_conditioned_guidance_multiseed_assets",
  "task_count": 4,
  "timestamp_utc": "2026-06-20T06:02:42.843584+00:00"
}
