variant	reward_mean	target_body_error_mean	done_count_total	teacher_vae_action_mse_mean	denoised_teacher_action_mse_mean	guided_teacher_action_mse_mean	guided_base_action_mse_mean	guidance_cost_delta_mean
denoised_latent	0.02279674683317517	0.34482356905937195	299	0.00019591517708633004	0.0002529789971502694	0.00025297843327572146	5.4743273312718595e-05	9.115187320422169e-07
receding_latent_guided	0.022895247924661757	0.34340256452560425	299	0.00019328633058943902	0.00024953791340935686	0.0002495371835018363	5.258529379824476e-05	9.155305831328683e-07
teacher	0.025064972416189404	0.3433286249637604	299	0.00019646427897038716	0.00024811993649947366	0.00024811926427642647	4.913409870264742e-05	9.287248387384574e-07
vae_base	0.025100183831814	0.34487199783325195	299	0.00018954175203152074	0.00023977206587747835	0.00023977145979507596	4.762571837681813e-05	9.070147439388926e-07
