{
  "action_dim": 29,
  "action_terms": [
    "joint_pos"
  ],
  "command_metrics_final": {
    "error_anchor_ang_vel": 4.623351097106934,
    "error_anchor_lin_vel": 0.5452556610107422,
    "error_anchor_pos": 0.4873979389667511,
    "error_anchor_rot": 1.0544111728668213,
    "error_body_ang_vel": 4.128249168395996,
    "error_body_lin_vel": 1.025163173675537,
    "error_body_pos": 0.8804937601089478,
    "error_body_rot": 1.31142258644104,
    "error_joint_pos": 0.5115268230438232,
    "error_joint_vel": 0.0,
    "sampling_entropy": 0.9919381141662598,
    "sampling_top1_bin": 0.0,
    "sampling_top1_prob": 0.21141692996025085
  },
  "command_metrics_timeseries": {
    "error_anchor_ang_vel": {
      "count": 299,
      "max": 8.04150676727295,
      "mean": 1.9974536631368474,
      "min": 0.0743321105837822
    },
    "error_anchor_lin_vel": {
      "count": 299,
      "max": 1.528773546218872,
      "mean": 0.599248285775998,
      "min": 0.1294737607240677
    },
    "error_anchor_pos": {
      "count": 299,
      "max": 0.5587158799171448,
      "mean": 0.5038937535573009,
      "min": 0.4648665487766266
    },
    "error_anchor_rot": {
      "count": 299,
      "max": 1.4379446506500244,
      "mean": 1.003826570127122,
      "min": 0.08329895883798599
    },
    "error_body_ang_vel": {
      "count": 299,
      "max": 5.625887393951416,
      "mean": 2.249706251266409,
      "min": 0.08189614117145538
    },
    "error_body_lin_vel": {
      "count": 299,
      "max": 1.4698222875595093,
      "mean": 0.7282925859641869,
      "min": 0.13482776284217834
    },
    "error_body_pos": {
      "count": 299,
      "max": 1.5074771642684937,
      "mean": 0.7071333271404573,
      "min": 0.4135420024394989
    },
    "error_body_rot": {
      "count": 299,
      "max": 2.326887607574463,
      "mean": 1.2788407920196303,
      "min": 0.5814637541770935
    },
    "error_joint_pos": {
      "count": 299,
      "max": 1.2897248268127441,
      "mean": 0.7987704146466527,
      "min": 0.2786681354045868
    },
    "error_joint_vel": {
      "count": 299,
      "max": 0.0,
      "mean": 0.0,
      "min": 0.0
    },
    "sampling_entropy": {
      "count": 299,
      "max": 0.9999999403953552,
      "mean": 0.99029859073186,
      "min": 0.9830595850944519
    },
    "sampling_top1_bin": {
      "count": 299,
      "max": 0.8333333730697632,
      "mean": 0.04180602131280612,
      "min": 0.0
    },
    "sampling_top1_prob": {
      "count": 299,
      "max": 0.2356300950050354,
      "mean": 0.21230767796868863,
      "min": 0.1666666567325592
    }
  },
  "command_terms": [
    "motion"
  ],
  "critic_observation_dim": 286,
  "device": "cuda:4",
  "done_total": 299,
  "event_modes": [
    "startup",
    "interval"
  ],
  "motion_file": "/mnt/infini-data/test/BeyondMimic/res/tracking/official_csv_loop_full_bundle_fk_repaired_split_motion_npz/motions/fight1_subject3/motion.npz",
  "num_envs": 1,
  "observation_shapes": {
    "critic": [
      1,
      286
    ],
    "policy": [
      1,
      160
    ]
  },
  "official_csv_to_npz_unpatched_output": false,
  "paper_level_rollout": false,
  "policy_observation_dim": 160,
  "ppo_training": false,
  "real_robot": false,
  "reward": {
    "count": 299,
    "max": 0.02575961872935295,
    "mean": 0.0023954775788662427,
    "min": -0.03252540901303291
  },
  "reward_terms": [
    "motion_global_anchor_pos",
    "motion_global_anchor_ori",
    "motion_body_pos",
    "motion_body_ori",
    "motion_body_lin_vel",
    "motion_body_ang_vel",
    "action_rate_l2",
    "joint_limit",
    "undesired_contacts"
  ],
  "robot_num_bodies": 40,
  "robot_num_joints": 29,
  "status": "ok",
  "step_count": 299,
  "task": "Tracking-Flat-G1-v0",
  "terminated_total": 299,
  "termination_terms": [
    "time_out",
    "anchor_pos",
    "anchor_ori",
    "ee_body_pos"
  ],
  "truncated_total": 0,
  "usd_path": "/mnt/infini-data/test/BeyondMimic/res/tracking/g1_urdf_in_memory_gpu4_probe/g1_official_importer_in_memory_gpu4_export.usda",
  "uses_fk_repaired_motion_npz": true,
  "uses_official_importer_export_usd": true,
  "uses_resource_adjusted_usd": false
}