{
  "action_dim": 29,
  "action_terms": [
    "joint_pos"
  ],
  "command_metrics_final": {
    "error_anchor_ang_vel": 0.8845972418785095,
    "error_anchor_lin_vel": 0.5801386833190918,
    "error_anchor_pos": 0.48241087794303894,
    "error_anchor_rot": 0.8387317061424255,
    "error_body_ang_vel": 0.9025206565856934,
    "error_body_lin_vel": 0.6154163479804993,
    "error_body_pos": 0.5143909454345703,
    "error_body_rot": 1.2841644287109375,
    "error_joint_pos": 1.1055067777633667,
    "error_joint_vel": 0.0,
    "sampling_entropy": 0.986565351486206,
    "sampling_top1_bin": 0.5,
    "sampling_top1_prob": 0.19841742515563965
  },
  "command_metrics_timeseries": {
    "error_anchor_ang_vel": {
      "count": 299,
      "max": 1.004546046257019,
      "mean": 0.5926694801220527,
      "min": 0.11131170392036438
    },
    "error_anchor_lin_vel": {
      "count": 299,
      "max": 0.7475724220275879,
      "mean": 0.39792473616707685,
      "min": 0.10123173892498016
    },
    "error_anchor_pos": {
      "count": 299,
      "max": 0.5135899186134338,
      "mean": 0.4937958353538577,
      "min": 0.4763586223125458
    },
    "error_anchor_rot": {
      "count": 299,
      "max": 1.1042283773422241,
      "mean": 0.8501203897406027,
      "min": 0.5440776944160461
    },
    "error_body_ang_vel": {
      "count": 299,
      "max": 1.638156771659851,
      "mean": 0.6819674941558503,
      "min": 0.10347957164049149
    },
    "error_body_lin_vel": {
      "count": 299,
      "max": 0.7107824683189392,
      "mean": 0.4293937059399675,
      "min": 0.10111392289400101
    },
    "error_body_pos": {
      "count": 299,
      "max": 0.773014485836029,
      "mean": 0.49176696152192695,
      "min": 0.4445625841617584
    },
    "error_body_rot": {
      "count": 299,
      "max": 1.3447548151016235,
      "mean": 1.1510016802561323,
      "min": 0.775898814201355
    },
    "error_joint_pos": {
      "count": 299,
      "max": 1.2654165029525757,
      "mean": 1.1127873112924123,
      "min": 1.0703675746917725
    },
    "error_joint_vel": {
      "count": 299,
      "max": 0.0,
      "mean": 0.0,
      "min": 0.0
    },
    "sampling_entropy": {
      "count": 299,
      "max": 0.9999999403953552,
      "mean": 0.9890062065427518,
      "min": 0.9824790358543396
    },
    "sampling_top1_bin": {
      "count": 299,
      "max": 0.8333333730697632,
      "mean": 0.3433667818040752,
      "min": 0.0
    },
    "sampling_top1_prob": {
      "count": 299,
      "max": 0.20903842151165009,
      "mean": 0.19731761819144156,
      "min": 0.1666666567325592
    }
  },
  "command_terms": [
    "motion"
  ],
  "critic_observation_dim": 286,
  "device": "cuda:4",
  "done_total": 299,
  "event_modes": [
    "startup",
    "interval"
  ],
  "motion_file": "/mnt/infini-data/test/BeyondMimic/res/tracking/official_csv_loop_full_bundle_fk_repaired_split_motion_npz/motions/dance2_subject3/motion.npz",
  "num_envs": 1,
  "observation_shapes": {
    "critic": [
      1,
      286
    ],
    "policy": [
      1,
      160
    ]
  },
  "official_csv_to_npz_unpatched_output": false,
  "paper_level_rollout": false,
  "policy_observation_dim": 160,
  "ppo_training": false,
  "real_robot": false,
  "reward": {
    "count": 299,
    "max": -0.012610208243131638,
    "mean": -0.02055777634578106,
    "min": -0.031167302280664444
  },
  "reward_terms": [
    "motion_global_anchor_pos",
    "motion_global_anchor_ori",
    "motion_body_pos",
    "motion_body_ori",
    "motion_body_lin_vel",
    "motion_body_ang_vel",
    "action_rate_l2",
    "joint_limit",
    "undesired_contacts"
  ],
  "robot_num_bodies": 40,
  "robot_num_joints": 29,
  "status": "ok",
  "step_count": 299,
  "task": "Tracking-Flat-G1-v0",
  "terminated_total": 299,
  "termination_terms": [
    "time_out",
    "anchor_pos",
    "anchor_ori",
    "ee_body_pos"
  ],
  "truncated_total": 0,
  "usd_path": "/mnt/infini-data/test/BeyondMimic/res/tracking/g1_urdf_in_memory_gpu4_probe/g1_official_importer_in_memory_gpu4_export.usda",
  "uses_fk_repaired_motion_npz": true,
  "uses_official_importer_export_usd": true,
  "uses_resource_adjusted_usd": false
}