{
  "action_dim": 29,
  "action_terms": [
    "joint_pos"
  ],
  "command_metrics_final": {
    "error_anchor_ang_vel": 0.8039904236793518,
    "error_anchor_lin_vel": 0.4122413098812103,
    "error_anchor_pos": 0.03606195002794266,
    "error_anchor_rot": 0.6313159465789795,
    "error_body_ang_vel": 0.8045557737350464,
    "error_body_lin_vel": 0.45662298798561096,
    "error_body_pos": 0.17076724767684937,
    "error_body_rot": 1.21969473361969,
    "error_joint_pos": 1.0599799156188965,
    "error_joint_vel": 0.0,
    "sampling_entropy": 0.9950158596038818,
    "sampling_top1_bin": 0.3333333432674408,
    "sampling_top1_prob": 0.21039250493049622
  },
  "command_metrics_timeseries": {
    "error_anchor_ang_vel": {
      "count": 299,
      "max": 11.439226150512695,
      "mean": 1.982152733117043,
      "min": 0.22220751643180847
    },
    "error_anchor_lin_vel": {
      "count": 299,
      "max": 1.6099814176559448,
      "mean": 0.674818073726418,
      "min": 0.11677268147468567
    },
    "error_anchor_pos": {
      "count": 299,
      "max": 0.2668958902359009,
      "mean": 0.061974477317234045,
      "min": 0.004104830790311098
    },
    "error_anchor_rot": {
      "count": 299,
      "max": 1.0792546272277832,
      "mean": 0.6575570694578929,
      "min": 0.26424917578697205
    },
    "error_body_ang_vel": {
      "count": 299,
      "max": 11.643641471862793,
      "mean": 3.6666733769070743,
      "min": 0.21916911005973816
    },
    "error_body_lin_vel": {
      "count": 299,
      "max": 1.481993556022644,
      "mean": 0.6743842355882045,
      "min": 0.1172499805688858
    },
    "error_body_pos": {
      "count": 299,
      "max": 1.352073073387146,
      "mean": 0.17228028135853865,
      "min": 0.09893979132175446
    },
    "error_body_rot": {
      "count": 299,
      "max": 1.8105350732803345,
      "mean": 1.1611743966073895,
      "min": 0.6746670007705688
    },
    "error_joint_pos": {
      "count": 299,
      "max": 6.361166954040527,
      "mean": 1.6863128313651452,
      "min": 0.47461047768592834
    },
    "error_joint_vel": {
      "count": 299,
      "max": 55.58164978027344,
      "mean": 18.62962066688665,
      "min": 0.0
    },
    "sampling_entropy": {
      "count": 299,
      "max": 0.9999999403953552,
      "mean": 0.9971894051717676,
      "min": 0.994756281375885
    },
    "sampling_top1_bin": {
      "count": 299,
      "max": 0.8333333730697632,
      "mean": 0.3617614372119457,
      "min": 0.0
    },
    "sampling_top1_prob": {
      "count": 299,
      "max": 0.21524015069007874,
      "mean": 0.19790170703045898,
      "min": 0.1666666567325592
    }
  },
  "command_terms": [
    "motion"
  ],
  "critic_observation_dim": 286,
  "device": "cuda:4",
  "done_total": 39,
  "event_modes": [
    "startup",
    "interval"
  ],
  "motion_file": "/mnt/infini-data/test/BeyondMimic/res/tracking/official_csv_loop_full_bundle_fk_repaired_robot_order_motion_npz/motions/fallAndGetUp1_subject1/motion.npz",
  "num_envs": 1,
  "observation_shapes": {
    "critic": [
      1,
      286
    ],
    "policy": [
      1,
      160
    ]
  },
  "official_csv_to_npz_unpatched_output": false,
  "paper_level_rollout": false,
  "policy_observation_dim": 160,
  "ppo_training": false,
  "real_robot": false,
  "reward": {
    "count": 299,
    "max": 0.050654035061597824,
    "mean": 0.003001036717366415,
    "min": -0.08974485099315643
  },
  "reward_terms": [
    "motion_global_anchor_pos",
    "motion_global_anchor_ori",
    "motion_body_pos",
    "motion_body_ori",
    "motion_body_lin_vel",
    "motion_body_ang_vel",
    "action_rate_l2",
    "joint_limit",
    "undesired_contacts"
  ],
  "robot_num_bodies": 40,
  "robot_num_joints": 29,
  "status": "ok",
  "step_count": 299,
  "task": "Tracking-Flat-G1-v0",
  "terminated_total": 33,
  "termination_terms": [
    "time_out",
    "anchor_pos",
    "anchor_ori",
    "ee_body_pos"
  ],
  "truncated_total": 6,
  "usd_path": "/mnt/infini-data/test/BeyondMimic/res/tracking/g1_urdf_in_memory_gpu4_probe/g1_official_importer_in_memory_gpu4_export.usda",
  "uses_fk_repaired_motion_npz": true,
  "uses_fk_repaired_robot_order_motion_npz": true,
  "uses_official_importer_export_usd": true,
  "uses_resource_adjusted_usd": false
}