{
  "action_dim": 29,
  "action_terms": [
    "joint_pos"
  ],
  "command_metrics_final": {
    "error_anchor_ang_vel": 1.845907211303711,
    "error_anchor_lin_vel": 0.43601658940315247,
    "error_anchor_pos": 0.03892073035240173,
    "error_anchor_rot": 0.4333101212978363,
    "error_body_ang_vel": 2.7625153064727783,
    "error_body_lin_vel": 0.48847535252571106,
    "error_body_pos": 0.07785017788410187,
    "error_body_rot": 0.7802309393882751,
    "error_joint_pos": 0.8883193731307983,
    "error_joint_vel": 13.281691551208496,
    "sampling_entropy": 0.9959701895713806,
    "sampling_top1_bin": 0.8333333730697632,
    "sampling_top1_prob": 0.2008635550737381
  },
  "command_metrics_timeseries": {
    "error_anchor_ang_vel": {
      "count": 299,
      "max": 9.4865140914917,
      "mean": 1.9896834412944755,
      "min": 0.14322546124458313
    },
    "error_anchor_lin_vel": {
      "count": 299,
      "max": 1.7789738178253174,
      "mean": 0.7813598605801031,
      "min": 0.09018935263156891
    },
    "error_anchor_pos": {
      "count": 299,
      "max": 0.21006935834884644,
      "mean": 0.07475967147546418,
      "min": 0.00700786430388689
    },
    "error_anchor_rot": {
      "count": 299,
      "max": 1.2318830490112305,
      "mean": 0.6188512565100871,
      "min": 0.33901500701904297
    },
    "error_body_ang_vel": {
      "count": 299,
      "max": 12.231441497802734,
      "mean": 3.5805974464153367,
      "min": 0.21228685975074768
    },
    "error_body_lin_vel": {
      "count": 299,
      "max": 1.4989335536956787,
      "mean": 0.7821123354809739,
      "min": 0.15006765723228455
    },
    "error_body_pos": {
      "count": 299,
      "max": 0.7614578008651733,
      "mean": 0.1558001221073511,
      "min": 0.07148967683315277
    },
    "error_body_rot": {
      "count": 299,
      "max": 1.6681571006774902,
      "mean": 1.0134711556610057,
      "min": 0.6520620584487915
    },
    "error_joint_pos": {
      "count": 299,
      "max": 5.371852397918701,
      "mean": 1.7186414969206654,
      "min": 0.4967988431453705
    },
    "error_joint_vel": {
      "count": 299,
      "max": 66.06340026855469,
      "mean": 17.871592631706825,
      "min": 0.0
    },
    "sampling_entropy": {
      "count": 299,
      "max": 0.9999999403953552,
      "mean": 0.9987837594488392,
      "min": 0.9959701895713806
    },
    "sampling_top1_bin": {
      "count": 299,
      "max": 0.8333333730697632,
      "mean": 0.4565217557260424,
      "min": 0.0
    },
    "sampling_top1_prob": {
      "count": 299,
      "max": 0.20291146636009216,
      "mean": 0.18179311511109905,
      "min": 0.1666666567325592
    }
  },
  "command_terms": [
    "motion"
  ],
  "critic_observation_dim": 286,
  "device": "cuda:4",
  "done_total": 37,
  "event_modes": [
    "startup",
    "interval"
  ],
  "motion_file": "/mnt/infini-data/test/BeyondMimic/res/tracking/official_csv_loop_full_bundle_fk_repaired_robot_order_motion_npz/motions/run2_subject1/motion.npz",
  "num_envs": 1,
  "observation_shapes": {
    "critic": [
      1,
      286
    ],
    "policy": [
      1,
      160
    ]
  },
  "official_csv_to_npz_unpatched_output": false,
  "paper_level_rollout": false,
  "policy_observation_dim": 160,
  "ppo_training": false,
  "real_robot": false,
  "reward": {
    "count": 299,
    "max": 0.0674864798784256,
    "mean": 0.017727384188003764,
    "min": -0.0967492014169693
  },
  "reward_terms": [
    "motion_global_anchor_pos",
    "motion_global_anchor_ori",
    "motion_body_pos",
    "motion_body_ori",
    "motion_body_lin_vel",
    "motion_body_ang_vel",
    "action_rate_l2",
    "joint_limit",
    "undesired_contacts"
  ],
  "robot_num_bodies": 40,
  "robot_num_joints": 29,
  "status": "ok",
  "step_count": 299,
  "task": "Tracking-Flat-G1-v0",
  "terminated_total": 22,
  "termination_terms": [
    "time_out",
    "anchor_pos",
    "anchor_ori",
    "ee_body_pos"
  ],
  "truncated_total": 15,
  "usd_path": "/mnt/infini-data/test/BeyondMimic/res/tracking/g1_urdf_in_memory_gpu4_probe/g1_official_importer_in_memory_gpu4_export.usda",
  "uses_fk_repaired_motion_npz": true,
  "uses_fk_repaired_robot_order_motion_npz": true,
  "uses_official_importer_export_usd": true,
  "uses_resource_adjusted_usd": false
}