{
  "action_dim": 29,
  "action_terms": [
    "joint_pos"
  ],
  "command_metrics_final": {
    "error_anchor_ang_vel": 1.733628273010254,
    "error_anchor_lin_vel": 1.5528395175933838,
    "error_anchor_pos": 0.14624877274036407,
    "error_anchor_rot": 0.2888939082622528,
    "error_body_ang_vel": 4.555997848510742,
    "error_body_lin_vel": 1.5505262613296509,
    "error_body_pos": 0.11315673589706421,
    "error_body_rot": 0.3613920509815216,
    "error_joint_pos": 1.360812783241272,
    "error_joint_vel": 22.718610763549805,
    "sampling_entropy": 0.9966759085655212,
    "sampling_top1_bin": 0.5,
    "sampling_top1_prob": 0.19821283221244812
  },
  "command_metrics_timeseries": {
    "error_anchor_ang_vel": {
      "count": 299,
      "max": 16.290084838867188,
      "mean": 1.9626655585092048,
      "min": 0.21764351427555084
    },
    "error_anchor_lin_vel": {
      "count": 299,
      "max": 2.372352123260498,
      "mean": 1.151495069140774,
      "min": 0.11666359752416611
    },
    "error_anchor_pos": {
      "count": 299,
      "max": 0.2663252055644989,
      "mean": 0.10116160101565629,
      "min": 0.004978779703378677
    },
    "error_anchor_rot": {
      "count": 299,
      "max": 0.6655533909797668,
      "mean": 0.18680553946855874,
      "min": 0.03134912997484207
    },
    "error_body_ang_vel": {
      "count": 299,
      "max": 19.951068878173828,
      "mean": 6.488417258479922,
      "min": 0.21923477947711945
    },
    "error_body_lin_vel": {
      "count": 299,
      "max": 2.356740713119507,
      "mean": 1.1700402544593334,
      "min": 0.12156762182712555
    },
    "error_body_pos": {
      "count": 299,
      "max": 0.9608625173568726,
      "mean": 0.10534979671513954,
      "min": 0.0010811933316290379
    },
    "error_body_rot": {
      "count": 299,
      "max": 1.8655503988265991,
      "mean": 0.32127229343588937,
      "min": 0.08272750675678253
    },
    "error_joint_pos": {
      "count": 299,
      "max": 3.223613977432251,
      "mean": 1.2800332022251493,
      "min": 0.23648454248905182
    },
    "error_joint_vel": {
      "count": 299,
      "max": 73.04905700683594,
      "mean": 28.508785719855574,
      "min": 0.0
    },
    "sampling_entropy": {
      "count": 299,
      "max": 0.9999999403953552,
      "mean": 0.9979256154302769,
      "min": 0.9958829283714294
    },
    "sampling_top1_bin": {
      "count": 299,
      "max": 0.6666666865348816,
      "mean": 0.41694537911526736,
      "min": 0.0
    },
    "sampling_top1_prob": {
      "count": 299,
      "max": 0.20020072162151337,
      "mean": 0.1867721157528485,
      "min": 0.1666666567325592
    }
  },
  "command_terms": [
    "motion"
  ],
  "critic_observation_dim": 286,
  "device": "cuda:4",
  "done_total": 40,
  "event_modes": [
    "startup",
    "interval"
  ],
  "motion_file": "/mnt/infini-data/test/BeyondMimic/res/tracking/official_csv_to_npz_loop_full_dataset_with_enriched_usd/motions/sprint1_subject4/sprint1_subject4_official_loop_enriched_usd_motion.npz",
  "num_envs": 1,
  "observation_shapes": {
    "critic": [
      1,
      286
    ],
    "policy": [
      1,
      160
    ]
  },
  "official_csv_loop_npz_input": true,
  "official_csv_to_npz_unpatched_output": false,
  "paper_level_rollout": false,
  "policy_observation_dim": 160,
  "ppo_training": false,
  "real_robot": false,
  "reward": {
    "count": 299,
    "max": 0.053435277193784714,
    "mean": 0.029273488667846525,
    "min": -0.002367975190281868
  },
  "reward_terms": [
    "motion_global_anchor_pos",
    "motion_global_anchor_ori",
    "motion_body_pos",
    "motion_body_ori",
    "motion_body_lin_vel",
    "motion_body_ang_vel",
    "action_rate_l2",
    "joint_limit",
    "undesired_contacts"
  ],
  "robot_num_bodies": 40,
  "robot_num_joints": 29,
  "status": "ok",
  "step_count": 299,
  "task": "Tracking-Flat-G1-v0",
  "terminated_total": 24,
  "termination_terms": [
    "time_out",
    "anchor_pos",
    "anchor_ori",
    "ee_body_pos"
  ],
  "truncated_total": 16,
  "usd_path": "/mnt/infini-data/test/BeyondMimic/res/tracking/g1_resource_adjusted_enriched_usd/g1_resource_adjusted_29dof_enriched_scaffold.usda",
  "uses_resource_adjusted_usd": true
}