{
  "action_dim": 29,
  "action_terms": [
    "joint_pos"
  ],
  "command_metrics_final": {
    "error_anchor_ang_vel": 0.7568610906600952,
    "error_anchor_lin_vel": 0.342311829328537,
    "error_anchor_pos": 0.4969629645347595,
    "error_anchor_rot": 0.33014318346977234,
    "error_body_ang_vel": 0.7517092227935791,
    "error_body_lin_vel": 0.4664365351200104,
    "error_body_pos": 0.5365029573440552,
    "error_body_rot": 0.934939444065094,
    "error_joint_pos": 1.3382257223129272,
    "error_joint_vel": 0.0,
    "sampling_entropy": 0.995199978351593,
    "sampling_top1_bin": 0.1666666716337204,
    "sampling_top1_prob": 0.19792531430721283
  },
  "command_metrics_timeseries": {
    "error_anchor_ang_vel": {
      "count": 299,
      "max": 10.203186988830566,
      "mean": 1.5829444866016955,
      "min": 0.14286890625953674
    },
    "error_anchor_lin_vel": {
      "count": 299,
      "max": 1.5330160856246948,
      "mean": 0.4788921390812732,
      "min": 0.04719775170087814
    },
    "error_anchor_pos": {
      "count": 299,
      "max": 0.5373336672782898,
      "mean": 0.4981547231259553,
      "min": 0.47059014439582825
    },
    "error_anchor_rot": {
      "count": 299,
      "max": 1.1651333570480347,
      "mean": 0.4465796404135068,
      "min": 0.0503714494407177
    },
    "error_body_ang_vel": {
      "count": 299,
      "max": 6.462996482849121,
      "mean": 1.520782460137753,
      "min": 0.21698161959648132
    },
    "error_body_lin_vel": {
      "count": 299,
      "max": 1.406327724456787,
      "mean": 0.570672064521241,
      "min": 0.14250777661800385
    },
    "error_body_pos": {
      "count": 299,
      "max": 1.1211762428283691,
      "mean": 0.6392202228806091,
      "min": 0.42518359422683716
    },
    "error_body_rot": {
      "count": 299,
      "max": 2.450429677963257,
      "mean": 1.2265969512853336,
      "min": 0.5737767219543457
    },
    "error_joint_pos": {
      "count": 299,
      "max": 1.3838777542114258,
      "mean": 1.056881642859915,
      "min": 0.4429052472114563
    },
    "error_joint_vel": {
      "count": 299,
      "max": 0.0,
      "mean": 0.0,
      "min": 0.0
    },
    "sampling_entropy": {
      "count": 299,
      "max": 0.9999999403953552,
      "mean": 0.9961691897449685,
      "min": 0.9937784671783447
    },
    "sampling_top1_bin": {
      "count": 299,
      "max": 0.3333333432674408,
      "mean": 0.15663322651864692,
      "min": 0.0
    },
    "sampling_top1_prob": {
      "count": 299,
      "max": 0.21157300472259521,
      "mean": 0.19695443557855677,
      "min": 0.1666666567325592
    }
  },
  "command_terms": [
    "motion"
  ],
  "critic_observation_dim": 286,
  "device": "cuda:4",
  "done_total": 299,
  "event_modes": [
    "startup",
    "interval"
  ],
  "motion_file": "/mnt/infini-data/test/BeyondMimic/res/tracking/official_csv_loop_full_bundle_fk_repaired_split_motion_npz/motions/sprint1_subject4/motion.npz",
  "num_envs": 1,
  "observation_shapes": {
    "critic": [
      1,
      286
    ],
    "policy": [
      1,
      160
    ]
  },
  "official_csv_to_npz_unpatched_output": false,
  "paper_level_rollout": false,
  "policy_observation_dim": 160,
  "ppo_training": false,
  "real_robot": false,
  "reward": {
    "count": 299,
    "max": 0.03661325201392174,
    "mean": 0.011574004883457436,
    "min": -0.02640693262219429
  },
  "reward_terms": [
    "motion_global_anchor_pos",
    "motion_global_anchor_ori",
    "motion_body_pos",
    "motion_body_ori",
    "motion_body_lin_vel",
    "motion_body_ang_vel",
    "action_rate_l2",
    "joint_limit",
    "undesired_contacts"
  ],
  "robot_num_bodies": 40,
  "robot_num_joints": 29,
  "status": "ok",
  "step_count": 299,
  "task": "Tracking-Flat-G1-v0",
  "terminated_total": 299,
  "termination_terms": [
    "time_out",
    "anchor_pos",
    "anchor_ori",
    "ee_body_pos"
  ],
  "truncated_total": 0,
  "usd_path": "/mnt/infini-data/test/BeyondMimic/res/tracking/g1_urdf_in_memory_gpu4_probe/g1_official_importer_in_memory_gpu4_export.usda",
  "uses_fk_repaired_motion_npz": true,
  "uses_official_importer_export_usd": true,
  "uses_resource_adjusted_usd": false
}