variant	reward_mean	target_body_error_mean	done_count_total	teacher_vae_action_mse_mean	denoised_teacher_action_mse_mean	guided_teacher_action_mse_mean	guided_base_action_mse_mean	guidance_cost_delta_mean
denoised_latent	0.023554615927922438	0.34194475412368774	299	4.859699086571034e-05	4.878549396344048e-05	4.878550024169153e-05	7.378741790968215e-08	7.4226845267624365e-06
receding_latent_guided	0.023516151245783105	0.3424043357372284	299	4.511886427098335e-05	4.532350485563661e-05	4.532350414994172e-05	8.25262988760002e-08	7.576704722981788e-06
teacher	0.02244017821702371	0.34422704577445984	299	4.5856471626886385e-05	4.595609620429305e-05	4.595609894494431e-05	7.306870202985787e-08	7.631948660049948e-06
vae_base	0.02402267133798388	0.34326744079589844	299	4.7844993948508566e-05	4.8009802059859914e-05	4.800980312144403e-05	7.754379524744135e-08	7.615141246629798e-06
