{
  "duration_seconds": 40.049,
  "log": "/mnt/infini-data/test/BeyondMimic/logs/tracking_g1_official_importer_export_fk_repaired_split_task_eval/dance2_subject2_task_eval.log",
  "markers": {
    "after_app": true,
    "before_app": true,
    "env_created": true,
    "env_reset": true,
    "exception": false,
    "metrics_file": true,
    "stall_timeout": false,
    "step_bound_reached": true,
    "success": true,
    "traceback": false,
    "vulkan_device_lost": false
  },
  "metrics": {
    "action_dim": 29,
    "action_terms": [
      "joint_pos"
    ],
    "command_metrics_final": {
      "error_anchor_ang_vel": 0.3577325940132141,
      "error_anchor_lin_vel": 0.5232440829277039,
      "error_anchor_pos": 0.5269314050674438,
      "error_anchor_rot": 1.071190357208252,
      "error_body_ang_vel": 0.33609262108802795,
      "error_body_lin_vel": 0.4492119550704956,
      "error_body_pos": 0.4970431923866272,
      "error_body_rot": 1.2581478357315063,
      "error_joint_pos": 1.2507882118225098,
      "error_joint_vel": 0.0,
      "sampling_entropy": 0.9903703927993774,
      "sampling_top1_bin": 0.3333333432674408,
      "sampling_top1_prob": 0.2050393968820572
    },
    "command_metrics_timeseries": {
      "error_anchor_ang_vel": {
        "count": 299,
        "max": 1.3776785135269165,
        "mean": 0.6129755394215568,
        "min": 0.16290323436260223
      },
      "error_anchor_lin_vel": {
        "count": 299,
        "max": 0.8433177471160889,
        "mean": 0.4100854261513538,
        "min": 0.03943953290581703
      },
      "error_anchor_pos": {
        "count": 299,
        "max": 0.5311412811279297,
        "mean": 0.5057808774769506,
        "min": 0.4850675165653229
      },
      "error_anchor_rot": {
        "count": 299,
        "max": 1.1511428356170654,
        "mean": 0.8865504246890346,
        "min": 0.5819307565689087
      },
      "error_body_ang_vel": {
        "count": 299,
        "max": 4.057217597961426,
        "mean": 0.7123626691840564,
        "min": 0.16096071898937225
      },
      "error_body_lin_vel": {
        "count": 299,
        "max": 0.7342336177825928,
        "mean": 0.4451880521798214,
        "min": 0.12808345258235931
      },
      "error_body_pos": {
        "count": 299,
        "max": 0.7608629465103149,
        "mean": 0.4881085459404566,
        "min": 0.4550788402557373
      },
      "error_body_rot": {
        "count": 299,
        "max": 1.5030790567398071,
        "mean": 1.307309483804033,
        "min": 0.6883336901664734
      },
      "error_joint_pos": {
        "count": 299,
        "max": 1.2756783962249756,
        "mean": 1.2294132378587754,
        "min": 1.0701260566711426
      },
      "error_joint_vel": {
        "count": 299,
        "max": 0.0,
        "mean": 0.0,
        "min": 0.0
      },
      "sampling_entropy": {
        "count": 299,
        "max": 0.9999999403953552,
        "mean": 0.9931139973892416,
        "min": 0.9891745448112488
      },
      "sampling_top1_bin": {
        "count": 299,
        "max": 0.6666666865348816,
        "mean": 0.3266443798075552,
        "min": 0.0
      },
      "sampling_top1_prob": {
        "count": 299,
        "max": 0.2285807728767395,
        "mean": 0.20326559449916698,
        "min": 0.1666666567325592
      }
    },
    "command_terms": [
      "motion"
    ],
    "critic_observation_dim": 286,
    "device": "cuda:4",
    "done_total": 299,
    "event_modes": [
      "startup",
      "interval"
    ],
    "motion_file": "/mnt/infini-data/test/BeyondMimic/res/tracking/official_csv_loop_full_bundle_fk_repaired_split_motion_npz/motions/dance2_subject2/motion.npz",
    "num_envs": 1,
    "observation_shapes": {
      "critic": [
        1,
        286
      ],
      "policy": [
        1,
        160
      ]
    },
    "official_csv_to_npz_unpatched_output": false,
    "paper_level_rollout": false,
    "policy_observation_dim": 160,
    "ppo_training": false,
    "real_robot": false,
    "reward": {
      "count": 299,
      "max": 0.030970867723226547,
      "mean": 0.01909996169528933,
      "min": -0.031194966286420822
    },
    "reward_terms": [
      "motion_global_anchor_pos",
      "motion_global_anchor_ori",
      "motion_body_pos",
      "motion_body_ori",
      "motion_body_lin_vel",
      "motion_body_ang_vel",
      "action_rate_l2",
      "joint_limit",
      "undesired_contacts"
    ],
    "robot_num_bodies": 40,
    "robot_num_joints": 29,
    "status": "ok",
    "step_count": 299,
    "task": "Tracking-Flat-G1-v0",
    "terminated_total": 299,
    "termination_terms": [
      "time_out",
      "anchor_pos",
      "anchor_ori",
      "ee_body_pos"
    ],
    "truncated_total": 0,
    "usd_path": "/mnt/infini-data/test/BeyondMimic/res/tracking/g1_urdf_in_memory_gpu4_probe/g1_official_importer_in_memory_gpu4_export.usda",
    "uses_fk_repaired_motion_npz": true,
    "uses_official_importer_export_usd": true,
    "uses_resource_adjusted_usd": false
  },
  "metrics_json": "/mnt/infini-data/test/BeyondMimic/res/tracking/g1_official_importer_export_fk_repaired_split_task_eval/motions/dance2_subject2/dance2_subject2_task_eval_metrics.json",
  "motion": "dance2_subject2",
  "returncode": 0,
  "stalled": false,
  "status": "ok"
}