{
  "action_dim": 29,
  "action_terms": [
    "joint_pos"
  ],
  "command_metrics_final": {
    "error_anchor_ang_vel": 0.5974577069282532,
    "error_anchor_lin_vel": 0.39985671639442444,
    "error_anchor_pos": 0.5036357045173645,
    "error_anchor_rot": 0.9951295852661133,
    "error_body_ang_vel": 0.595879852771759,
    "error_body_lin_vel": 0.39130860567092896,
    "error_body_pos": 0.529127836227417,
    "error_body_rot": 1.1610844135284424,
    "error_joint_pos": 1.137427568435669,
    "error_joint_vel": 0.0,
    "sampling_entropy": 0.9996128082275391,
    "sampling_top1_bin": 0.6666666865348816,
    "sampling_top1_prob": 0.17380984127521515
  },
  "command_metrics_timeseries": {
    "error_anchor_ang_vel": {
      "count": 299,
      "max": 3.9141359329223633,
      "mean": 1.0597109824456399,
      "min": 0.02720448188483715
    },
    "error_anchor_lin_vel": {
      "count": 299,
      "max": 0.9336057305335999,
      "mean": 0.44439174563789047,
      "min": 0.05229957401752472
    },
    "error_anchor_pos": {
      "count": 299,
      "max": 0.5259554982185364,
      "mean": 0.4956327791397388,
      "min": 0.4524080157279968
    },
    "error_anchor_rot": {
      "count": 299,
      "max": 1.6155691146850586,
      "mean": 1.0198324246948778,
      "min": 0.5200419425964355
    },
    "error_body_ang_vel": {
      "count": 299,
      "max": 3.2566208839416504,
      "mean": 1.3314410027951302,
      "min": 0.21949879825115204
    },
    "error_body_lin_vel": {
      "count": 299,
      "max": 1.0436601638793945,
      "mean": 0.5286374577012748,
      "min": 0.18653689324855804
    },
    "error_body_pos": {
      "count": 299,
      "max": 0.9251681566238403,
      "mean": 0.5380790055196819,
      "min": 0.40081822872161865
    },
    "error_body_rot": {
      "count": 299,
      "max": 1.7516896724700928,
      "mean": 1.1842999025730783,
      "min": 0.6944603323936462
    },
    "error_joint_pos": {
      "count": 299,
      "max": 1.3718600273132324,
      "mean": 0.8871547944569668,
      "min": 0.5449586510658264
    },
    "error_joint_vel": {
      "count": 299,
      "max": 0.0,
      "mean": 0.0,
      "min": 0.0
    },
    "sampling_entropy": {
      "count": 299,
      "max": 0.9999999403953552,
      "mean": 0.9971857872296337,
      "min": 0.9927508234977722
    },
    "sampling_top1_bin": {
      "count": 299,
      "max": 0.8333333730697632,
      "mean": 0.5568562045344541,
      "min": 0.0
    },
    "sampling_top1_prob": {
      "count": 299,
      "max": 0.2019735872745514,
      "mean": 0.18400637546311255,
      "min": 0.1666666567325592
    }
  },
  "command_terms": [
    "motion"
  ],
  "critic_observation_dim": 286,
  "device": "cuda:4",
  "done_total": 299,
  "event_modes": [
    "startup",
    "interval"
  ],
  "motion_file": "/mnt/infini-data/test/BeyondMimic/res/tracking/official_csv_loop_full_bundle_fk_repaired_split_motion_npz/motions/walk3_subject3/motion.npz",
  "num_envs": 1,
  "observation_shapes": {
    "critic": [
      1,
      286
    ],
    "policy": [
      1,
      160
    ]
  },
  "official_csv_to_npz_unpatched_output": false,
  "paper_level_rollout": false,
  "policy_observation_dim": 160,
  "ppo_training": false,
  "real_robot": false,
  "reward": {
    "count": 299,
    "max": 0.03512317314743996,
    "mean": 0.011574446488433459,
    "min": -0.03433774411678314
  },
  "reward_terms": [
    "motion_global_anchor_pos",
    "motion_global_anchor_ori",
    "motion_body_pos",
    "motion_body_ori",
    "motion_body_lin_vel",
    "motion_body_ang_vel",
    "action_rate_l2",
    "joint_limit",
    "undesired_contacts"
  ],
  "robot_num_bodies": 40,
  "robot_num_joints": 29,
  "status": "ok",
  "step_count": 299,
  "task": "Tracking-Flat-G1-v0",
  "terminated_total": 299,
  "termination_terms": [
    "time_out",
    "anchor_pos",
    "anchor_ori",
    "ee_body_pos"
  ],
  "truncated_total": 0,
  "usd_path": "/mnt/infini-data/test/BeyondMimic/res/tracking/g1_urdf_in_memory_gpu4_probe/g1_official_importer_in_memory_gpu4_export.usda",
  "uses_fk_repaired_motion_npz": true,
  "uses_official_importer_export_usd": true,
  "uses_resource_adjusted_usd": false
}