{
  "action_dim": 29,
  "action_terms": [
    "joint_pos"
  ],
  "command_metrics_final": {
    "error_anchor_ang_vel": 0.5834565162658691,
    "error_anchor_lin_vel": 1.2619233131408691,
    "error_anchor_pos": 0.08108780533075333,
    "error_anchor_rot": 0.1878671795129776,
    "error_body_ang_vel": 6.017436504364014,
    "error_body_lin_vel": 1.2548632621765137,
    "error_body_pos": 0.07548657059669495,
    "error_body_rot": 0.2616945207118988,
    "error_joint_pos": 1.4885625839233398,
    "error_joint_vel": 28.66756820678711,
    "sampling_entropy": 0.9987261295318604,
    "sampling_top1_bin": 0.3333333432674408,
    "sampling_top1_prob": 0.18131117522716522
  },
  "command_metrics_timeseries": {
    "error_anchor_ang_vel": {
      "count": 299,
      "max": 7.097294330596924,
      "mean": 2.0300789154492893,
      "min": 0.1942654550075531
    },
    "error_anchor_lin_vel": {
      "count": 299,
      "max": 2.304064989089966,
      "mean": 1.1383169358440466,
      "min": 0.08765549212694168
    },
    "error_anchor_pos": {
      "count": 299,
      "max": 0.29388779401779175,
      "mean": 0.10548136758938881,
      "min": 0.008093946613371372
    },
    "error_anchor_rot": {
      "count": 299,
      "max": 0.4983179569244385,
      "mean": 0.17800008833258846,
      "min": 0.024461975321173668
    },
    "error_body_ang_vel": {
      "count": 299,
      "max": 16.358945846557617,
      "mean": 6.389283255938702,
      "min": 0.24451474845409393
    },
    "error_body_lin_vel": {
      "count": 299,
      "max": 2.2883644104003906,
      "mean": 1.1647209168028672,
      "min": 0.08324000984430313
    },
    "error_body_pos": {
      "count": 299,
      "max": 0.7914217114448547,
      "mean": 0.08889535413844742,
      "min": 0.0012102812761440873
    },
    "error_body_rot": {
      "count": 299,
      "max": 1.0620019435882568,
      "mean": 0.26191992975497325,
      "min": 0.1246146708726883
    },
    "error_joint_pos": {
      "count": 299,
      "max": 2.586087703704834,
      "mean": 1.3060128457570155,
      "min": 0.26103413105010986
    },
    "error_joint_vel": {
      "count": 299,
      "max": 70.0818862915039,
      "mean": 29.67731238846795,
      "min": 0.0
    },
    "sampling_entropy": {
      "count": 299,
      "max": 0.9999999403953552,
      "mean": 0.9991533299752302,
      "min": 0.9985241293907166
    },
    "sampling_top1_bin": {
      "count": 299,
      "max": 0.8333333730697632,
      "mean": 0.39687849735735253,
      "min": 0.0
    },
    "sampling_top1_prob": {
      "count": 299,
      "max": 0.19066298007965088,
      "mean": 0.18061902271864008,
      "min": 0.1666666567325592
    }
  },
  "command_terms": [
    "motion"
  ],
  "critic_observation_dim": 286,
  "device": "cuda:4",
  "done_total": 40,
  "event_modes": [
    "startup",
    "interval"
  ],
  "motion_file": "/mnt/infini-data/test/BeyondMimic/res/tracking/official_csv_to_npz_loop_full_dataset_with_enriched_usd/motions/dance2_subject5/dance2_subject5_official_loop_enriched_usd_motion.npz",
  "num_envs": 1,
  "observation_shapes": {
    "critic": [
      1,
      286
    ],
    "policy": [
      1,
      160
    ]
  },
  "official_csv_loop_npz_input": true,
  "official_csv_to_npz_unpatched_output": false,
  "paper_level_rollout": false,
  "policy_observation_dim": 160,
  "ppo_training": false,
  "real_robot": false,
  "reward": {
    "count": 299,
    "max": 0.052993375808000565,
    "mean": 0.029989181784134247,
    "min": -0.0009148512035608292
  },
  "reward_terms": [
    "motion_global_anchor_pos",
    "motion_global_anchor_ori",
    "motion_body_pos",
    "motion_body_ori",
    "motion_body_lin_vel",
    "motion_body_ang_vel",
    "action_rate_l2",
    "joint_limit",
    "undesired_contacts"
  ],
  "robot_num_bodies": 40,
  "robot_num_joints": 29,
  "status": "ok",
  "step_count": 299,
  "task": "Tracking-Flat-G1-v0",
  "terminated_total": 24,
  "termination_terms": [
    "time_out",
    "anchor_pos",
    "anchor_ori",
    "ee_body_pos"
  ],
  "truncated_total": 16,
  "usd_path": "/mnt/infini-data/test/BeyondMimic/res/tracking/g1_resource_adjusted_enriched_usd/g1_resource_adjusted_29dof_enriched_scaffold.usda",
  "uses_resource_adjusted_usd": true
}