variant	reward_mean	target_body_error_mean	done_count_total	teacher_vae_action_mse_mean	denoised_teacher_action_mse_mean	guided_teacher_action_mse_mean	guided_base_action_mse_mean	guidance_cost_delta_mean
denoised_latent	0.021556813681006034	0.08228757977485657	25	0.005504029850089256	0.013211462941849262	0.013211365976841204	0.007377634183924184	6.098222971759911e-05
receding_latent_guided	0.023252945707917812	0.08156827092170715	24	0.005906782456470052	0.013102356952624426	0.013102249978234786	0.007235032288251712	5.999496549268231e-05
teacher	0.025500367000001332	0.07692276686429977	26	0.005245035704724447	0.012770599026830998	0.012770513806143234	0.007535962545216383	6.35158258138293e-05
vae_base	0.026247736972984062	0.07943474501371384	25	0.004989536817946369	0.012306698151773782	0.012306600757703234	0.007214282287353257	5.7822884524546336e-05
