split	token_count	motion_names	initial_action_mse	final_action_mse	action_mse_reduction_ratio	final_action_max_abs_error	final_kl_mean_sum_over_latent	final_latent_mu_abs_mean	final_latent_mu_std	final_latent_std_mean
train	588	walk1_subject1_frames_1_180_state_fixture	0.10094683105864773	0.0006174284580543962	0.9938836271373821	0.17850951850414276	6.5053609997656805	0.13257984817028046	0.17445525527000427	0.6062278747558594
validation	588	run2_subject1_frames_1_180_state_fixture	0.10267462700281195	0.004535351618306475	0.955827922139106	0.7233469486236572	6.383434062754112	0.13123516738414764	0.17238439619541168	0.6101527810096741
test	588	jumps1_subject1_frames_1_180_state_fixture	0.1096794881829601	0.008726497973125745	0.9204363722178501	0.7018327116966248	6.252524901663538	0.12892860174179077	0.16717560589313507	0.6135139465332031
