{
  "duration_seconds": 110.135,
  "log": "/mnt/infini-data/test/BeyondMimic/logs/tracking_g1_official_csv_loop_full_dataset_task_eval/dance2_subject1_task_eval.log",
  "markers": {
    "after_app": true,
    "before_app": true,
    "env_created": true,
    "env_reset": true,
    "exception": false,
    "metrics_file": true,
    "stall_timeout": false,
    "step_bound_reached": true,
    "success": true,
    "traceback": false,
    "vulkan_device_lost": false
  },
  "metrics": {
    "action_dim": 29,
    "action_terms": [
      "joint_pos"
    ],
    "command_metrics_final": {
      "error_anchor_ang_vel": 0.2568429410457611,
      "error_anchor_lin_vel": 0.4479449689388275,
      "error_anchor_pos": 0.04120015352964401,
      "error_anchor_rot": 0.14649739861488342,
      "error_body_ang_vel": 0.2612227201461792,
      "error_body_lin_vel": 0.4534977376461029,
      "error_body_pos": 0.1193837970495224,
      "error_body_rot": 0.35448434948921204,
      "error_joint_pos": 0.2726190686225891,
      "error_joint_vel": 0.0,
      "sampling_entropy": 0.9959731698036194,
      "sampling_top1_bin": 0.5,
      "sampling_top1_prob": 0.20572178065776825
    },
    "command_metrics_timeseries": {
      "error_anchor_ang_vel": {
        "count": 299,
        "max": 15.225008010864258,
        "mean": 2.3128386478758975,
        "min": 0.2078947275876999
      },
      "error_anchor_lin_vel": {
        "count": 299,
        "max": 2.473142623901367,
        "mean": 1.1888963990785606,
        "min": 0.18677493929862976
      },
      "error_anchor_pos": {
        "count": 299,
        "max": 0.30008557438850403,
        "mean": 0.10284090043204434,
        "min": 0.007543180603533983
      },
      "error_anchor_rot": {
        "count": 299,
        "max": 1.1120672225952148,
        "mean": 0.2199672271550499,
        "min": 0.039438631385564804
      },
      "error_body_ang_vel": {
        "count": 299,
        "max": 17.803770065307617,
        "mean": 7.818498830980681,
        "min": 0.24341006577014923
      },
      "error_body_lin_vel": {
        "count": 299,
        "max": 2.3438267707824707,
        "mean": 1.206055909245708,
        "min": 0.20581933856010437
      },
      "error_body_pos": {
        "count": 299,
        "max": 0.7666314840316772,
        "mean": 0.09373207213543978,
        "min": 0.004550775047391653
      },
      "error_body_rot": {
        "count": 299,
        "max": 1.3723982572555542,
        "mean": 0.326830372338909,
        "min": 0.11820896714925766
      },
      "error_joint_pos": {
        "count": 299,
        "max": 3.225959539413452,
        "mean": 1.4365723803888595,
        "min": 0.25620874762535095
      },
      "error_joint_vel": {
        "count": 299,
        "max": 75.71333312988281,
        "mean": 35.08343468860639,
        "min": 0.0
      },
      "sampling_entropy": {
        "count": 299,
        "max": 0.9999999403953552,
        "mean": 0.9987939057940225,
        "min": 0.9959731698036194
      },
      "sampling_top1_bin": {
        "count": 299,
        "max": 0.6666666865348816,
        "mean": 0.36176142844069364,
        "min": 0.0
      },
      "sampling_top1_prob": {
        "count": 299,
        "max": 0.20572178065776825,
        "mean": 0.18065931819952452,
        "min": 0.1666666567325592
      }
    },
    "command_terms": [
      "motion"
    ],
    "critic_observation_dim": 286,
    "device": "cuda:4",
    "done_total": 36,
    "event_modes": [
      "startup",
      "interval"
    ],
    "motion_file": "/mnt/infini-data/test/BeyondMimic/res/tracking/official_csv_to_npz_loop_full_dataset_with_enriched_usd/motions/dance2_subject1/dance2_subject1_official_loop_enriched_usd_motion.npz",
    "num_envs": 1,
    "observation_shapes": {
      "critic": [
        1,
        286
      ],
      "policy": [
        1,
        160
      ]
    },
    "official_csv_loop_npz_input": true,
    "official_csv_to_npz_unpatched_output": false,
    "paper_level_rollout": false,
    "policy_observation_dim": 160,
    "ppo_training": false,
    "real_robot": false,
    "reward": {
      "count": 299,
      "max": 0.0509597472846508,
      "mean": 0.02491856511233742,
      "min": -0.036346592009067535
    },
    "reward_terms": [
      "motion_global_anchor_pos",
      "motion_global_anchor_ori",
      "motion_body_pos",
      "motion_body_ori",
      "motion_body_lin_vel",
      "motion_body_ang_vel",
      "action_rate_l2",
      "joint_limit",
      "undesired_contacts"
    ],
    "robot_num_bodies": 40,
    "robot_num_joints": 29,
    "status": "ok",
    "step_count": 299,
    "task": "Tracking-Flat-G1-v0",
    "terminated_total": 24,
    "termination_terms": [
      "time_out",
      "anchor_pos",
      "anchor_ori",
      "ee_body_pos"
    ],
    "truncated_total": 12,
    "usd_path": "/mnt/infini-data/test/BeyondMimic/res/tracking/g1_resource_adjusted_enriched_usd/g1_resource_adjusted_29dof_enriched_scaffold.usda",
    "uses_resource_adjusted_usd": true
  },
  "metrics_json": "/mnt/infini-data/test/BeyondMimic/res/tracking/g1_official_csv_loop_full_dataset_task_eval/motions/dance2_subject1/dance2_subject1_task_eval_metrics.json",
  "motion": "dance2_subject1",
  "returncode": 0,
  "stalled": false,
  "status": "ok"
}