{
  "duration_seconds": 100.119,
  "log": "/mnt/infini-data/test/BeyondMimic/logs/tracking_g1_official_csv_loop_full_dataset_task_eval/fight1_subject2_task_eval.log",
  "markers": {
    "after_app": true,
    "before_app": true,
    "env_created": true,
    "env_reset": true,
    "exception": false,
    "metrics_file": true,
    "stall_timeout": false,
    "step_bound_reached": true,
    "success": true,
    "traceback": false,
    "vulkan_device_lost": false
  },
  "metrics": {
    "action_dim": 29,
    "action_terms": [
      "joint_pos"
    ],
    "command_metrics_final": {
      "error_anchor_ang_vel": 2.4668610095977783,
      "error_anchor_lin_vel": 0.8211786150932312,
      "error_anchor_pos": 0.053699880838394165,
      "error_anchor_rot": 0.16882291436195374,
      "error_body_ang_vel": 6.9373250007629395,
      "error_body_lin_vel": 0.8434417247772217,
      "error_body_pos": 0.019643835723400116,
      "error_body_rot": 0.2648186683654785,
      "error_joint_pos": 1.3736876249313354,
      "error_joint_vel": 41.05957794189453,
      "sampling_entropy": 0.9985049962997437,
      "sampling_top1_bin": 0.8333333730697632,
      "sampling_top1_prob": 0.17586976289749146
    },
    "command_metrics_timeseries": {
      "error_anchor_ang_vel": {
        "count": 299,
        "max": 17.253149032592773,
        "mean": 2.0226554822263907,
        "min": 0.21636007726192474
      },
      "error_anchor_lin_vel": {
        "count": 299,
        "max": 3.002715587615967,
        "mean": 1.2148751613986133,
        "min": 0.15544041991233826
      },
      "error_anchor_pos": {
        "count": 299,
        "max": 0.2828778624534607,
        "mean": 0.10434875070868078,
        "min": 0.006448494736105204
      },
      "error_anchor_rot": {
        "count": 299,
        "max": 0.5863012075424194,
        "mean": 0.22861238227640107,
        "min": 0.012603269889950752
      },
      "error_body_ang_vel": {
        "count": 299,
        "max": 18.362964630126953,
        "mean": 7.063936674375598,
        "min": 0.21598386764526367
      },
      "error_body_lin_vel": {
        "count": 299,
        "max": 2.8743131160736084,
        "mean": 1.2339384503488158,
        "min": 0.15120044350624084
      },
      "error_body_pos": {
        "count": 299,
        "max": 1.5997873544692993,
        "mean": 0.13427355894811116,
        "min": 0.0015360264806076884
      },
      "error_body_rot": {
        "count": 299,
        "max": 2.812217950820923,
        "mean": 0.4666742492080931,
        "min": 0.12071111798286438
      },
      "error_joint_pos": {
        "count": 299,
        "max": 2.7422873973846436,
        "mean": 1.31437381842862,
        "min": 0.2502828538417816
      },
      "error_joint_vel": {
        "count": 299,
        "max": 82.09832000732422,
        "mean": 34.26990660536648,
        "min": 0.0
      },
      "sampling_entropy": {
        "count": 299,
        "max": 0.9999999403953552,
        "mean": 0.9992408068682438,
        "min": 0.9982610940933228
      },
      "sampling_top1_bin": {
        "count": 299,
        "max": 0.8333333730697632,
        "mean": 0.4130434902715045,
        "min": 0.0
      },
      "sampling_top1_prob": {
        "count": 299,
        "max": 0.18194542825222015,
        "mean": 0.17577197175958884,
        "min": 0.1666666567325592
      }
    },
    "command_terms": [
      "motion"
    ],
    "critic_observation_dim": 286,
    "device": "cuda:4",
    "done_total": 34,
    "event_modes": [
      "startup",
      "interval"
    ],
    "motion_file": "/mnt/infini-data/test/BeyondMimic/res/tracking/official_csv_to_npz_loop_full_dataset_with_enriched_usd/motions/fight1_subject2/fight1_subject2_official_loop_enriched_usd_motion.npz",
    "num_envs": 1,
    "observation_shapes": {
      "critic": [
        1,
        286
      ],
      "policy": [
        1,
        160
      ]
    },
    "official_csv_loop_npz_input": true,
    "official_csv_to_npz_unpatched_output": false,
    "paper_level_rollout": false,
    "policy_observation_dim": 160,
    "ppo_training": false,
    "real_robot": false,
    "reward": {
      "count": 299,
      "max": 0.05038556084036827,
      "mean": 0.019014652148761278,
      "min": -0.04407982528209686
    },
    "reward_terms": [
      "motion_global_anchor_pos",
      "motion_global_anchor_ori",
      "motion_body_pos",
      "motion_body_ori",
      "motion_body_lin_vel",
      "motion_body_ang_vel",
      "action_rate_l2",
      "joint_limit",
      "undesired_contacts"
    ],
    "robot_num_bodies": 40,
    "robot_num_joints": 29,
    "status": "ok",
    "step_count": 299,
    "task": "Tracking-Flat-G1-v0",
    "terminated_total": 24,
    "termination_terms": [
      "time_out",
      "anchor_pos",
      "anchor_ori",
      "ee_body_pos"
    ],
    "truncated_total": 10,
    "usd_path": "/mnt/infini-data/test/BeyondMimic/res/tracking/g1_resource_adjusted_enriched_usd/g1_resource_adjusted_29dof_enriched_scaffold.usda",
    "uses_resource_adjusted_usd": true
  },
  "metrics_json": "/mnt/infini-data/test/BeyondMimic/res/tracking/g1_official_csv_loop_full_dataset_task_eval/motions/fight1_subject2/fight1_subject2_task_eval_metrics.json",
  "motion": "fight1_subject2",
  "returncode": 0,
  "stalled": false,
  "status": "ok"
}