variant	reward_mean	target_body_error_mean	done_count_total	teacher_vae_action_mse_mean	denoised_teacher_action_mse_mean	guided_teacher_action_mse_mean	guided_base_action_mse_mean	guidance_cost_delta_mean
denoised_latent	0.017754217706321674	0.08287837356328964	26	0.008463184957888545	0.016310227695341694	0.016310146115844863	0.007366132593860096	1.3139435280126871e-05
receding_latent_guided	0.02405064900944564	0.080533966422081	25	0.005356476076175443	0.01280790328805064	0.012807808138187165	0.007335868201539369	1.2282145063215275e-05
teacher	0.02206756364878105	0.07881209999322891	26	0.0055510566012511794	0.013219151360895423	0.013219068825936387	0.007263514526300506	1.2772936486081535e-05
vae_base	0.02042189931939278	0.08258312940597534	26	0.005945326090633813	0.013368673951997357	0.0133685980935933	0.007196848822701536	1.319599988867208e-05
