variant	reward_mean	target_body_error_mean	done_count_total	teacher_vae_action_mse_mean	denoised_teacher_action_mse_mean	guided_teacher_action_mse_mean	guided_base_action_mse_mean	guidance_cost_delta_mean
denoised_latent	0.026370119557320375	0.34426558017730713	299	5.01870858912955e-05	5.033036479995571e-05	5.033036523797323e-05	7.3507844554506e-08	6.216869107058215e-05
receding_latent_guided	0.023787550262197303	0.34480538964271545	299	5.013353598696751e-05	5.031547139532203e-05	5.0315470415866195e-05	7.840116991962886e-08	6.268559690303228e-05
teacher	0.024615991296850916	0.34348297119140625	299	5.0356745788824425e-05	5.04698052607509e-05	5.046980104179053e-05	8.583951281331991e-08	6.432398954362773e-05
vae_base	0.02557342306066018	0.34527909755706787	299	4.9202534509608586e-05	4.942743032300992e-05	4.9427430116168315e-05	7.67163040577874e-08	6.367727167231582e-05
