motion_family,motion_count,ok_count,failed_count,completion_rate,duration_seconds_mean,duration_seconds_min,duration_seconds_max
dance,8,8,0,1.0,62.33862499999999,62.119,62.655
fallAndGetUp,6,6,0,1.0,62.24233333333334,61.892,62.488
fight,3,3,0,1.0,62.395999999999994,62.159,62.823
fightAndSports,2,2,0,1.0,62.456999999999994,62.282,62.632
jumps,3,3,0,1.0,62.15866666666667,62.094,62.27
run,4,4,0,1.0,62.291500000000006,62.075,62.52
sprint,2,2,0,1.0,62.12,62.117,62.123
walk,12,12,0,1.0,63.122166666666665,61.978,72.057
