{
  "action_dim": 29,
  "action_terms": [
    "joint_pos"
  ],
  "command_metrics_final": {
    "error_anchor_ang_vel": 3.2993881702423096,
    "error_anchor_lin_vel": 0.5625590085983276,
    "error_anchor_pos": 0.09141573309898376,
    "error_anchor_rot": 0.6656835079193115,
    "error_body_ang_vel": 6.529593467712402,
    "error_body_lin_vel": 0.8300477266311646,
    "error_body_pos": 0.20323796570301056,
    "error_body_rot": 1.2435872554779053,
    "error_joint_pos": 1.9280363321304321,
    "error_joint_vel": 36.580326080322266,
    "sampling_entropy": 0.9991673231124878,
    "sampling_top1_bin": 0.5,
    "sampling_top1_prob": 0.18405404686927795
  },
  "command_metrics_timeseries": {
    "error_anchor_ang_vel": {
      "count": 299,
      "max": 6.096523284912109,
      "mean": 2.1649268730278797,
      "min": 0.0824190154671669
    },
    "error_anchor_lin_vel": {
      "count": 299,
      "max": 2.4508934020996094,
      "mean": 0.8462345514658303,
      "min": 0.04091867804527283
    },
    "error_anchor_pos": {
      "count": 299,
      "max": 0.2550013065338135,
      "mean": 0.0711900325379892,
      "min": 0.010219343937933445
    },
    "error_anchor_rot": {
      "count": 299,
      "max": 1.3152719736099243,
      "mean": 0.7178635269303785,
      "min": 0.2939802408218384
    },
    "error_body_ang_vel": {
      "count": 299,
      "max": 9.337233543395996,
      "mean": 4.146426652860282,
      "min": 0.07864781469106674
    },
    "error_body_lin_vel": {
      "count": 299,
      "max": 2.066985845565796,
      "mean": 0.9295825663218928,
      "min": 0.12742289900779724
    },
    "error_body_pos": {
      "count": 299,
      "max": 1.1893504858016968,
      "mean": 0.2227822309453352,
      "min": 0.10689492523670197
    },
    "error_body_rot": {
      "count": 299,
      "max": 1.7731335163116455,
      "mean": 0.9939350270507328,
      "min": 0.5672832131385803
    },
    "error_joint_pos": {
      "count": 299,
      "max": 3.269890069961548,
      "mean": 1.4804857245655763,
      "min": 0.33376991748809814
    },
    "error_joint_vel": {
      "count": 299,
      "max": 50.74054718017578,
      "mean": 16.21295472690493,
      "min": 0.0
    },
    "sampling_entropy": {
      "count": 299,
      "max": 0.9999999403953552,
      "mean": 0.9993114642873656,
      "min": 0.9979882836341858
    },
    "sampling_top1_bin": {
      "count": 299,
      "max": 0.8333333730697632,
      "mean": 0.46711260189978177,
      "min": 0.0
    },
    "sampling_top1_prob": {
      "count": 299,
      "max": 0.1965784728527069,
      "mean": 0.17989481367594423,
      "min": 0.1666666567325592
    }
  },
  "command_terms": [
    "motion"
  ],
  "critic_observation_dim": 286,
  "device": "cuda:4",
  "done_total": 47,
  "event_modes": [
    "startup",
    "interval"
  ],
  "motion_file": "/mnt/infini-data/test/BeyondMimic/res/tracking/official_csv_loop_full_bundle_fk_repaired_robot_order_motion_npz/motions/fight1_subject3/motion.npz",
  "num_envs": 1,
  "observation_shapes": {
    "critic": [
      1,
      286
    ],
    "policy": [
      1,
      160
    ]
  },
  "official_csv_to_npz_unpatched_output": false,
  "paper_level_rollout": false,
  "policy_observation_dim": 160,
  "ppo_training": false,
  "real_robot": false,
  "reward": {
    "count": 299,
    "max": 0.04805535823106766,
    "mean": 0.011036016356922612,
    "min": -0.05023963376879692
  },
  "reward_terms": [
    "motion_global_anchor_pos",
    "motion_global_anchor_ori",
    "motion_body_pos",
    "motion_body_ori",
    "motion_body_lin_vel",
    "motion_body_ang_vel",
    "action_rate_l2",
    "joint_limit",
    "undesired_contacts"
  ],
  "robot_num_bodies": 40,
  "robot_num_joints": 29,
  "status": "ok",
  "step_count": 299,
  "task": "Tracking-Flat-G1-v0",
  "terminated_total": 39,
  "termination_terms": [
    "time_out",
    "anchor_pos",
    "anchor_ori",
    "ee_body_pos"
  ],
  "truncated_total": 8,
  "usd_path": "/mnt/infini-data/test/BeyondMimic/res/tracking/g1_urdf_in_memory_gpu4_probe/g1_official_importer_in_memory_gpu4_export.usda",
  "uses_fk_repaired_motion_npz": true,
  "uses_fk_repaired_robot_order_motion_npz": true,
  "uses_official_importer_export_usd": true,
  "uses_resource_adjusted_usd": false
}