{
  "aggregate": {
    "done_count_total": {
      "count": 3,
      "max": 13158.0,
      "mean": 13145.0,
      "min": 13134.0,
      "std": 9.899494936611665
    },
    "error_anchor_lin_vel_mean": {
      "count": 3,
      "max": 1.169883956478591,
      "mean": 1.1691659760382132,
      "min": 1.1687961596509684,
      "std": 0.000507765786209322
    },
    "error_anchor_pos_mean": {
      "count": 3,
      "max": 0.10641893955028575,
      "mean": 0.1062467980178835,
      "min": 0.10610904900924019,
      "std": 0.00012882849354926243
    },
    "error_body_lin_vel_mean": {
      "count": 3,
      "max": 1.2044474971932313,
      "mean": 1.2023811245310134,
      "min": 1.1997337579527827,
      "std": 0.001967739795563969
    },
    "error_body_pos_mean": {
      "count": 3,
      "max": 0.1845984628430278,
      "mean": 0.18423418407697012,
      "min": 0.18394730828802122,
      "std": 0.000271408645496586
    },
    "error_joint_pos_mean": {
      "count": 3,
      "max": 1.2258867013414567,
      "mean": 1.2231450603159773,
      "min": 1.2193982648012232,
      "std": 0.0027425904840304373
    },
    "error_joint_vel_mean": {
      "count": 3,
      "max": 30.59489354800221,
      "mean": 30.186655376268465,
      "min": 29.677130064438018,
      "std": 0.3814592739316556
    },
    "reward_mean": {
      "count": 3,
      "max": 0.026110012579497487,
      "mean": 0.025978426701298924,
      "min": 0.02586306179920367,
      "std": 0.00010146760409522878
    },
    "timeout_count_total": {
      "count": 3,
      "max": 0.0,
      "mean": 0.0,
      "min": 0.0,
      "std": 0.0
    }
  },
  "attempted": [
    {
      "assigned_gpu": 4,
      "json": "/mnt/infini-data/test/BeyondMimic/res/tracking/g1_official_csv_loop_ppo_checkpoint_multiseed_eval/seed_20260640/tracking_g1_official_csv_loop_ppo_checkpoint_eval_seed_20260640.json",
      "seed": 20260640,
      "status": "ok_official_csv_loop_ppo_checkpoint_eval_completed"
    },
    {
      "assigned_gpu": 7,
      "json": "/mnt/infini-data/test/BeyondMimic/res/tracking/g1_official_csv_loop_ppo_checkpoint_multiseed_eval/seed_20260641/tracking_g1_official_csv_loop_ppo_checkpoint_eval_seed_20260641.json",
      "seed": 20260641,
      "status": "ok_official_csv_loop_ppo_checkpoint_eval_completed"
    },
    {
      "assigned_gpu": 4,
      "json": "/mnt/infini-data/test/BeyondMimic/res/tracking/g1_official_csv_loop_ppo_checkpoint_multiseed_eval/seed_20260642/tracking_g1_official_csv_loop_ppo_checkpoint_eval_seed_20260642.json",
      "seed": 20260642,
      "status": "ok_official_csv_loop_ppo_checkpoint_eval_completed"
    }
  ],
  "checks": {
    "all_eval_steps_299": true,
    "all_num_envs_512": true,
    "all_seeds_completed": true,
    "does_not_claim_goal_complete": true,
    "does_not_claim_paper_level_eval": true,
    "does_not_claim_real_robot": true,
    "does_not_claim_unpatched_official_asset": true,
    "rows_csv_exists": true,
    "rows_tsv_exists": true,
    "total_env_steps_positive": true
  },
  "config": {
    "eval_steps": 299,
    "gpu_assignment": [
      4,
      7,
      4
    ],
    "num_envs": 512,
    "seeds": [
      20260640,
      20260641,
      20260642
    ],
    "source_single_eval_json": "/mnt/infini-data/test/BeyondMimic/res/tracking/g1_official_csv_loop_ppo_checkpoint_eval/tracking_g1_official_csv_loop_ppo_checkpoint_eval.json",
    "source_single_eval_status": "ok_official_csv_loop_ppo_checkpoint_eval_completed"
  },
  "experiment_type": "tracking_official_csv_loop_ppo_checkpoint_multiseed_eval",
  "interpretation": {
    "goal_complete": false,
    "paper_level_status": "local_virtual_multiseed_tracking_eval",
    "why_not_complete": "This is multi-seed local virtual checkpoint evaluation. It is not the paper-scale official BeyondMimic tracking teacher, not unpatched official G1 replay/training, not DAgger, and not real robot."
  },
  "metrics": {
    "ok_seed_count": 3,
    "seed_count": 3,
    "total_env_steps": 459264
  },
  "outputs": {
    "json": "/mnt/infini-data/test/BeyondMimic/res/tracking/g1_official_csv_loop_ppo_checkpoint_multiseed_eval/tracking_g1_official_csv_loop_ppo_checkpoint_multiseed_eval.json",
    "report_dir": "/mnt/infini-data/test/BeyondMimic/res/report_assets/official_csv_loop_ppo_checkpoint_multiseed_eval",
    "rows_csv": "/mnt/infini-data/test/BeyondMimic/res/tracking/g1_official_csv_loop_ppo_checkpoint_multiseed_eval/tracking_g1_official_csv_loop_ppo_checkpoint_multiseed_eval_rows.csv",
    "rows_tsv": "/mnt/infini-data/test/BeyondMimic/res/tracking/g1_official_csv_loop_ppo_checkpoint_multiseed_eval/tracking_g1_official_csv_loop_ppo_checkpoint_multiseed_eval_rows.tsv"
  },
  "rows": [
    {
      "assigned_gpu": 4,
      "done_count_total": 13143,
      "duration_seconds": 630.536,
      "error_anchor_lin_vel_mean": 1.169883956478591,
      "error_anchor_pos_mean": 0.10610904900924019,
      "error_body_lin_vel_mean": 1.2044474971932313,
      "error_body_pos_mean": 0.18415678109986128,
      "error_joint_pos_mean": 1.2193982648012232,
      "error_joint_vel_mean": 30.59489354800221,
      "eval_steps": 299,
      "gpu_metrics_csv": "/mnt/infini-data/test/BeyondMimic/res/runs/tracking_g1_official_csv_loop_ppo_checkpoint_multiseed_eval/seed_20260640/resource_adjusted_ppo_eval_20260619_091847_seed20260640/gpu_metrics.csv",
      "json": "/mnt/infini-data/test/BeyondMimic/res/tracking/g1_official_csv_loop_ppo_checkpoint_multiseed_eval/seed_20260640/tracking_g1_official_csv_loop_ppo_checkpoint_eval_seed_20260640.json",
      "num_envs": 512,
      "reward_mean": 0.025962205725195614,
      "run_dir": "/mnt/infini-data/test/BeyondMimic/res/runs/tracking_g1_official_csv_loop_ppo_checkpoint_multiseed_eval/seed_20260640/resource_adjusted_ppo_eval_20260619_091847_seed20260640",
      "seed": 20260640,
      "selected_physical_gpus": "[4]",
      "status": "ok_official_csv_loop_ppo_checkpoint_eval_completed",
      "timeout_count_total": 0,
      "timeseries_csv": "/mnt/infini-data/test/BeyondMimic/res/runs/tracking_g1_official_csv_loop_ppo_checkpoint_multiseed_eval/seed_20260640/resource_adjusted_ppo_eval_20260619_091847_seed20260640/eval_timeseries.csv",
      "total_env_steps": 153088
    },
    {
      "assigned_gpu": 7,
      "done_count_total": 13158,
      "duration_seconds": 627.376,
      "error_anchor_lin_vel_mean": 1.1688178119850796,
      "error_anchor_pos_mean": 0.1062124054941246,
      "error_body_lin_vel_mean": 1.1997337579527827,
      "error_body_pos_mean": 0.18394730828802122,
      "error_joint_pos_mean": 1.2258867013414567,
      "error_joint_vel_mean": 29.677130064438018,
      "eval_steps": 299,
      "gpu_metrics_csv": "/mnt/infini-data/test/BeyondMimic/res/runs/tracking_g1_official_csv_loop_ppo_checkpoint_multiseed_eval/seed_20260641/resource_adjusted_ppo_eval_20260619_092918_seed20260641/gpu_metrics.csv",
      "json": "/mnt/infini-data/test/BeyondMimic/res/tracking/g1_official_csv_loop_ppo_checkpoint_multiseed_eval/seed_20260641/tracking_g1_official_csv_loop_ppo_checkpoint_eval_seed_20260641.json",
      "num_envs": 512,
      "reward_mean": 0.026110012579497487,
      "run_dir": "/mnt/infini-data/test/BeyondMimic/res/runs/tracking_g1_official_csv_loop_ppo_checkpoint_multiseed_eval/seed_20260641/resource_adjusted_ppo_eval_20260619_092918_seed20260641",
      "seed": 20260641,
      "selected_physical_gpus": "[7]",
      "status": "ok_official_csv_loop_ppo_checkpoint_eval_completed",
      "timeout_count_total": 0,
      "timeseries_csv": "/mnt/infini-data/test/BeyondMimic/res/runs/tracking_g1_official_csv_loop_ppo_checkpoint_multiseed_eval/seed_20260641/resource_adjusted_ppo_eval_20260619_092918_seed20260641/eval_timeseries.csv",
      "total_env_steps": 153088
    },
    {
      "assigned_gpu": 4,
      "done_count_total": 13134,
      "duration_seconds": 627.484,
      "error_anchor_lin_vel_mean": 1.1687961596509684,
      "error_anchor_pos_mean": 0.10641893955028575,