stage	loss
zero_prediction	0.30339691197560065
noisy_identity_baseline	0.06463638649755082
ridge_overfit_solution	4.557876969502246e-16
