split	motion_names	window_count	baseline_loss	prediction_loss	loss_reduction_ratio
train	walk1_subject1_frames_1_180_state_fixture	28	0.06893814534982841	0.002362316228775186	0.9657328142962427
validation	run2_subject1_frames_1_180_state_fixture	28	0.07110373914021167	0.007872506845332104	0.8892813944733895
test	jumps1_subject1_frames_1_180_state_fixture	28	0.06889640177242959	0.007374265934471514	0.8929658771029971
