variant	reward_mean	target_body_error_mean	done_count_total	teacher_vae_action_mse_mean	denoised_teacher_action_mse_mean	guided_teacher_action_mse_mean	guided_base_action_mse_mean	guidance_cost_delta_mean
denoised_latent	0.024453119589732245	0.07915142178535461	24	0.0034697941514347246	0.009874549955223067	0.009874463586734739	0.006228449173897729	9.208040492590455e-05
receding_latent_guided	0.026862349781678074	0.0809558779001236	25	0.0033340213069284214	0.009647442372889573	0.009647361321349855	0.0062537093640594775	8.59985383457962e-05
teacher	0.02781179933543987	0.079185850918293	26	0.003026840107454716	0.009121764170934125	0.009121679895585497	0.005972946816463535	8.734781606540234e-05
vae_base	0.023377820139246244	0.07819149643182755	25	0.003719316639242083	0.010015301710854355	0.010015215579868859	0.006220783923836706	8.598548114100427e-05
