{
  "action_dim": 29,
  "action_terms": [
    "joint_pos"
  ],
  "command_metrics_final": {
    "error_anchor_ang_vel": 2.5953369140625,
    "error_anchor_lin_vel": 0.6902276873588562,
    "error_anchor_pos": 0.051663272082805634,
    "error_anchor_rot": 0.3476392328739166,
    "error_body_ang_vel": 3.7477495670318604,
    "error_body_lin_vel": 1.029285192489624,
    "error_body_pos": 0.13138246536254883,
    "error_body_rot": 0.8913630247116089,
    "error_joint_pos": 0.9622425436973572,
    "error_joint_vel": 12.251757621765137,
    "sampling_entropy": 0.9971191883087158,
    "sampling_top1_bin": 0.5,
    "sampling_top1_prob": 0.19235801696777344
  },
  "command_metrics_timeseries": {
    "error_anchor_ang_vel": {
      "count": 299,
      "max": 9.78508186340332,
      "mean": 2.008912560034755,
      "min": 0.1474839150905609
    },
    "error_anchor_lin_vel": {
      "count": 299,
      "max": 1.8410289287567139,
      "mean": 0.7462445948036219,
      "min": 0.1371404528617859
    },
    "error_anchor_pos": {
      "count": 299,
      "max": 0.26982665061950684,
      "mean": 0.07152815250972641,
      "min": 0.009551549330353737
    },
    "error_anchor_rot": {
      "count": 299,
      "max": 0.9662681818008423,
      "mean": 0.540320509253537,
      "min": 0.27424708008766174
    },
    "error_body_ang_vel": {
      "count": 299,
      "max": 12.899466514587402,
      "mean": 3.765510689953099,
      "min": 0.45988020300865173
    },
    "error_body_lin_vel": {
      "count": 299,
      "max": 1.7694352865219116,
      "mean": 0.7783522807236101,
      "min": 0.2983795702457428
    },
    "error_body_pos": {
      "count": 299,
      "max": 1.0071356296539307,
      "mean": 0.17482650118029636,
      "min": 0.10016337782144547
    },
    "error_body_rot": {
      "count": 299,
      "max": 1.4375901222229004,
      "mean": 1.0696059720572022,
      "min": 0.6842476725578308
    },
    "error_joint_pos": {
      "count": 299,
      "max": 4.794913291931152,
      "mean": 1.6378484218814302,
      "min": 0.34549859166145325
    },
    "error_joint_vel": {
      "count": 299,
      "max": 63.727783203125,
      "mean": 18.20960565873213,
      "min": 0.0
    },
    "sampling_entropy": {
      "count": 299,
      "max": 0.9999999403953552,
      "mean": 0.9987704289398066,
      "min": 0.9971191883087158
    },
    "sampling_top1_bin": {
      "count": 299,
      "max": 0.8333333730697632,
      "mean": 0.4843924212017187,
      "min": 0.0
    },
    "sampling_top1_prob": {
      "count": 299,
      "max": 0.19569797813892365,
      "mean": 0.18324523232254297,
      "min": 0.1666666567325592
    }
  },
  "command_terms": [
    "motion"
  ],
  "critic_observation_dim": 286,
  "device": "cuda:4",
  "done_total": 43,
  "event_modes": [
    "startup",
    "interval"
  ],
  "motion_file": "/mnt/infini-data/test/BeyondMimic/res/tracking/official_csv_loop_full_bundle_fk_repaired_robot_order_motion_npz/motions/dance2_subject1/motion.npz",
  "num_envs": 1,
  "observation_shapes": {
    "critic": [
      1,
      286
    ],
    "policy": [
      1,
      160
    ]
  },
  "official_csv_to_npz_unpatched_output": false,
  "paper_level_rollout": false,
  "policy_observation_dim": 160,
  "ppo_training": false,
  "real_robot": false,
  "reward": {
    "count": 299,
    "max": 0.051626816391944885,
    "mean": 0.01271544571305597,
    "min": -0.10500763356685638
  },
  "reward_terms": [
    "motion_global_anchor_pos",
    "motion_global_anchor_ori",
    "motion_body_pos",
    "motion_body_ori",
    "motion_body_lin_vel",
    "motion_body_ang_vel",
    "action_rate_l2",
    "joint_limit",
    "undesired_contacts"
  ],
  "robot_num_bodies": 40,
  "robot_num_joints": 29,
  "status": "ok",
  "step_count": 299,
  "task": "Tracking-Flat-G1-v0",
  "terminated_total": 32,
  "termination_terms": [
    "time_out",
    "anchor_pos",
    "anchor_ori",
    "ee_body_pos"
  ],
  "truncated_total": 11,
  "usd_path": "/mnt/infini-data/test/BeyondMimic/res/tracking/g1_urdf_in_memory_gpu4_probe/g1_official_importer_in_memory_gpu4_export.usda",
  "uses_fk_repaired_motion_npz": true,
  "uses_fk_repaired_robot_order_motion_npz": true,
  "uses_official_importer_export_usd": true,
  "uses_resource_adjusted_usd": false
}