variant	reward_mean	target_body_error_mean	done_count_total	teacher_vae_action_mse_mean	denoised_teacher_action_mse_mean	guided_teacher_action_mse_mean	guided_base_action_mse_mean	guidance_cost_delta_mean
denoised_latent	0.026355522139664477	0.07880523055791855	25	0.0028273804329065483	0.00871019026211597	0.008710099346811157	0.005904822344004012	8.619848302375513e-05
receding_latent_guided	0.02688973827792151	0.07815143465995789	24	0.0031158265292319004	0.009346867603931988	0.009346775426358034	0.0062880457790076335	8.26342648088334e-05
teacher	0.02638171326967087	0.082758329808712	26	0.003413380082501223	0.009571060968911816	0.009570982739372945	0.006018907427055805	8.415896756991894e-05
vae_base	0.027650505316795713	0.08172210305929184	25	0.0028297729887742625	0.008605433873252875	0.008605347081931638	0.005856707912128431	8.370415821521976e-05
