{
  "action_dim": 29,
  "action_terms": [
    "joint_pos"
  ],
  "command_metrics_final": {
    "error_anchor_ang_vel": 2.822005033493042,
    "error_anchor_lin_vel": 1.0150929689407349,
    "error_anchor_pos": 0.5085569620132446,
    "error_anchor_rot": 0.8739560842514038,
    "error_body_ang_vel": 2.1850955486297607,
    "error_body_lin_vel": 0.7211401462554932,
    "error_body_pos": 0.5008489489555359,
    "error_body_rot": 1.4186118841171265,
    "error_joint_pos": 0.6340169310569763,
    "error_joint_vel": 0.0,
    "sampling_entropy": 0.9939525723457336,
    "sampling_top1_bin": 0.3333333432674408,
    "sampling_top1_prob": 0.20468348264694214
  },
  "command_metrics_timeseries": {
    "error_anchor_ang_vel": {
      "count": 299,
      "max": 3.568971872329712,
      "mean": 0.9492901404540873,
      "min": 0.04861113429069519
    },
    "error_anchor_lin_vel": {
      "count": 299,
      "max": 1.0150929689407349,
      "mean": 0.4422115298941183,
      "min": 0.04101875051856041
    },
    "error_anchor_pos": {
      "count": 299,
      "max": 0.5367539525032043,
      "mean": 0.4925969627788633,
      "min": 0.4707561731338501
    },
    "error_anchor_rot": {
      "count": 299,
      "max": 1.345884919166565,
      "mean": 0.9769669426324774,
      "min": 0.40694451332092285
    },
    "error_body_ang_vel": {
      "count": 299,
      "max": 2.523932933807373,
      "mean": 1.1190173829279615,
      "min": 0.04757266491651535
    },
    "error_body_lin_vel": {
      "count": 299,
      "max": 0.9068173170089722,
      "mean": 0.49555175993155476,
      "min": 0.1472409963607788
    },
    "error_body_pos": {
      "count": 299,
      "max": 0.7710651159286499,
      "mean": 0.4753945380150275,
      "min": 0.4180926978588104
    },
    "error_body_rot": {
      "count": 299,
      "max": 1.7808282375335693,
      "mean": 1.1556784656135533,
      "min": 0.5571890473365784
    },
    "error_joint_pos": {
      "count": 299,
      "max": 1.1660759449005127,
      "mean": 0.6623293078663357,
      "min": 0.4329463243484497
    },
    "error_joint_vel": {
      "count": 299,
      "max": 0.0,
      "mean": 0.0,
      "min": 0.0
    },
    "sampling_entropy": {
      "count": 299,
      "max": 0.9999999403953552,
      "mean": 0.9941062861461704,
      "min": 0.9883556365966797
    },
    "sampling_top1_bin": {
      "count": 299,
      "max": 0.8333333730697632,
      "mean": 0.4726867497366009,
      "min": 0.0
    },
    "sampling_top1_prob": {
      "count": 299,
      "max": 0.21218983829021454,
      "mean": 0.19601095091539084,
      "min": 0.1666666567325592
    }
  },
  "command_terms": [
    "motion"
  ],
  "critic_observation_dim": 286,
  "device": "cuda:4",
  "done_total": 299,
  "event_modes": [
    "startup",
    "interval"
  ],
  "motion_file": "/mnt/infini-data/test/BeyondMimic/res/tracking/official_csv_loop_full_bundle_fk_repaired_split_motion_npz/motions/run1_subject2/motion.npz",
  "num_envs": 1,
  "observation_shapes": {
    "critic": [
      1,
      286
    ],
    "policy": [
      1,
      160
    ]
  },
  "official_csv_to_npz_unpatched_output": false,
  "paper_level_rollout": false,
  "policy_observation_dim": 160,
  "ppo_training": false,
  "real_robot": false,
  "reward": {
    "count": 299,
    "max": 0.03696902468800545,
    "mean": 0.012875115051927873,
    "min": -0.02523139864206314
  },
  "reward_terms": [
    "motion_global_anchor_pos",
    "motion_global_anchor_ori",
    "motion_body_pos",
    "motion_body_ori",
    "motion_body_lin_vel",
    "motion_body_ang_vel",
    "action_rate_l2",
    "joint_limit",
    "undesired_contacts"
  ],
  "robot_num_bodies": 40,
  "robot_num_joints": 29,
  "status": "ok",
  "step_count": 299,
  "task": "Tracking-Flat-G1-v0",
  "terminated_total": 299,
  "termination_terms": [
    "time_out",
    "anchor_pos",
    "anchor_ori",
    "ee_body_pos"
  ],
  "truncated_total": 0,
  "usd_path": "/mnt/infini-data/test/BeyondMimic/res/tracking/g1_urdf_in_memory_gpu4_probe/g1_official_importer_in_memory_gpu4_export.usda",
  "uses_fk_repaired_motion_npz": true,
  "uses_official_importer_export_usd": true,
  "uses_resource_adjusted_usd": false
}