{
  "duration_seconds": 40.048,
  "log": "/mnt/infini-data/test/BeyondMimic/logs/tracking_g1_official_importer_export_fk_repaired_robot_order_split_task_eval/fallAndGetUp1_subject4_task_eval.log",
  "markers": {
    "after_app": true,
    "before_app": true,
    "env_created": true,
    "env_reset": true,
    "exception": false,
    "metrics_file": true,
    "stall_timeout": false,
    "step_bound_reached": true,
    "success": true,
    "traceback": false,
    "vulkan_device_lost": false
  },
  "metrics": {
    "action_dim": 29,
    "action_terms": [
      "joint_pos"
    ],
    "command_metrics_final": {
      "error_anchor_ang_vel": 5.125581741333008,
      "error_anchor_lin_vel": 0.9536824822425842,
      "error_anchor_pos": 0.09088470786809921,
      "error_anchor_rot": 0.3365868031978607,
      "error_body_ang_vel": 5.9167160987854,
      "error_body_lin_vel": 0.7195790410041809,
      "error_body_pos": 0.11813826858997345,
      "error_body_rot": 0.8175671696662903,
      "error_joint_pos": 2.5216317176818848,
      "error_joint_vel": 32.9664421081543,
      "sampling_entropy": 0.9961459040641785,
      "sampling_top1_bin": 0.0,
      "sampling_top1_prob": 0.18325667083263397
    },
    "command_metrics_timeseries": {
      "error_anchor_ang_vel": {
        "count": 299,
        "max": 10.154614448547363,
        "mean": 1.7725142595859675,
        "min": 0.21464753150939941
      },
      "error_anchor_lin_vel": {
        "count": 299,
        "max": 1.910400152206421,
        "mean": 0.7864890088853629,
        "min": 0.07921203225851059
      },
      "error_anchor_pos": {
        "count": 299,
        "max": 0.25956082344055176,
        "mean": 0.08286787586031251,
        "min": 0.009213320910930634
      },
      "error_anchor_rot": {
        "count": 299,
        "max": 1.067730188369751,
        "mean": 0.44895133864520786,
        "min": 0.04412662982940674
      },
      "error_body_ang_vel": {
        "count": 299,
        "max": 14.423409461975098,
        "mean": 3.3310990616629357,
        "min": 0.22645723819732666
      },
      "error_body_lin_vel": {
        "count": 299,
        "max": 1.7170737981796265,
        "mean": 0.8418585974037847,
        "min": 0.19681118428707123
      },
      "error_body_pos": {
        "count": 299,
        "max": 0.9282687902450562,
        "mean": 0.18110484004419383,
        "min": 0.06644812971353531
      },
      "error_body_rot": {
        "count": 299,
        "max": 1.423826813697815,
        "mean": 0.90621299378848,
        "min": 0.4735702574253082
      },
      "error_joint_pos": {
        "count": 299,
        "max": 4.434208869934082,
        "mean": 1.4761768965218778,
        "min": 0.3873746991157532
      },
      "error_joint_vel": {
        "count": 299,
        "max": 81.30939483642578,
        "mean": 13.431487281186923,
        "min": 0.0
      },
      "sampling_entropy": {
        "count": 299,
        "max": 0.9999999403953552,
        "mean": 0.9987007840022595,
        "min": 0.9960694313049316
      },
      "sampling_top1_bin": {
        "count": 299,
        "max": 0.8333333730697632,
        "mean": 0.2536231939210541,
        "min": 0.0
      },
      "sampling_top1_prob": {
        "count": 299,
        "max": 0.19232474267482758,
        "mean": 0.17860070538760028,
        "min": 0.1666666567325592
      }
    },
    "command_terms": [
      "motion"
    ],
    "critic_observation_dim": 286,
    "device": "cuda:4",
    "done_total": 54,
    "event_modes": [
      "startup",
      "interval"
    ],
    "motion_file": "/mnt/infini-data/test/BeyondMimic/res/tracking/official_csv_loop_full_bundle_fk_repaired_robot_order_motion_npz/motions/fallAndGetUp1_subject4/motion.npz",
    "num_envs": 1,
    "observation_shapes": {
      "critic": [
        1,
        286
      ],
      "policy": [
        1,
        160
      ]
    },
    "official_csv_to_npz_unpatched_output": false,
    "paper_level_rollout": false,
    "policy_observation_dim": 160,
    "ppo_training": false,
    "real_robot": false,
    "reward": {
      "count": 299,
      "max": 0.0622686930000782,
      "mean": 0.025909896385560068,
      "min": -0.0780436098575592
    },
    "reward_terms": [
      "motion_global_anchor_pos",
      "motion_global_anchor_ori",
      "motion_body_pos",
      "motion_body_ori",
      "motion_body_lin_vel",
      "motion_body_ang_vel",
      "action_rate_l2",
      "joint_limit",
      "undesired_contacts"
    ],
    "robot_num_bodies": 40,
    "robot_num_joints": 29,
    "status": "ok",
    "step_count": 299,
    "task": "Tracking-Flat-G1-v0",
    "terminated_total": 35,
    "termination_terms": [
      "time_out",
      "anchor_pos",
      "anchor_ori",
      "ee_body_pos"
    ],
    "truncated_total": 19,
    "usd_path": "/mnt/infini-data/test/BeyondMimic/res/tracking/g1_urdf_in_memory_gpu4_probe/g1_official_importer_in_memory_gpu4_export.usda",
    "uses_fk_repaired_motion_npz": true,
    "uses_fk_repaired_robot_order_motion_npz": true,
    "uses_official_importer_export_usd": true,
    "uses_resource_adjusted_usd": false
  },
  "metrics_json": "/mnt/infini-data/test/BeyondMimic/res/tracking/g1_official_importer_export_fk_repaired_robot_order_split_task_eval/motions/fallAndGetUp1_subject4/fallAndGetUp1_subject4_task_eval_metrics.json",
  "motion": "fallAndGetUp1_subject4",
  "returncode": 0,
  "stalled": false,
  "status": "ok"
}