{
  "action_dim": 29,
  "action_terms": [
    "joint_pos"
  ],
  "command_metrics_final": {
    "error_anchor_ang_vel": 4.0456953048706055,
    "error_anchor_lin_vel": 1.90898597240448,
    "error_anchor_pos": 0.23412476480007172,
    "error_anchor_rot": 0.11517173796892166,
    "error_body_ang_vel": 7.476137638092041,
    "error_body_lin_vel": 1.944648027420044,
    "error_body_pos": 0.17558656632900238,
    "error_body_rot": 0.2748851776123047,
    "error_joint_pos": 1.3524699211120605,
    "error_joint_vel": 28.955533981323242,
    "sampling_entropy": 0.9970025420188904,
    "sampling_top1_bin": 0.6666666865348816,
    "sampling_top1_prob": 0.1966087967157364
  },
  "command_metrics_timeseries": {
    "error_anchor_ang_vel": {
      "count": 299,
      "max": 10.435481071472168,
      "mean": 2.119431703485374,
      "min": 0.13468274474143982
    },
    "error_anchor_lin_vel": {
      "count": 299,
      "max": 2.494614839553833,
      "mean": 1.1646582018770901,
      "min": 0.15765701234340668
    },
    "error_anchor_pos": {
      "count": 299,
      "max": 0.3125044107437134,
      "mean": 0.11045129494398932,
      "min": 0.014393134042620659
    },
    "error_anchor_rot": {
      "count": 299,
      "max": 0.8545451760292053,
      "mean": 0.2266419051358333,
      "min": 0.05357636138796806
    },
    "error_body_ang_vel": {
      "count": 299,
      "max": 29.011470794677734,
      "mean": 7.983205543812302,
      "min": 0.15007829666137695
    },
    "error_body_lin_vel": {
      "count": 299,
      "max": 2.518514394760132,
      "mean": 1.2354546717078392,
      "min": 0.17554812133312225
    },
    "error_body_pos": {
      "count": 299,
      "max": 0.7781369686126709,
      "mean": 0.09443516270989509,
      "min": 0.0025941147468984127
    },
    "error_body_rot": {
      "count": 299,
      "max": 1.105873465538025,
      "mean": 0.3633015144828171,
      "min": 0.14447994530200958
    },
    "error_joint_pos": {
      "count": 299,
      "max": 3.388857126235962,
      "mean": 1.4087368927671757,
      "min": 0.25932419300079346
    },
    "error_joint_vel": {
      "count": 299,
      "max": 98.45157623291016,
      "mean": 37.237373996339116,
      "min": 0.0
    },
    "sampling_entropy": {
      "count": 299,
      "max": 0.9999999403953552,
      "mean": 0.9983503282269507,
      "min": 0.9970025420188904
    },
    "sampling_top1_bin": {
      "count": 299,
      "max": 0.8333333730697632,
      "mean": 0.5133779416714225,
      "min": 0.0
    },
    "sampling_top1_prob": {
      "count": 299,
      "max": 0.1966087967157364,
      "mean": 0.1846625121640521,
      "min": 0.1666666567325592
    }
  },
  "command_terms": [
    "motion"
  ],
  "critic_observation_dim": 286,
  "device": "cuda:4",
  "done_total": 38,
  "event_modes": [
    "startup",
    "interval"
  ],
  "motion_file": "/mnt/infini-data/test/BeyondMimic/res/tracking/official_csv_to_npz_loop_full_dataset_with_enriched_usd/motions/run1_subject2/run1_subject2_official_loop_enriched_usd_motion.npz",
  "num_envs": 1,
  "observation_shapes": {
    "critic": [
      1,
      286
    ],
    "policy": [
      1,
      160
    ]
  },
  "official_csv_loop_npz_input": true,
  "official_csv_to_npz_unpatched_output": false,
  "paper_level_rollout": false,
  "policy_observation_dim": 160,
  "ppo_training": false,
  "real_robot": false,
  "reward": {
    "count": 299,
    "max": 0.05023768171668053,
    "mean": 0.022411257601701297,
    "min": -0.03472789004445076
  },
  "reward_terms": [
    "motion_global_anchor_pos",
    "motion_global_anchor_ori",
    "motion_body_pos",
    "motion_body_ori",
    "motion_body_lin_vel",
    "motion_body_ang_vel",
    "action_rate_l2",
    "joint_limit",
    "undesired_contacts"
  ],
  "robot_num_bodies": 40,
  "robot_num_joints": 29,
  "status": "ok",
  "step_count": 299,
  "task": "Tracking-Flat-G1-v0",
  "terminated_total": 23,
  "termination_terms": [
    "time_out",
    "anchor_pos",
    "anchor_ori",
    "ee_body_pos"
  ],
  "truncated_total": 15,
  "usd_path": "/mnt/infini-data/test/BeyondMimic/res/tracking/g1_resource_adjusted_enriched_usd/g1_resource_adjusted_29dof_enriched_scaffold.usda",
  "uses_resource_adjusted_usd": true
}