variant	reward_mean	target_body_error_mean	done_count_total	teacher_vae_action_mse_mean	guided_teacher_action_mse_mean
action_guided	0.02557246644286607	0.07946009188890457	25	0.004073455372500548	0.001721034897277194
teacher	0.024752985732785636	0.08290184289216995	26	0.004211823075206134	0.0017794952911578264
vae_base	0.026093225060248852	0.07934186607599258	24	0.0033840346908843907	0.0014297547193649412
