{
  "duration_seconds": 40.043,
  "log": "/mnt/infini-data/test/BeyondMimic/logs/tracking_g1_official_importer_export_fk_repaired_split_task_eval/fight1_subject5_task_eval.log",
  "markers": {
    "after_app": true,
    "before_app": true,
    "env_created": true,
    "env_reset": true,
    "exception": false,
    "metrics_file": true,
    "stall_timeout": false,
    "step_bound_reached": true,
    "success": true,
    "traceback": false,
    "vulkan_device_lost": false
  },
  "metrics": {
    "action_dim": 29,
    "action_terms": [
      "joint_pos"
    ],
    "command_metrics_final": {
      "error_anchor_ang_vel": 0.7615393996238708,
      "error_anchor_lin_vel": 0.29693782329559326,
      "error_anchor_pos": 0.49369925260543823,
      "error_anchor_rot": 0.2326810508966446,
      "error_body_ang_vel": 1.4596790075302124,
      "error_body_lin_vel": 0.3477242887020111,
      "error_body_pos": 0.48442405462265015,
      "error_body_rot": 0.9244757890701294,
      "error_joint_pos": 1.353346586227417,
      "error_joint_vel": 0.0,
      "sampling_entropy": 0.9929791688919067,
      "sampling_top1_bin": 0.6666666865348816,
      "sampling_top1_prob": 0.21888846158981323
    },
    "command_metrics_timeseries": {
      "error_anchor_ang_vel": {
        "count": 299,
        "max": 8.134587287902832,
        "mean": 2.1679167035580877,
        "min": 0.08897804468870163
      },
      "error_anchor_lin_vel": {
        "count": 299,
        "max": 2.1920900344848633,
        "mean": 0.5617351441279702,
        "min": 0.07397806644439697
      },
      "error_anchor_pos": {
        "count": 299,
        "max": 0.5237979292869568,
        "mean": 0.4911875664988489,
        "min": 0.4180501401424408
      },
      "error_anchor_rot": {
        "count": 299,
        "max": 1.2012802362442017,
        "mean": 0.5334615706400728,
        "min": 0.06972711533308029
      },
      "error_body_ang_vel": {
        "count": 299,
        "max": 6.771828651428223,
        "mean": 2.12567788796082,
        "min": 0.20460592210292816
      },
      "error_body_lin_vel": {
        "count": 299,
        "max": 1.6296870708465576,
        "mean": 0.7299625351028299,
        "min": 0.0935300812125206
      },
      "error_body_pos": {
        "count": 299,
        "max": 1.1250261068344116,
        "mean": 0.7029565378375675,
        "min": 0.36004072427749634
      },
      "error_body_rot": {
        "count": 299,
        "max": 2.591700553894043,
        "mean": 1.498330147370048,
        "min": 0.7913881540298462
      },
      "error_joint_pos": {
        "count": 299,
        "max": 1.353346586227417,
        "mean": 0.8977003165312036,
        "min": 0.536964476108551
      },
      "error_joint_vel": {
        "count": 299,
        "max": 0.0,
        "mean": 0.0,
        "min": 0.0
      },
      "sampling_entropy": {
        "count": 299,
        "max": 0.9999999403953552,
        "mean": 0.9931421929777267,
        "min": 0.9896484017372131
      },
      "sampling_top1_bin": {
        "count": 299,
        "max": 0.8333333730697632,
        "mean": 0.6488294509242609,
        "min": 0.0
      },
      "sampling_top1_prob": {
        "count": 299,
        "max": 0.23432689905166626,
        "mean": 0.21712739800529735,
        "min": 0.1666666567325592
      }
    },
    "command_terms": [
      "motion"
    ],
    "critic_observation_dim": 286,
    "device": "cuda:4",
    "done_total": 299,
    "event_modes": [
      "startup",
      "interval"
    ],
    "motion_file": "/mnt/infini-data/test/BeyondMimic/res/tracking/official_csv_loop_full_bundle_fk_repaired_split_motion_npz/motions/fight1_subject5/motion.npz",
    "num_envs": 1,
    "observation_shapes": {
      "critic": [
        1,
        286
      ],
      "policy": [
        1,
        160
      ]
    },
    "official_csv_to_npz_unpatched_output": false,
    "paper_level_rollout": false,
    "policy_observation_dim": 160,
    "ppo_training": false,
    "real_robot": false,
    "reward": {
      "count": 299,
      "max": 0.026370882987976074,
      "mean": 0.005859881542143365,
      "min": -0.02466168999671936
    },
    "reward_terms": [
      "motion_global_anchor_pos",
      "motion_global_anchor_ori",
      "motion_body_pos",
      "motion_body_ori",
      "motion_body_lin_vel",
      "motion_body_ang_vel",
      "action_rate_l2",
      "joint_limit",
      "undesired_contacts"
    ],
    "robot_num_bodies": 40,
    "robot_num_joints": 29,
    "status": "ok",
    "step_count": 299,
    "task": "Tracking-Flat-G1-v0",
    "terminated_total": 299,
    "termination_terms": [
      "time_out",
      "anchor_pos",
      "anchor_ori",
      "ee_body_pos"
    ],
    "truncated_total": 0,
    "usd_path": "/mnt/infini-data/test/BeyondMimic/res/tracking/g1_urdf_in_memory_gpu4_probe/g1_official_importer_in_memory_gpu4_export.usda",
    "uses_fk_repaired_motion_npz": true,
    "uses_official_importer_export_usd": true,
    "uses_resource_adjusted_usd": false
  },
  "metrics_json": "/mnt/infini-data/test/BeyondMimic/res/tracking/g1_official_importer_export_fk_repaired_split_task_eval/motions/fight1_subject5/fight1_subject5_task_eval_metrics.json",
  "motion": "fight1_subject5",
  "returncode": 0,
  "stalled": false,
  "status": "ok"
}