variant	reward_mean	target_body_error_mean	done_count_total	teacher_vae_action_mse_mean	denoised_teacher_action_mse_mean	guided_teacher_action_mse_mean	guided_base_action_mse_mean	guidance_cost_delta_mean
denoised_latent	0.023899899481057522	0.08298275619745255	25	0.005489448167190554	0.012883544385582707	0.012883435115591937	0.007153103383877829	6.062171132269512e-05
receding_latent_guided	0.02471773205854522	0.0789017453789711	25	0.0056723680916724315	0.01300553459343952	0.013005423998105087	0.006968048317856264	6.191746446998622e-05
teacher	0.023904011276454033	0.07915428280830383	26	0.003827348645436998	0.011296150896754302	0.011296057755152468	0.007355579938178876	6.496806607198556e-05
vae_base	0.02551774465070919	0.08109544962644577	25	0.00409762810193077	0.011210709966775216	0.011210595890661595	0.007263636250783967	6.0712015349729406e-05
