{
  "action_dim": 29,
  "action_terms": [
    "joint_pos"
  ],
  "command_metrics_final": {
    "error_anchor_ang_vel": 0.4805964231491089,
    "error_anchor_lin_vel": 0.34953635931015015,
    "error_anchor_pos": 0.49218618869781494,
    "error_anchor_rot": 0.07492741197347641,
    "error_body_ang_vel": 0.56689453125,
    "error_body_lin_vel": 0.505091667175293,
    "error_body_pos": 0.6840927004814148,
    "error_body_rot": 0.8336775898933411,
    "error_joint_pos": 1.1388461589813232,
    "error_joint_vel": 0.0,
    "sampling_entropy": 0.9912121295928955,
    "sampling_top1_bin": 0.6666666865348816,
    "sampling_top1_prob": 0.22069628536701202
  },
  "command_metrics_timeseries": {
    "error_anchor_ang_vel": {
      "count": 299,
      "max": 8.980459213256836,
      "mean": 2.1243208376659597,
      "min": 0.09491795301437378
    },
    "error_anchor_lin_vel": {
      "count": 299,
      "max": 2.335507392883301,
      "mean": 0.5938963476929776,
      "min": 0.07413547486066818
    },
    "error_anchor_pos": {
      "count": 299,
      "max": 0.5207304954528809,
      "mean": 0.4820547930173651,
      "min": 0.41190391778945923
    },
    "error_anchor_rot": {
      "count": 299,
      "max": 1.6491427421569824,
      "mean": 0.536919947676236,
      "min": 0.05374491214752197
    },
    "error_body_ang_vel": {
      "count": 299,
      "max": 5.547353744506836,
      "mean": 2.4611072109694465,
      "min": 0.3012790083885193
    },
    "error_body_lin_vel": {
      "count": 299,
      "max": 1.7443841695785522,
      "mean": 0.7691270567501668,
      "min": 0.13095209002494812
    },
    "error_body_pos": {
      "count": 299,
      "max": 1.6847039461135864,
      "mean": 0.9268974404669924,
      "min": 0.35729536414146423
    },
    "error_body_rot": {
      "count": 299,
      "max": 1.9991137981414795,
      "mean": 1.2114658628817785,
      "min": 0.6017927527427673
    },
    "error_joint_pos": {
      "count": 299,
      "max": 1.335647702217102,
      "mean": 0.9488609863762871,
      "min": 0.4579521119594574
    },
    "error_joint_vel": {
      "count": 299,
      "max": 0.0,
      "mean": 0.0,
      "min": 0.0
    },
    "sampling_entropy": {
      "count": 299,
      "max": 0.9999999403953552,
      "mean": 0.9934101930031409,
      "min": 0.990491509437561
    },
    "sampling_top1_bin": {
      "count": 299,
      "max": 0.6666666865348816,
      "mean": 0.6204013562820428,
      "min": 0.0
    },
    "sampling_top1_prob": {
      "count": 299,
      "max": 0.22196725010871887,
      "mean": 0.2090645563044277,
      "min": 0.1666666567325592
    }
  },
  "command_terms": [
    "motion"
  ],
  "critic_observation_dim": 286,
  "device": "cuda:4",
  "done_total": 299,
  "event_modes": [
    "startup",
    "interval"
  ],
  "motion_file": "/mnt/infini-data/test/BeyondMimic/res/tracking/official_csv_loop_full_bundle_fk_repaired_split_motion_npz/motions/walk3_subject5/motion.npz",
  "num_envs": 1,
  "observation_shapes": {
    "critic": [
      1,
      286
    ],
    "policy": [
      1,
      160
    ]
  },
  "official_csv_to_npz_unpatched_output": false,
  "paper_level_rollout": false,
  "policy_observation_dim": 160,
  "ppo_training": false,
  "real_robot": false,
  "reward": {
    "count": 299,
    "max": 0.025810394436120987,
    "mean": 0.0036554969590232027,
    "min": -0.028835352510213852
  },
  "reward_terms": [
    "motion_global_anchor_pos",
    "motion_global_anchor_ori",
    "motion_body_pos",
    "motion_body_ori",
    "motion_body_lin_vel",
    "motion_body_ang_vel",
    "action_rate_l2",
    "joint_limit",
    "undesired_contacts"
  ],
  "robot_num_bodies": 40,
  "robot_num_joints": 29,
  "status": "ok",
  "step_count": 299,
  "task": "Tracking-Flat-G1-v0",
  "terminated_total": 299,
  "termination_terms": [
    "time_out",
    "anchor_pos",
    "anchor_ori",
    "ee_body_pos"
  ],
  "truncated_total": 0,
  "usd_path": "/mnt/infini-data/test/BeyondMimic/res/tracking/g1_urdf_in_memory_gpu4_probe/g1_official_importer_in_memory_gpu4_export.usda",
  "uses_fk_repaired_motion_npz": true,
  "uses_official_importer_export_usd": true,
  "uses_resource_adjusted_usd": false
}