variant	reward_mean	target_body_error_mean	done_count_total	teacher_vae_action_mse_mean	denoised_teacher_action_mse_mean	guided_teacher_action_mse_mean	guided_base_action_mse_mean	guidance_cost_delta_mean
denoised_latent	0.022193815904890613	0.08202648907899857	25	0.0058762337104300575	0.013476836753629123	0.013476741370156307	0.007247106544361964	1.8041169763010082e-05
receding_latent_guided	0.02125061959040703	0.08170223236083984	25	0.007081271811597903	0.014538867079051691	0.014538756447897158	0.0074375595019065014	1.7745538698789668e-05
teacher	0.024117688196757966	0.07598163932561874	25	0.005122264824382475	0.012734133754872458	0.012734055767508603	0.007588492912772956	1.860851029488554e-05
vae_base	0.01978823533250536	0.07896623760461807	25	0.0076791861895230415	0.015180146034314829	0.015180051959833024	0.00740643459244516	1.7768363888845793e-05
