{
  "duration_seconds": 110.124,
  "log": "/mnt/infini-data/test/BeyondMimic/logs/tracking_g1_official_csv_loop_full_dataset_task_eval/fightAndSports1_subject1_task_eval.log",
  "markers": {
    "after_app": true,
    "before_app": true,
    "env_created": true,
    "env_reset": true,
    "exception": false,
    "metrics_file": true,
    "stall_timeout": false,
    "step_bound_reached": true,
    "success": true,
    "traceback": false,
    "vulkan_device_lost": false
  },
  "metrics": {
    "action_dim": 29,
    "action_terms": [
      "joint_pos"
    ],
    "command_metrics_final": {
      "error_anchor_ang_vel": 1.7134227752685547,
      "error_anchor_lin_vel": 1.315598726272583,
      "error_anchor_pos": 0.09848027676343918,
      "error_anchor_rot": 0.22204607725143433,
      "error_body_ang_vel": 7.938753604888916,
      "error_body_lin_vel": 1.428080677986145,
      "error_body_pos": 0.0965401828289032,
      "error_body_rot": 0.30273744463920593,
      "error_joint_pos": 1.5610498189926147,
      "error_joint_vel": 35.2127685546875,
      "sampling_entropy": 0.991154134273529,
      "sampling_top1_bin": 0.6666666865348816,
      "sampling_top1_prob": 0.21394506096839905
    },
    "command_metrics_timeseries": {
      "error_anchor_ang_vel": {
        "count": 299,
        "max": 18.35808753967285,
        "mean": 2.030195679503141,
        "min": 0.20779551565647125
      },
      "error_anchor_lin_vel": {
        "count": 299,
        "max": 2.2337586879730225,
        "mean": 1.191544876150463,
        "min": 0.1937328428030014
      },
      "error_anchor_pos": {
        "count": 299,
        "max": 0.2796632945537567,
        "mean": 0.10818116034203548,
        "min": 0.009700030088424683
      },
      "error_anchor_rot": {
        "count": 299,
        "max": 0.5191751718521118,
        "mean": 0.17263492976742045,
        "min": 0.03649953752756119
      },
      "error_body_ang_vel": {
        "count": 299,
        "max": 29.467500686645508,
        "mean": 7.835809364765384,
        "min": 0.2762112319469452
      },
      "error_body_lin_vel": {
        "count": 299,
        "max": 2.2456138134002686,
        "mean": 1.231501198432916,
        "min": 0.22996032238006592
      },
      "error_body_pos": {
        "count": 299,
        "max": 0.8075671792030334,
        "mean": 0.09423663310650549,
        "min": 0.004990117624402046
      },
      "error_body_rot": {
        "count": 299,
        "max": 0.9557462930679321,
        "mean": 0.3046340571847249,
        "min": 0.12356949597597122
      },
      "error_joint_pos": {
        "count": 299,
        "max": 2.3388452529907227,
        "mean": 1.293366367103264,
        "min": 0.2641410529613495
      },
      "error_joint_vel": {
        "count": 299,
        "max": 100.8834228515625,
        "mean": 35.30734581452947,
        "min": 0.0
      },
      "sampling_entropy": {
        "count": 299,
        "max": 0.9999999403953552,
        "mean": 0.9961446647261297,
        "min": 0.9905850291252136
      },
      "sampling_top1_bin": {
        "count": 299,
        "max": 0.6666666865348816,
        "mean": 0.6153846337245061,
        "min": 0.0
      },
      "sampling_top1_prob": {
        "count": 299,
        "max": 0.2161489725112915,
        "mean": 0.19806958934335805,
        "min": 0.1666666567325592
      }
    },
    "command_terms": [
      "motion"
    ],
    "critic_observation_dim": 286,
    "device": "cuda:4",
    "done_total": 33,
    "event_modes": [
      "startup",
      "interval"
    ],
    "motion_file": "/mnt/infini-data/test/BeyondMimic/res/tracking/official_csv_to_npz_loop_full_dataset_with_enriched_usd/motions/fightAndSports1_subject1/fightAndSports1_subject1_official_loop_enriched_usd_motion.npz",
    "num_envs": 1,
    "observation_shapes": {
      "critic": [
        1,
        286
      ],
      "policy": [
        1,
        160
      ]
    },
    "official_csv_loop_npz_input": true,
    "official_csv_to_npz_unpatched_output": false,
    "paper_level_rollout": false,
    "policy_observation_dim": 160,
    "ppo_training": false,
    "real_robot": false,
    "reward": {
      "count": 299,
      "max": 0.05245429649949074,
      "mean": 0.026334718199926475,
      "min": -0.003835834562778473
    },
    "reward_terms": [
      "motion_global_anchor_pos",
      "motion_global_anchor_ori",
      "motion_body_pos",
      "motion_body_ori",
      "motion_body_lin_vel",
      "motion_body_ang_vel",
      "action_rate_l2",
      "joint_limit",
      "undesired_contacts"
    ],
    "robot_num_bodies": 40,
    "robot_num_joints": 29,
    "status": "ok",
    "step_count": 299,
    "task": "Tracking-Flat-G1-v0",
    "terminated_total": 26,
    "termination_terms": [
      "time_out",
      "anchor_pos",
      "anchor_ori",
      "ee_body_pos"
    ],
    "truncated_total": 7,
    "usd_path": "/mnt/infini-data/test/BeyondMimic/res/tracking/g1_resource_adjusted_enriched_usd/g1_resource_adjusted_29dof_enriched_scaffold.usda",
    "uses_resource_adjusted_usd": true
  },
  "metrics_json": "/mnt/infini-data/test/BeyondMimic/res/tracking/g1_official_csv_loop_full_dataset_task_eval/motions/fightAndSports1_subject1/fightAndSports1_subject1_task_eval_metrics.json",
  "motion": "fightAndSports1_subject1",
  "returncode": 0,
  "stalled": false,
  "status": "ok"
}