variant	reward_mean	target_body_error_mean	done_count_total	teacher_vae_action_mse_mean	denoised_teacher_action_mse_mean	guided_teacher_action_mse_mean	guided_base_action_mse_mean	guidance_cost_delta_mean
denoised_latent	0.022860872207277994	0.34543320536613464	299	4.727534034347238e-05	4.742108324818252e-05	4.7421084726491636e-05	6.634588652824155e-08	6.502078079858353e-05
receding_latent_guided	0.02026389510897191	0.3444918692111969	299	4.982965963389259e-05	5.014289466919803e-05	5.0142895784013435e-05	8.954698562405134e-08	6.780769040552669e-05
teacher	0.020380719321901383	0.3448471128940582	299	4.7331182455814256e-05	4.750087629513792e-05	4.75008819954492e-05	8.703501917612175e-08	6.779203546485774e-05
vae_base	0.022249895557574305	0.34529760479927063	299	4.8513078843484816e-05	4.876957141840402e-05	4.876957065947784e-05	7.547319998771609e-08	6.418991647037774e-05
