seed	train_baseline_loss	train_prediction_loss	train_loss_reduction_ratio	validation_baseline_loss	validation_prediction_loss	validation_loss_reduction_ratio	test_baseline_loss	test_prediction_loss	test_loss_reduction_ratio	motion_count	window_count	sample_count	feature_dim
20260907	0.06733584331649212	0.00752064193304276	0.8883114614352683	0.06930764133540507	0.03443011209674649	0.503227761999192	0.0682719253409472	0.0379766888712374	0.4437436957932067	3	84	1764	257
20260908	0.06931899368877499	0.006854669739487392	0.9011141193095913	0.06476506322011712	0.03172476500975526	0.5101561948309653	0.07102325938678643	0.03730090424858001	0.4748072030115858	3	84	1764	257
20260909	0.06529049118653103	0.007028610064689571	0.8923486416328336	0.0662423434402621	0.03345657466716665	0.49493672884115175	0.06700860854649729	0.03843609754522177	0.42640060166969507	3	84	1764	257
