{
  "action_dim": 29,
  "action_terms": [
    "joint_pos"
  ],
  "command_metrics_final": {
    "error_anchor_ang_vel": 0.18945811688899994,
    "error_anchor_lin_vel": 1.213075876235962,
    "error_anchor_pos": 0.09512855112552643,
    "error_anchor_rot": 0.8328530788421631,
    "error_body_ang_vel": 2.8514013290405273,
    "error_body_lin_vel": 1.0784467458724976,
    "error_body_pos": 0.17422540485858917,
    "error_body_rot": 1.0110222101211548,
    "error_joint_pos": 1.3280342817306519,
    "error_joint_vel": 17.5009765625,
    "sampling_entropy": 0.9945530295372009,
    "sampling_top1_bin": 0.3333333432674408,
    "sampling_top1_prob": 0.21194037795066833
  },
  "command_metrics_timeseries": {
    "error_anchor_ang_vel": {
      "count": 299,
      "max": 7.030428886413574,
      "mean": 2.006543276601013,
      "min": 0.1526457816362381
    },
    "error_anchor_lin_vel": {
      "count": 299,
      "max": 1.6683032512664795,
      "mean": 0.6681928255386576,
      "min": 0.07994787395000458
    },
    "error_anchor_pos": {
      "count": 299,
      "max": 0.19949549436569214,
      "mean": 0.05550509818321885,
      "min": 0.002828630618751049
    },
    "error_anchor_rot": {
      "count": 299,
      "max": 0.9713771343231201,
      "mean": 0.6599965013787898,
      "min": 0.31017932295799255
    },
    "error_body_ang_vel": {
      "count": 299,
      "max": 9.41633129119873,
      "mean": 3.621506281122316,
      "min": 0.2644581198692322
    },
    "error_body_lin_vel": {
      "count": 299,
      "max": 1.4383338689804077,
      "mean": 0.6956936450407258,
      "min": 0.14960868656635284
    },
    "error_body_pos": {
      "count": 299,
      "max": 0.8479840159416199,
      "mean": 0.20140912132119654,
      "min": 0.13107044994831085
    },
    "error_body_rot": {
      "count": 299,
      "max": 1.9865230321884155,
      "mean": 1.2871930507513194,
      "min": 0.7260857224464417
    },
    "error_joint_pos": {
      "count": 299,
      "max": 3.4193978309631348,
      "mean": 1.653366271767728,
      "min": 0.4213765859603882
    },
    "error_joint_vel": {
      "count": 299,
      "max": 51.33809280395508,
      "mean": 19.265696974502358,
      "min": 0.0
    },
    "sampling_entropy": {
      "count": 299,
      "max": 0.9999999403953552,
      "mean": 0.996467081599411,
      "min": 0.9939857125282288
    },
    "sampling_top1_bin": {
      "count": 299,
      "max": 0.3333333432674408,
      "mean": 0.3266443798573918,
      "min": 0.0
    },
    "sampling_top1_prob": {
      "count": 299,
      "max": 0.21766988933086395,
      "mean": 0.20316608997691035,
      "min": 0.1666666567325592
    }
  },
  "command_terms": [
    "motion"
  ],
  "critic_observation_dim": 286,
  "device": "cuda:4",
  "done_total": 57,
  "event_modes": [
    "startup",
    "interval"
  ],
  "motion_file": "/mnt/infini-data/test/BeyondMimic/res/tracking/official_csv_loop_full_bundle_fk_repaired_robot_order_motion_npz/motions/fallAndGetUp2_subject3/motion.npz",
  "num_envs": 1,
  "observation_shapes": {
    "critic": [
      1,
      286
    ],
    "policy": [
      1,
      160
    ]
  },
  "official_csv_to_npz_unpatched_output": false,
  "paper_level_rollout": false,
  "policy_observation_dim": 160,
  "ppo_training": false,
  "real_robot": false,
  "reward": {
    "count": 299,
    "max": 0.0555332750082016,
    "mean": -0.006877635192923422,
    "min": -0.0878634974360466
  },
  "reward_terms": [
    "motion_global_anchor_pos",
    "motion_global_anchor_ori",
    "motion_body_pos",
    "motion_body_ori",
    "motion_body_lin_vel",
    "motion_body_ang_vel",
    "action_rate_l2",
    "joint_limit",
    "undesired_contacts"
  ],
  "robot_num_bodies": 40,
  "robot_num_joints": 29,
  "status": "ok",
  "step_count": 299,
  "task": "Tracking-Flat-G1-v0",
  "terminated_total": 55,
  "termination_terms": [
    "time_out",
    "anchor_pos",
    "anchor_ori",
    "ee_body_pos"
  ],
  "truncated_total": 2,
  "usd_path": "/mnt/infini-data/test/BeyondMimic/res/tracking/g1_urdf_in_memory_gpu4_probe/g1_official_importer_in_memory_gpu4_export.usda",
  "uses_fk_repaired_motion_npz": true,
  "uses_fk_repaired_robot_order_motion_npz": true,
  "uses_official_importer_export_usd": true,
  "uses_resource_adjusted_usd": false
}