gpu_index,samples,mean_utilization_gpu_percent,peak_memory_used_gib,mean_power_draw_w
4,14,27.285714285714285,4.349609375,120.24785714285716
7,14,0.0,0.38671875,106.895
