gpu_index,samples,mean_utilization_gpu_percent,peak_memory_used_gib,mean_power_draw_w
4,14,27.714285714285715,4.349609375,121.58357142857142
7,14,0.0,0.38671875,106.895
