{
  "action_dim": 29,
  "action_terms": [
    "joint_pos"
  ],
  "command_metrics_final": {
    "error_anchor_ang_vel": 0.7005692720413208,
    "error_anchor_lin_vel": 1.6698967218399048,
    "error_anchor_pos": 0.14137515425682068,
    "error_anchor_rot": 0.14398635923862457,
    "error_body_ang_vel": 6.564713001251221,
    "error_body_lin_vel": 1.7249879837036133,
    "error_body_pos": 0.13484466075897217,
    "error_body_rot": 0.3143742084503174,
    "error_joint_pos": 1.616065502166748,
    "error_joint_vel": 34.564598083496094,
    "sampling_entropy": 0.9960412979125977,
    "sampling_top1_bin": 0.3333333432674408,
    "sampling_top1_prob": 0.20307768881320953
  },
  "command_metrics_timeseries": {
    "error_anchor_ang_vel": {
      "count": 299,
      "max": 5.653124809265137,
      "mean": 1.9979345178524388,
      "min": 0.13092626631259918
    },
    "error_anchor_lin_vel": {
      "count": 299,
      "max": 2.6725988388061523,
      "mean": 1.1297201089884923,
      "min": 0.11077948659658432
    },
    "error_anchor_pos": {
      "count": 299,
      "max": 0.2783389687538147,
      "mean": 0.09819309093933365,
      "min": 0.002844003261998296
    },
    "error_anchor_rot": {
      "count": 299,
      "max": 0.7432888746261597,
      "mean": 0.21226467325486068,
      "min": 0.026667395606637
    },
    "error_body_ang_vel": {
      "count": 299,
      "max": 16.37624740600586,
      "mean": 6.633939862002099,
      "min": 0.21201495826244354
    },
    "error_body_lin_vel": {
      "count": 299,
      "max": 2.612220287322998,
      "mean": 1.1451832190604514,
      "min": 0.1426612138748169
    },
    "error_body_pos": {
      "count": 299,
      "max": 0.8947022557258606,
      "mean": 0.09725201429089027,
      "min": 0.0031033484265208244
    },
    "error_body_rot": {
      "count": 299,
      "max": 1.2653111219406128,
      "mean": 0.36131005011573686,
      "min": 0.123197041451931
    },
    "error_joint_pos": {
      "count": 299,
      "max": 2.889679193496704,
      "mean": 1.40480955727523,
      "min": 0.2565997838973999
    },
    "error_joint_vel": {
      "count": 299,
      "max": 74.21470642089844,
      "mean": 29.721943029193177,
      "min": 0.0
    },
    "sampling_entropy": {
      "count": 299,
      "max": 0.9999999403953552,
      "mean": 0.9988404733680164,
      "min": 0.9960412979125977
    },
    "sampling_top1_bin": {
      "count": 299,
      "max": 0.8333333730697632,
      "mean": 0.46432553884576394,
      "min": 0.0
    },
    "sampling_top1_prob": {
      "count": 299,
      "max": 0.20307768881320953,
      "mean": 0.1811710770512903,
      "min": 0.1666666567325592
    }
  },
  "command_terms": [
    "motion"
  ],
  "critic_observation_dim": 286,
  "device": "cuda:4",
  "done_total": 39,
  "event_modes": [
    "startup",
    "interval"
  ],
  "motion_file": "/mnt/infini-data/test/BeyondMimic/res/tracking/official_csv_to_npz_loop_full_dataset_with_enriched_usd/motions/run2_subject1/run2_subject1_official_loop_enriched_usd_motion.npz",
  "num_envs": 1,
  "observation_shapes": {
    "critic": [
      1,
      286
    ],
    "policy": [
      1,
      160
    ]
  },
  "official_csv_loop_npz_input": true,
  "official_csv_to_npz_unpatched_output": false,
  "paper_level_rollout": false,
  "policy_observation_dim": 160,
  "ppo_training": false,
  "real_robot": false,
  "reward": {
    "count": 299,
    "max": 0.0531562976539135,
    "mean": 0.0250682450494539,
    "min": -0.03444729745388031
  },
  "reward_terms": [
    "motion_global_anchor_pos",
    "motion_global_anchor_ori",
    "motion_body_pos",
    "motion_body_ori",
    "motion_body_lin_vel",
    "motion_body_ang_vel",
    "action_rate_l2",
    "joint_limit",
    "undesired_contacts"
  ],
  "robot_num_bodies": 40,
  "robot_num_joints": 29,
  "status": "ok",
  "step_count": 299,
  "task": "Tracking-Flat-G1-v0",
  "terminated_total": 21,
  "termination_terms": [
    "time_out",
    "anchor_pos",
    "anchor_ori",
    "ee_body_pos"
  ],
  "truncated_total": 18,
  "usd_path": "/mnt/infini-data/test/BeyondMimic/res/tracking/g1_resource_adjusted_enriched_usd/g1_resource_adjusted_29dof_enriched_scaffold.usda",
  "uses_resource_adjusted_usd": true
}