{
  "action_dim": 29,
  "action_terms": [
    "joint_pos"
  ],
  "command_metrics_final": {
    "error_anchor_ang_vel": 0.6892688274383545,
    "error_anchor_lin_vel": 0.4858003556728363,
    "error_anchor_pos": 0.48820340633392334,
    "error_anchor_rot": 0.9449248313903809,
    "error_body_ang_vel": 1.5688612461090088,
    "error_body_lin_vel": 0.5031649470329285,
    "error_body_pos": 0.4301608204841614,
    "error_body_rot": 0.8842535614967346,
    "error_joint_pos": 1.004386067390442,
    "error_joint_vel": 0.0,
    "sampling_entropy": 0.9945952296257019,
    "sampling_top1_bin": 0.0,
    "sampling_top1_prob": 0.19732967019081116
  },
  "command_metrics_timeseries": {
    "error_anchor_ang_vel": {
      "count": 299,
      "max": 1.7456891536712646,
      "mean": 0.7467511403919462,
      "min": 0.0901629775762558
    },
    "error_anchor_lin_vel": {
      "count": 299,
      "max": 0.8420801162719727,
      "mean": 0.42983317382658603,
      "min": 0.057724982500076294
    },
    "error_anchor_pos": {
      "count": 299,
      "max": 0.53431636095047,
      "mean": 0.4971899728113194,
      "min": 0.4605415165424347
    },
    "error_anchor_rot": {
      "count": 299,
      "max": 1.130136489868164,
      "mean": 0.7751610886093765,
      "min": 0.322388619184494
    },
    "error_body_ang_vel": {
      "count": 299,
      "max": 4.767662048339844,
      "mean": 1.2844949315822245,
      "min": 0.1535593867301941
    },
    "error_body_lin_vel": {
      "count": 299,
      "max": 0.9445430636405945,
      "mean": 0.5071060247345512,
      "min": 0.17501722276210785
    },
    "error_body_pos": {
      "count": 299,
      "max": 0.7406384944915771,
      "mean": 0.4731238367764846,
      "min": 0.4106190502643585
    },
    "error_body_rot": {
      "count": 299,
      "max": 1.427079677581787,
      "mean": 1.0420098336643997,
      "min": 0.5812606811523438
    },
    "error_joint_pos": {
      "count": 299,
      "max": 1.1885594129562378,
      "mean": 0.9666993881149036,
      "min": 0.4825596213340759
    },
    "error_joint_vel": {
      "count": 299,
      "max": 0.0,
      "mean": 0.0,
      "min": 0.0
    },
    "sampling_entropy": {
      "count": 299,
      "max": 0.9999999403953552,
      "mean": 0.997148439038956,
      "min": 0.9934461712837219
    },
    "sampling_top1_bin": {
      "count": 299,
      "max": 0.8333333730697632,
      "mean": 0.45986624047110314,
      "min": 0.0
    },
    "sampling_top1_prob": {
      "count": 299,
      "max": 0.21327219903469086,
      "mean": 0.19098044368734327,
      "min": 0.1666666567325592
    }
  },
  "command_terms": [
    "motion"
  ],
  "critic_observation_dim": 286,
  "device": "cuda:4",
  "done_total": 299,
  "event_modes": [
    "startup",
    "interval"
  ],
  "motion_file": "/mnt/infini-data/test/BeyondMimic/res/tracking/official_csv_loop_full_bundle_fk_repaired_split_motion_npz/motions/walk3_subject2/motion.npz",
  "num_envs": 1,
  "observation_shapes": {
    "critic": [
      1,
      286
    ],
    "policy": [
      1,
      160
    ]
  },
  "official_csv_to_npz_unpatched_output": false,
  "paper_level_rollout": false,
  "policy_observation_dim": 160,
  "ppo_training": false,
  "real_robot": false,
  "reward": {
    "count": 299,
    "max": 0.03225129842758179,
    "mean": 0.015358902302175063,
    "min": -0.0293247252702713
  },
  "reward_terms": [
    "motion_global_anchor_pos",
    "motion_global_anchor_ori",
    "motion_body_pos",
    "motion_body_ori",
    "motion_body_lin_vel",
    "motion_body_ang_vel",
    "action_rate_l2",
    "joint_limit",
    "undesired_contacts"
  ],
  "robot_num_bodies": 40,
  "robot_num_joints": 29,
  "status": "ok",
  "step_count": 299,
  "task": "Tracking-Flat-G1-v0",
  "terminated_total": 299,
  "termination_terms": [
    "time_out",
    "anchor_pos",
    "anchor_ori",
    "ee_body_pos"
  ],
  "truncated_total": 0,
  "usd_path": "/mnt/infini-data/test/BeyondMimic/res/tracking/g1_urdf_in_memory_gpu4_probe/g1_official_importer_in_memory_gpu4_export.usda",
  "uses_fk_repaired_motion_npz": true,
  "uses_official_importer_export_usd": true,
  "uses_resource_adjusted_usd": false
}