{
  "action_dim": 29,
  "action_terms": [
    "joint_pos"
  ],
  "command_metrics_final": {
    "error_anchor_ang_vel": 1.6093339920043945,
    "error_anchor_lin_vel": 1.5780490636825562,
    "error_anchor_pos": 0.17793773114681244,
    "error_anchor_rot": 0.26098594069480896,
    "error_body_ang_vel": 3.4820313453674316,
    "error_body_lin_vel": 1.5618661642074585,
    "error_body_pos": 0.11685974895954132,
    "error_body_rot": 0.5698942542076111,
    "error_joint_pos": 2.806816577911377,
    "error_joint_vel": 15.08718490600586,
    "sampling_entropy": 0.9992759823799133,
    "sampling_top1_bin": 0.5,
    "sampling_top1_prob": 0.18257887661457062
  },
  "command_metrics_timeseries": {
    "error_anchor_ang_vel": {
      "count": 299,
      "max": 26.195566177368164,
      "mean": 2.2698411978407447,
      "min": 0.18750154972076416
    },
    "error_anchor_lin_vel": {
      "count": 299,
      "max": 2.4198148250579834,
      "mean": 1.1247766374495116,
      "min": 0.11908838897943497
    },
    "error_anchor_pos": {
      "count": 299,
      "max": 0.2948395609855652,
      "mean": 0.11195100459229687,
      "min": 0.01100135687738657
    },
    "error_anchor_rot": {
      "count": 299,
      "max": 1.3076577186584473,
      "mean": 0.194119063072081,
      "min": 0.03548559546470642
    },
    "error_body_ang_vel": {
      "count": 299,
      "max": 24.5290584564209,
      "mean": 7.042891487429373,
      "min": 0.18178828060626984
    },
    "error_body_lin_vel": {
      "count": 299,
      "max": 2.2622487545013428,
      "mean": 1.1789848798244293,
      "min": 0.11800708621740341
    },
    "error_body_pos": {
      "count": 299,
      "max": 0.7986166477203369,
      "mean": 0.10343990076946898,
      "min": 0.0035039156209677458
    },
    "error_body_rot": {
      "count": 299,
      "max": 1.737607479095459,
      "mean": 0.358663948433455,
      "min": 0.10929010808467865
    },
    "error_joint_pos": {
      "count": 299,
      "max": 3.526710271835327,
      "mean": 1.540907745078256,
      "min": 0.2642688453197479
    },
    "error_joint_vel": {
      "count": 299,
      "max": 93.2827377319336,
      "mean": 31.45497226715088,
      "min": 0.0
    },
    "sampling_entropy": {
      "count": 299,
      "max": 0.9999999403953552,
      "mean": 0.9993491934294685,
      "min": 0.9987862706184387
    },
    "sampling_top1_bin": {
      "count": 299,
      "max": 0.6666666865348816,
      "mean": 0.39520624927852466,
      "min": 0.0
    },
    "sampling_top1_prob": {
      "count": 299,
      "max": 0.186496302485466,
      "mean": 0.18008293455659746,
      "min": 0.1666666567325592
    }
  },
  "command_terms": [
    "motion"
  ],
  "critic_observation_dim": 286,
  "device": "cuda:4",
  "done_total": 35,
  "event_modes": [
    "startup",
    "interval"
  ],
  "motion_file": "/mnt/infini-data/test/BeyondMimic/res/tracking/official_csv_to_npz_loop_full_dataset_with_enriched_usd/motions/fallAndGetUp2_subject3/fallAndGetUp2_subject3_official_loop_enriched_usd_motion.npz",
  "num_envs": 1,
  "observation_shapes": {
    "critic": [
      1,
      286
    ],
    "policy": [
      1,
      160
    ]
  },
  "official_csv_loop_npz_input": true,
  "official_csv_to_npz_unpatched_output": false,
  "paper_level_rollout": false,
  "policy_observation_dim": 160,
  "ppo_training": false,
  "real_robot": false,
  "reward": {
    "count": 299,
    "max": 0.053935158997774124,
    "mean": 0.02486715100730542,
    "min": -0.016558989882469177
  },
  "reward_terms": [
    "motion_global_anchor_pos",
    "motion_global_anchor_ori",
    "motion_body_pos",
    "motion_body_ori",
    "motion_body_lin_vel",
    "motion_body_ang_vel",
    "action_rate_l2",
    "joint_limit",
    "undesired_contacts"
  ],
  "robot_num_bodies": 40,
  "robot_num_joints": 29,
  "status": "ok",
  "step_count": 299,
  "task": "Tracking-Flat-G1-v0",
  "terminated_total": 19,
  "termination_terms": [
    "time_out",
    "anchor_pos",
    "anchor_ori",
    "ee_body_pos"
  ],
  "truncated_total": 16,
  "usd_path": "/mnt/infini-data/test/BeyondMimic/res/tracking/g1_resource_adjusted_enriched_usd/g1_resource_adjusted_29dof_enriched_scaffold.usda",
  "uses_resource_adjusted_usd": true
}