task,seed_count,guided_reward_mean,guided_reward_std,guided_target_body_error_mean,guided_target_body_error_std,guided_done_count_total_mean,guided_done_count_total_std,guidance_cost_delta_mean,guidance_cost_delta_std,guided_teacher_action_mse_mean,guided_teacher_action_mse_std
joystick,3,0.02282794576253505,0.00198180471328864,0.3441527287165324,0.0003483866590861971,299.0,0.0,6.648550929300229e-05,9.59700389227035e-07,4.7792479348260384e-05,2.959674927503711e-06
waypoint,3,0.022316898471585484,0.0012952483440286783,0.3435421983400981,0.00111084746745979,299.0,0.0,7.616245959248963e-06,4.9745312758778937e-08,4.6328157522179654e-05,1.2098692446437053e-06
obstacle_avoidance,3,0.023011198332232145,0.0007981989701291865,0.34359900156656903,0.0006568603784774891,299.0,0.0,3.189473530254768e-07,2.1428756893011746e-08,4.858692973418229e-05,1.3859173564787898e-06
composed,3,0.02340046236257265,0.0008881190979264163,0.34444214900334674,9.037296107352587e-05,299.0,0.0,6.319595752086661e-05,5.315995200585686e-07,5.0024294394333565e-05,6.793301686611168e-06
