{
  "aggregate": [
    {
      "guidance_cost_delta_mean": 6.663306525917755e-05,
      "guidance_cost_delta_std": 1.3760021002313997e-06,
      "guided_done_count_total_mean": 299.0,
      "guided_done_count_total_std": 0.0,
      "guided_reward_mean": 0.022807253612653917,
      "guided_reward_std": 0.0015358951681498903,
      "guided_target_body_error_mean": 0.34388601779937744,
      "guided_target_body_error_std": 0.00099088331372648,
      "guided_teacher_action_mse_mean": 4.961693120425979e-05,
      "guided_teacher_action_mse_std": 3.411933325089049e-06,
      "seed_count": 5,
      "task": "joystick"
    },
    {
      "guidance_cost_delta_mean": 7.592937768901072e-06,
      "guidance_cost_delta_std": 4.9477521509945e-08,
      "guided_done_count_total_mean": 299.0,
      "guided_done_count_total_std": 0.0,
      "guided_reward_mean": 0.022766795185983284,
      "guided_reward_std": 0.0011960213259662716,
      "guided_target_body_error_mean": 0.3439153075218201,
      "guided_target_body_error_std": 0.000974308746325587,
      "guided_teacher_action_mse_mean": 4.734983296541859e-05,
      "guided_teacher_action_mse_std": 1.568762014116097e-06,
      "seed_count": 5,
      "task": "waypoint"
    },
    {
      "guidance_cost_delta_mean": 3.1522746169846194e-07,
      "guidance_cost_delta_std": 1.7707775582696378e-08,
      "guided_done_count_total_mean": 299.0,
      "guided_done_count_total_std": 0.0,
      "guided_reward_mean": 0.022796624001850653,
      "guided_reward_std": 0.0006765163960239049,
      "guided_target_body_error_mean": 0.34403362274169924,
      "guided_target_body_error_std": 0.0012933861462231392,
      "guided_teacher_action_mse_mean": 4.9104962733225845e-05,
      "guided_teacher_action_mse_std": 1.940833617620853e-06,
      "seed_count": 5,
      "task": "obstacle_avoidance"
    },
    {
      "guidance_cost_delta_mean": 6.324915732428381e-05,
      "guidance_cost_delta_std": 5.825539111071657e-07,
      "guided_done_count_total_mean": 299.0,
      "guided_done_count_total_std": 0.0,
      "guided_reward_mean": 0.023558438572577854,
      "guided_reward_std": 0.0007146416648521052,
      "guided_target_body_error_mean": 0.3442098379135132,
      "guided_target_body_error_std": 0.0006650723987186208,
      "guided_teacher_action_mse_mean": 4.959852153828203e-05,
      "guided_teacher_action_mse_std": 5.356898530474439e-06,
      "seed_count": 5,
      "task": "composed"
    }
  ],
  "assets": {
    "aggregate_csv": "/mnt/infini-data/test/BeyondMimic/res/report_assets/official_importer_export_full_bundle_task_conditioned_guidance_multiseed/importer_export_task_conditioned_guidance_multiseed_aggregate.csv",
    "bars_png": "/mnt/infini-data/test/BeyondMimic/res/report_assets/official_importer_export_full_bundle_task_conditioned_guidance_multiseed/importer_export_task_conditioned_guidance_multiseed_bars.png",
    "readme": "/mnt/infini-data/test/BeyondMimic/res/report_assets/official_importer_export_full_bundle_task_conditioned_guidance_multiseed/README.md",
    "seed_scatter_png": "/mnt/infini-data/test/BeyondMimic/res/report_assets/official_importer_export_full_bundle_task_conditioned_guidance_multiseed/importer_export_task_conditioned_guidance_multiseed_seed_scatter.png"
  },
  "checks": {
    "all_rows_ok": true,
    "does_not_claim_fig5_fig6": true,
    "does_not_claim_goal_complete": true,
    "does_not_claim_real_robot": true,
    "four_tasks_per_seed_group": true,
    "full_bundle_motion_count_40": true,
    "seed_group_count_at_least_3": true,
    "seed_group_count_at_least_5": true,
    "summary_status_ok": true,
    "uses_full_public_motion_bundle": true,
    "uses_official_importer_export_usd": true
  },
  "interpretation": {
    "claim_level": "local_virtual_official_importer_export_task_conditioned_latent_guidance_multiseed_assets",
    "goal_complete": false,
    "why_not_paper_level": "The source rollouts use local official-importer-export PPO/VAE/denoiser checkpoints and proxy task costs. They are useful report/PPT evidence but not official BeyondMimic Fig. 5/Fig. 6 metrics, TensorRT deployment, or real-robot validation."
  },
  "row_count": 20,
  "seed_group_count": 5,
  "source_summary": "/mnt/infini-data/test/BeyondMimic/res/level_c/official_importer_export_full_bundle_task_conditioned_latent_guidance_multiseed_eval/official_importer_export_full_bundle_task_conditioned_latent_guidance_multiseed_eval.json",
  "status": "ok_official_importer_export_full_bundle_task_conditioned_guidance_multiseed_assets",
  "task_count": 4,
  "timestamp_utc": "2026-06-20T18:08:24.608157+00:00"
}
