{
  "aggregate": [
    {
      "guidance_cost_delta_mean": 6.648550929300229e-05,
      "guidance_cost_delta_std": 9.59700389227035e-07,
      "guided_done_count_total_mean": 299.0,
      "guided_done_count_total_std": 0.0,
      "guided_reward_mean": 0.02282794576253505,
      "guided_reward_std": 0.00198180471328864,
      "guided_target_body_error_mean": 0.3441527287165324,
      "guided_target_body_error_std": 0.0003483866590861971,
      "guided_teacher_action_mse_mean": 4.7792479348260384e-05,
      "guided_teacher_action_mse_std": 2.959674927503711e-06,
      "seed_count": 3,
      "task": "joystick"
    },
    {
      "guidance_cost_delta_mean": 7.616245959248963e-06,
      "guidance_cost_delta_std": 4.9745312758778937e-08,
      "guided_done_count_total_mean": 299.0,
      "guided_done_count_total_std": 0.0,
      "guided_reward_mean": 0.022316898471585484,
      "guided_reward_std": 0.0012952483440286783,
      "guided_target_body_error_mean": 0.3435421983400981,
      "guided_target_body_error_std": 0.00111084746745979,
      "guided_teacher_action_mse_mean": 4.6328157522179654e-05,
      "guided_teacher_action_mse_std": 1.2098692446437053e-06,
      "seed_count": 3,
      "task": "waypoint"
    },
    {
      "guidance_cost_delta_mean": 3.189473530254768e-07,
      "guidance_cost_delta_std": 2.1428756893011746e-08,
      "guided_done_count_total_mean": 299.0,
      "guided_done_count_total_std": 0.0,
      "guided_reward_mean": 0.023011198332232145,
      "guided_reward_std": 0.0007981989701291865,
      "guided_target_body_error_mean": 0.34359900156656903,
      "guided_target_body_error_std": 0.0006568603784774891,
      "guided_teacher_action_mse_mean": 4.858692973418229e-05,
      "guided_teacher_action_mse_std": 1.3859173564787898e-06,
      "seed_count": 3,
      "task": "obstacle_avoidance"
    },
    {
      "guidance_cost_delta_mean": 6.319595752086661e-05,
      "guidance_cost_delta_std": 5.315995200585686e-07,
      "guided_done_count_total_mean": 299.0,
      "guided_done_count_total_std": 0.0,
      "guided_reward_mean": 0.02340046236257265,
      "guided_reward_std": 0.0008881190979264163,
      "guided_target_body_error_mean": 0.34444214900334674,
      "guided_target_body_error_std": 9.037296107352587e-05,
      "guided_teacher_action_mse_mean": 5.0024294394333565e-05,
      "guided_teacher_action_mse_std": 6.793301686611168e-06,
      "seed_count": 3,
      "task": "composed"
    }
  ],
  "assets": {
    "aggregate_csv": "/mnt/infini-data/test/BeyondMimic/res/report_assets/official_importer_export_full_bundle_task_conditioned_guidance_multiseed/importer_export_task_conditioned_guidance_multiseed_aggregate.csv",
    "bars_png": "/mnt/infini-data/test/BeyondMimic/res/report_assets/official_importer_export_full_bundle_task_conditioned_guidance_multiseed/importer_export_task_conditioned_guidance_multiseed_bars.png",
    "readme": "/mnt/infini-data/test/BeyondMimic/res/report_assets/official_importer_export_full_bundle_task_conditioned_guidance_multiseed/README.md",
    "seed_scatter_png": "/mnt/infini-data/test/BeyondMimic/res/report_assets/official_importer_export_full_bundle_task_conditioned_guidance_multiseed/importer_export_task_conditioned_guidance_multiseed_seed_scatter.png"
  },
  "checks": {
    "all_rows_ok": true,
    "does_not_claim_fig5_fig6": true,
    "does_not_claim_goal_complete": true,
    "does_not_claim_real_robot": true,
    "four_tasks_per_seed_group": true,
    "full_bundle_motion_count_40": true,
    "seed_group_count_at_least_3": true,
    "summary_status_ok": true,
    "uses_full_public_motion_bundle": true,
    "uses_official_importer_export_usd": true
  },
  "interpretation": {
    "claim_level": "local_virtual_official_importer_export_task_conditioned_latent_guidance_multiseed_assets",
    "goal_complete": false,
    "why_not_paper_level": "The source rollouts use local official-importer-export PPO/VAE/denoiser checkpoints and proxy task costs. They are useful report/PPT evidence but not official BeyondMimic Fig. 5/Fig. 6 metrics, TensorRT deployment, or real-robot validation."
  },
  "row_count": 12,
  "seed_group_count": 3,
  "source_summary": "/mnt/infini-data/test/BeyondMimic/res/level_c/official_importer_export_full_bundle_task_conditioned_latent_guidance_multiseed_eval/official_importer_export_full_bundle_task_conditioned_latent_guidance_multiseed_eval.json",
  "status": "ok_official_importer_export_full_bundle_task_conditioned_guidance_multiseed_assets",
  "task_count": 4,
  "timestamp_utc": "2026-06-20T14:53:38.128427+00:00"
}
