{
  "duration_seconds": 40.048,
  "log": "/mnt/infini-data/test/BeyondMimic/logs/tracking_g1_official_importer_export_fk_repaired_robot_order_split_task_eval/fight1_subject2_task_eval.log",
  "markers": {
    "after_app": true,
    "before_app": true,
    "env_created": true,
    "env_reset": true,
    "exception": false,
    "metrics_file": true,
    "stall_timeout": false,
    "step_bound_reached": true,
    "success": true,
    "traceback": false,
    "vulkan_device_lost": false
  },
  "metrics": {
    "action_dim": 29,
    "action_terms": [
      "joint_pos"
    ],
    "command_metrics_final": {
      "error_anchor_ang_vel": 2.5900182723999023,
      "error_anchor_lin_vel": 0.5610620975494385,
      "error_anchor_pos": 0.07141977548599243,
      "error_anchor_rot": 0.4444708526134491,
      "error_body_ang_vel": 4.699504375457764,
      "error_body_lin_vel": 0.5672271251678467,
      "error_body_pos": 0.17676372826099396,
      "error_body_rot": 1.225949764251709,
      "error_joint_pos": 1.172426462173462,
      "error_joint_vel": 38.1821403503418,
      "sampling_entropy": 0.9945802688598633,
      "sampling_top1_bin": 0.0,
      "sampling_top1_prob": 0.20142307877540588
    },
    "command_metrics_timeseries": {
      "error_anchor_ang_vel": {
        "count": 299,
        "max": 5.957803249359131,
        "mean": 2.219849509439341,
        "min": 0.20317688584327698
      },
      "error_anchor_lin_vel": {
        "count": 299,
        "max": 2.1184463500976562,
        "mean": 0.7837470447688198,
        "min": 0.11286211758852005
      },
      "error_anchor_pos": {
        "count": 299,
        "max": 0.22047337889671326,
        "mean": 0.06449205654184256,
        "min": 0.012569119222462177
      },
      "error_anchor_rot": {
        "count": 299,
        "max": 1.0159246921539307,
        "mean": 0.488953344997355,
        "min": 0.1591499149799347
      },
      "error_body_ang_vel": {
        "count": 299,
        "max": 7.602154731750488,
        "mean": 3.616124913943651,
        "min": 0.3402157425880432
      },
      "error_body_lin_vel": {
        "count": 299,
        "max": 1.8786861896514893,
        "mean": 0.8703371603353366,
        "min": 0.2506120502948761
      },
      "error_body_pos": {
        "count": 299,
        "max": 1.2844778299331665,
        "mean": 0.2214198089812113,
        "min": 0.10527405142784119
      },
      "error_body_rot": {
        "count": 299,
        "max": 2.8873417377471924,
        "mean": 1.1441956361799335,
        "min": 0.5640433430671692
      },
      "error_joint_pos": {
        "count": 299,
        "max": 3.3397433757781982,
        "mean": 1.2410444161764356,
        "min": 0.4177105128765106
      },
      "error_joint_vel": {
        "count": 299,
        "max": 63.3106689453125,
        "mean": 14.991848364322879,
        "min": 0.0
      },
      "sampling_entropy": {
        "count": 299,
        "max": 0.9999999403953552,
        "mean": 0.9965976309218135,
        "min": 0.9916224479675293
      },
      "sampling_top1_bin": {
        "count": 299,
        "max": 0.8333333730697632,
        "mean": 0.30211818387675843,
        "min": 0.0
      },
      "sampling_top1_prob": {
        "count": 299,
        "max": 0.21039313077926636,
        "mean": 0.18915399505342528,
        "min": 0.1666666567325592
      }
    },
    "command_terms": [
      "motion"
    ],
    "critic_observation_dim": 286,
    "device": "cuda:4",
    "done_total": 59,
    "event_modes": [
      "startup",
      "interval"
    ],
    "motion_file": "/mnt/infini-data/test/BeyondMimic/res/tracking/official_csv_loop_full_bundle_fk_repaired_robot_order_motion_npz/motions/fight1_subject2/motion.npz",
    "num_envs": 1,
    "observation_shapes": {
      "critic": [
        1,
        286
      ],
      "policy": [
        1,
        160
      ]
    },
    "official_csv_to_npz_unpatched_output": false,
    "paper_level_rollout": false,
    "policy_observation_dim": 160,
    "ppo_training": false,
    "real_robot": false,
    "reward": {
      "count": 299,
      "max": 0.05293317511677742,
      "mean": 0.020940256220939566,
      "min": -0.03729787841439247
    },
    "reward_terms": [
      "motion_global_anchor_pos",
      "motion_global_anchor_ori",
      "motion_body_pos",
      "motion_body_ori",
      "motion_body_lin_vel",
      "motion_body_ang_vel",
      "action_rate_l2",
      "joint_limit",
      "undesired_contacts"
    ],
    "robot_num_bodies": 40,
    "robot_num_joints": 29,
    "status": "ok",
    "step_count": 299,
    "task": "Tracking-Flat-G1-v0",
    "terminated_total": 55,
    "termination_terms": [
      "time_out",
      "anchor_pos",
      "anchor_ori",
      "ee_body_pos"
    ],
    "truncated_total": 4,
    "usd_path": "/mnt/infini-data/test/BeyondMimic/res/tracking/g1_urdf_in_memory_gpu4_probe/g1_official_importer_in_memory_gpu4_export.usda",
    "uses_fk_repaired_motion_npz": true,
    "uses_fk_repaired_robot_order_motion_npz": true,
    "uses_official_importer_export_usd": true,
    "uses_resource_adjusted_usd": false
  },
  "metrics_json": "/mnt/infini-data/test/BeyondMimic/res/tracking/g1_official_importer_export_fk_repaired_robot_order_split_task_eval/motions/fight1_subject2/fight1_subject2_task_eval_metrics.json",
  "motion": "fight1_subject2",
  "returncode": 0,
  "stalled": false,
  "status": "ok"
}