{
  "action_dim": 29,
  "action_terms": [
    "joint_pos"
  ],
  "command_metrics_final": {
    "error_anchor_ang_vel": 3.438585042953491,
    "error_anchor_lin_vel": 1.5577914714813232,
    "error_anchor_pos": 0.19261498749256134,
    "error_anchor_rot": 0.3152332007884979,
    "error_body_ang_vel": 5.748266220092773,
    "error_body_lin_vel": 1.6978169679641724,
    "error_body_pos": 0.1622209995985031,
    "error_body_rot": 0.9021016359329224,
    "error_joint_pos": 2.1230309009552,
    "error_joint_vel": 15.839695930480957,
    "sampling_entropy": 0.9919725656509399,
    "sampling_top1_bin": 0.1666666716337204,
    "sampling_top1_prob": 0.2250114232301712
  },
  "command_metrics_timeseries": {
    "error_anchor_ang_vel": {
      "count": 299,
      "max": 6.705667495727539,
      "mean": 1.7995529540605768,
      "min": 0.11459618806838989
    },
    "error_anchor_lin_vel": {
      "count": 299,
      "max": 1.9429969787597656,
      "mean": 0.7362600000307313,
      "min": 0.119033083319664
    },
    "error_anchor_pos": {
      "count": 299,
      "max": 0.2562064826488495,
      "mean": 0.06998689966369732,
      "min": 0.004659672267735004
    },
    "error_anchor_rot": {
      "count": 299,
      "max": 1.0870771408081055,
      "mean": 0.5988734321650055,
      "min": 0.26558059453964233
    },
    "error_body_ang_vel": {
      "count": 299,
      "max": 10.623666763305664,
      "mean": 3.670195450103004,
      "min": 0.17514747381210327
    },
    "error_body_lin_vel": {
      "count": 299,
      "max": 1.6978169679641724,
      "mean": 0.8025649681338498,
      "min": 0.2135957032442093
    },
    "error_body_pos": {
      "count": 299,
      "max": 1.4222943782806396,
      "mean": 0.19512603364660588,
      "min": 0.0983348935842514
    },
    "error_body_rot": {
      "count": 299,
      "max": 1.9238905906677246,
      "mean": 1.127552981560047,
      "min": 0.7781806588172913
    },
    "error_joint_pos": {
      "count": 299,
      "max": 3.598068952560425,
      "mean": 1.4264308578991969,
      "min": 0.5574229955673218
    },
    "error_joint_vel": {
      "count": 299,
      "max": 56.35457992553711,
      "mean": 16.39573834731826,
      "min": 0.0
    },
    "sampling_entropy": {
      "count": 299,
      "max": 0.9999999403953552,
      "mean": 0.9976466136632556,
      "min": 0.9919610023498535
    },
    "sampling_top1_bin": {
      "count": 299,
      "max": 0.8333333730697632,
      "mean": 0.22965440996315167,
      "min": 0.0
    },
    "sampling_top1_prob": {
      "count": 299,
      "max": 0.22505389153957367,
      "mean": 0.1901979012832195,
      "min": 0.1666666567325592
    }
  },
  "command_terms": [
    "motion"
  ],
  "critic_observation_dim": 286,
  "device": "cuda:4",
  "done_total": 54,
  "event_modes": [
    "startup",
    "interval"
  ],
  "motion_file": "/mnt/infini-data/test/BeyondMimic/res/tracking/official_csv_loop_full_bundle_fk_repaired_robot_order_motion_npz/motions/fallAndGetUp3_subject1/motion.npz",
  "num_envs": 1,
  "observation_shapes": {
    "critic": [
      1,
      286
    ],
    "policy": [
      1,
      160
    ]
  },
  "official_csv_to_npz_unpatched_output": false,
  "paper_level_rollout": false,
  "policy_observation_dim": 160,
  "ppo_training": false,
  "real_robot": false,
  "reward": {
    "count": 299,
    "max": 0.05189109593629837,
    "mean": 0.021859561116512504,
    "min": -0.04968070611357689
  },
  "reward_terms": [
    "motion_global_anchor_pos",
    "motion_global_anchor_ori",
    "motion_body_pos",
    "motion_body_ori",
    "motion_body_lin_vel",
    "motion_body_ang_vel",
    "action_rate_l2",
    "joint_limit",
    "undesired_contacts"
  ],
  "robot_num_bodies": 40,
  "robot_num_joints": 29,
  "status": "ok",
  "step_count": 299,
  "task": "Tracking-Flat-G1-v0",
  "terminated_total": 44,
  "termination_terms": [
    "time_out",
    "anchor_pos",
    "anchor_ori",
    "ee_body_pos"
  ],
  "truncated_total": 10,
  "usd_path": "/mnt/infini-data/test/BeyondMimic/res/tracking/g1_urdf_in_memory_gpu4_probe/g1_official_importer_in_memory_gpu4_export.usda",
  "uses_fk_repaired_motion_npz": true,
  "uses_fk_repaired_robot_order_motion_npz": true,
  "uses_official_importer_export_usd": true,
  "uses_resource_adjusted_usd": false
}