{
  "action_dim": 29,
  "action_terms": [
    "joint_pos"
  ],
  "command_metrics_final": {
    "error_anchor_ang_vel": 2.797818899154663,
    "error_anchor_lin_vel": 1.1817861795425415,
    "error_anchor_pos": 0.10197455435991287,
    "error_anchor_rot": 0.6345572471618652,
    "error_body_ang_vel": 3.1467621326446533,
    "error_body_lin_vel": 1.0270271301269531,
    "error_body_pos": 0.16353359818458557,
    "error_body_rot": 0.8711373209953308,
    "error_joint_pos": 0.9955969452857971,
    "error_joint_vel": 13.800881385803223,
    "sampling_entropy": 0.9966078996658325,
    "sampling_top1_bin": 0.3333333432674408,
    "sampling_top1_prob": 0.20498761534690857
  },
  "command_metrics_timeseries": {
    "error_anchor_ang_vel": {
      "count": 299,
      "max": 7.428544521331787,
      "mean": 2.0859707383607144,
      "min": 0.21403880417346954
    },
    "error_anchor_lin_vel": {
      "count": 299,
      "max": 2.2476463317871094,
      "mean": 0.98478872234307,
      "min": 0.12272483855485916
    },
    "error_anchor_pos": {
      "count": 299,
      "max": 0.28811392188072205,
      "mean": 0.08835370848765192,
      "min": 0.004674797877669334
    },
    "error_anchor_rot": {
      "count": 299,
      "max": 1.1338821649551392,
      "mean": 0.6705406602708791,
      "min": 0.24073579907417297
    },
    "error_body_ang_vel": {
      "count": 299,
      "max": 7.740668296813965,
      "mean": 3.599669475469701,
      "min": 0.23557694256305695
    },
    "error_body_lin_vel": {
      "count": 299,
      "max": 1.9835519790649414,
      "mean": 0.9585175851117009,
      "min": 0.2068459540605545
    },
    "error_body_pos": {
      "count": 299,
      "max": 0.7710651159286499,
      "mean": 0.19687425218098936,
      "min": 0.0961746871471405
    },
    "error_body_rot": {
      "count": 299,
      "max": 1.7108018398284912,
      "mean": 1.1200225883503023,
      "min": 0.5928871631622314
    },
    "error_joint_pos": {
      "count": 299,
      "max": 4.224283218383789,
      "mean": 1.577927436716979,
      "min": 0.4957605004310608
    },
    "error_joint_vel": {
      "count": 299,
      "max": 53.916805267333984,
      "mean": 17.317997938813175,
      "min": 0.0
    },
    "sampling_entropy": {
      "count": 299,
      "max": 0.9999999403953552,
      "mean": 0.9976508174851587,
      "min": 0.9960069060325623
    },
    "sampling_top1_bin": {
      "count": 299,
      "max": 0.6666666865348816,
      "mean": 0.3366778249724653,
      "min": 0.0
    },
    "sampling_top1_prob": {
      "count": 299,
      "max": 0.2079361230134964,
      "mean": 0.1948723868283141,
      "min": 0.1666666567325592
    }
  },
  "command_terms": [
    "motion"
  ],
  "critic_observation_dim": 286,
  "device": "cuda:4",
  "done_total": 39,
  "event_modes": [
    "startup",
    "interval"
  ],
  "motion_file": "/mnt/infini-data/test/BeyondMimic/res/tracking/official_csv_loop_full_bundle_fk_repaired_robot_order_motion_npz/motions/run1_subject2/motion.npz",
  "num_envs": 1,
  "observation_shapes": {
    "critic": [
      1,
      286
    ],
    "policy": [
      1,
      160
    ]
  },
  "official_csv_to_npz_unpatched_output": false,
  "paper_level_rollout": false,
  "policy_observation_dim": 160,
  "ppo_training": false,
  "real_robot": false,
  "reward": {
    "count": 299,
    "max": 0.05769447237253189,
    "mean": 0.002705514398294448,
    "min": -0.1133037805557251
  },
  "reward_terms": [
    "motion_global_anchor_pos",
    "motion_global_anchor_ori",
    "motion_body_pos",
    "motion_body_ori",
    "motion_body_lin_vel",
    "motion_body_ang_vel",
    "action_rate_l2",
    "joint_limit",
    "undesired_contacts"
  ],
  "robot_num_bodies": 40,
  "robot_num_joints": 29,
  "status": "ok",
  "step_count": 299,
  "task": "Tracking-Flat-G1-v0",
  "terminated_total": 27,
  "termination_terms": [
    "time_out",
    "anchor_pos",
    "anchor_ori",
    "ee_body_pos"
  ],
  "truncated_total": 12,
  "usd_path": "/mnt/infini-data/test/BeyondMimic/res/tracking/g1_urdf_in_memory_gpu4_probe/g1_official_importer_in_memory_gpu4_export.usda",
  "uses_fk_repaired_motion_npz": true,
  "uses_fk_repaired_robot_order_motion_npz": true,
  "uses_official_importer_export_usd": true,
  "uses_resource_adjusted_usd": false
}