{
  "duration_seconds": 100.105,
  "log": "/mnt/infini-data/test/BeyondMimic/logs/tracking_g1_official_csv_loop_full_dataset_task_eval/fallAndGetUp1_subject1_task_eval.log",
  "markers": {
    "after_app": true,
    "before_app": true,
    "env_created": true,
    "env_reset": true,
    "exception": false,
    "metrics_file": true,
    "stall_timeout": false,
    "step_bound_reached": true,
    "success": true,
    "traceback": false,
    "vulkan_device_lost": false
  },
  "metrics": {
    "action_dim": 29,
    "action_terms": [
      "joint_pos"
    ],
    "command_metrics_final": {
      "error_anchor_ang_vel": 1.2653077840805054,
      "error_anchor_lin_vel": 1.8131389617919922,
      "error_anchor_pos": 0.16436922550201416,
      "error_anchor_rot": 0.2072395384311676,
      "error_body_ang_vel": 5.7645487785339355,
      "error_body_lin_vel": 1.7895400524139404,
      "error_body_pos": 0.16429084539413452,
      "error_body_rot": 0.27032411098480225,
      "error_joint_pos": 0.9700092077255249,
      "error_joint_vel": 25.802101135253906,
      "sampling_entropy": 0.998881995677948,
      "sampling_top1_bin": 0.5,
      "sampling_top1_prob": 0.17910237610340118
    },
    "command_metrics_timeseries": {
      "error_anchor_ang_vel": {
        "count": 299,
        "max": 14.701089859008789,
        "mean": 2.2764474862195976,
        "min": 0.16453701257705688
      },
      "error_anchor_lin_vel": {
        "count": 299,
        "max": 2.534646987915039,
        "mean": 1.1680198610078132,
        "min": 0.04732973128557205
      },
      "error_anchor_pos": {
        "count": 299,
        "max": 0.3102751076221466,
        "mean": 0.10927666535906269,
        "min": 0.004990603309124708
      },
      "error_anchor_rot": {
        "count": 299,
        "max": 0.6986246705055237,
        "mean": 0.21683824813635055,
        "min": 0.05153503268957138
      },
      "error_body_ang_vel": {
        "count": 299,
        "max": 16.454723358154297,
        "mean": 7.062571889082325,
        "min": 0.17096582055091858
      },
      "error_body_lin_vel": {
        "count": 299,
        "max": 2.3548521995544434,
        "mean": 1.199704271046613,
        "min": 0.13112878799438477
      },
      "error_body_pos": {
        "count": 299,
        "max": 1.2279952764511108,
        "mean": 0.10531895094392292,
        "min": 0.006493554916232824
      },
      "error_body_rot": {
        "count": 299,
        "max": 1.5753400325775146,
        "mean": 0.41080971141922035,
        "min": 0.14000296592712402
      },
      "error_joint_pos": {
        "count": 299,
        "max": 3.468571662902832,
        "mean": 1.6639841771046056,
        "min": 0.269082635641098
      },
      "error_joint_vel": {
        "count": 299,
        "max": 70.72805786132812,
        "mean": 31.85072304014378,
        "min": 0.0
      },
      "sampling_entropy": {
        "count": 299,
        "max": 0.9999999403953552,
        "mean": 0.9995245746146875,
        "min": 0.998881995677948
      },
      "sampling_top1_bin": {
        "count": 299,
        "max": 0.8333333730697632,
        "mean": 0.6086956745505732,
        "min": 0.0
      },
      "sampling_top1_prob": {
        "count": 299,
        "max": 0.1843695342540741,
        "mean": 0.17609769140796916,
        "min": 0.1666666567325592
      }
    },
    "command_terms": [
      "motion"
    ],
    "critic_observation_dim": 286,
    "device": "cuda:4",
    "done_total": 39,
    "event_modes": [
      "startup",
      "interval"
    ],
    "motion_file": "/mnt/infini-data/test/BeyondMimic/res/tracking/official_csv_to_npz_loop_full_dataset_with_enriched_usd/motions/fallAndGetUp1_subject1/fallAndGetUp1_subject1_official_loop_enriched_usd_motion.npz",
    "num_envs": 1,
    "observation_shapes": {
      "critic": [
        1,
        286
      ],
      "policy": [
        1,
        160
      ]
    },
    "official_csv_loop_npz_input": true,
    "official_csv_to_npz_unpatched_output": false,
    "paper_level_rollout": false,
    "policy_observation_dim": 160,
    "ppo_training": false,
    "real_robot": false,
    "reward": {
      "count": 299,
      "max": 0.05296075716614723,
      "mean": 0.021270915112118656,
      "min": -0.04405346140265465
    },
    "reward_terms": [
      "motion_global_anchor_pos",
      "motion_global_anchor_ori",
      "motion_body_pos",
      "motion_body_ori",
      "motion_body_lin_vel",
      "motion_body_ang_vel",
      "action_rate_l2",
      "joint_limit",
      "undesired_contacts"
    ],
    "robot_num_bodies": 40,
    "robot_num_joints": 29,
    "status": "ok",
    "step_count": 299,
    "task": "Tracking-Flat-G1-v0",
    "terminated_total": 22,
    "termination_terms": [
      "time_out",
      "anchor_pos",
      "anchor_ori",
      "ee_body_pos"
    ],
    "truncated_total": 17,
    "usd_path": "/mnt/infini-data/test/BeyondMimic/res/tracking/g1_resource_adjusted_enriched_usd/g1_resource_adjusted_29dof_enriched_scaffold.usda",
    "uses_resource_adjusted_usd": true
  },
  "metrics_json": "/mnt/infini-data/test/BeyondMimic/res/tracking/g1_official_csv_loop_full_dataset_task_eval/motions/fallAndGetUp1_subject1/fallAndGetUp1_subject1_task_eval_metrics.json",
  "motion": "fallAndGetUp1_subject1",
  "returncode": 0,
  "stalled": false,
  "status": "ok"
}