{
  "duration_seconds": 40.036,
  "log": "/mnt/infini-data/test/BeyondMimic/logs/tracking_g1_official_importer_export_fk_repaired_split_task_eval/run1_subject5_task_eval.log",
  "markers": {
    "after_app": true,
    "before_app": true,
    "env_created": true,
    "env_reset": true,
    "exception": false,
    "metrics_file": true,
    "stall_timeout": false,
    "step_bound_reached": true,
    "success": true,
    "traceback": false,
    "vulkan_device_lost": false
  },
  "metrics": {
    "action_dim": 29,
    "action_terms": [
      "joint_pos"
    ],
    "command_metrics_final": {
      "error_anchor_ang_vel": 0.9294003844261169,
      "error_anchor_lin_vel": 0.2645706534385681,
      "error_anchor_pos": 0.4888634979724884,
      "error_anchor_rot": 0.07991967350244522,
      "error_body_ang_vel": 0.9529086947441101,
      "error_body_lin_vel": 0.5025790929794312,
      "error_body_pos": 0.5098153352737427,
      "error_body_rot": 0.9446389675140381,
      "error_joint_pos": 1.1449476480484009,
      "error_joint_vel": 0.0,
      "sampling_entropy": 0.9929274916648865,
      "sampling_top1_bin": 0.6666666865348816,
      "sampling_top1_prob": 0.20068523287773132
    },
    "command_metrics_timeseries": {
      "error_anchor_ang_vel": {
        "count": 299,
        "max": 12.297159194946289,
        "mean": 2.275427439215789,
        "min": 0.1066683754324913
      },
      "error_anchor_lin_vel": {
        "count": 299,
        "max": 1.6454854011535645,
        "mean": 0.6013683449090723,
        "min": 0.03545926883816719
      },
      "error_anchor_pos": {
        "count": 299,
        "max": 0.5291760563850403,
        "mean": 0.5003472431048901,
        "min": 0.4675697386264801
      },
      "error_anchor_rot": {
        "count": 299,
        "max": 1.4281519651412964,
        "mean": 0.5106692689417995,
        "min": 0.05133853107690811
      },
      "error_body_ang_vel": {
        "count": 299,
        "max": 6.087680339813232,
        "mean": 2.0242171382226273,
        "min": 0.20831458270549774
      },
      "error_body_lin_vel": {
        "count": 299,
        "max": 1.5786141157150269,
        "mean": 0.704004451433153,
        "min": 0.19366785883903503
      },
      "error_body_pos": {
        "count": 299,
        "max": 1.2997597455978394,
        "mean": 0.7182321974066986,
        "min": 0.42550820112228394
      },
      "error_body_rot": {
        "count": 299,
        "max": 2.965348482131958,
        "mean": 1.375357908349372,
        "min": 0.6628481149673462
      },
      "error_joint_pos": {
        "count": 299,
        "max": 1.3394078016281128,
        "mean": 0.9569591251902756,
        "min": 0.4908881187438965
      },
      "error_joint_vel": {
        "count": 299,
        "max": 0.0,
        "mean": 0.0,
        "min": 0.0
      },
      "sampling_entropy": {
        "count": 299,
        "max": 0.9999999403953552,
        "mean": 0.9940280310286327,
        "min": 0.9898545145988464
      },
      "sampling_top1_bin": {
        "count": 299,
        "max": 0.6666666865348816,
        "mean": 0.5908584341057965,
        "min": 0.0
      },
      "sampling_top1_prob": {
        "count": 299,
        "max": 0.2219730019569397,
        "mean": 0.1970673057945277,
        "min": 0.1666666567325592
      }
    },
    "command_terms": [
      "motion"
    ],
    "critic_observation_dim": 286,
    "device": "cuda:4",
    "done_total": 299,
    "event_modes": [
      "startup",
      "interval"
    ],
    "motion_file": "/mnt/infini-data/test/BeyondMimic/res/tracking/official_csv_loop_full_bundle_fk_repaired_split_motion_npz/motions/run1_subject5/motion.npz",
    "num_envs": 1,
    "observation_shapes": {
      "critic": [
        1,
        286
      ],
      "policy": [
        1,
        160
      ]
    },
    "official_csv_to_npz_unpatched_output": false,
    "paper_level_rollout": false,
    "policy_observation_dim": 160,
    "ppo_training": false,
    "real_robot": false,
    "reward": {
      "count": 299,
      "max": 0.027903150767087936,
      "mean": 0.005123141464655814,
      "min": -0.01838056556880474
    },
    "reward_terms": [
      "motion_global_anchor_pos",
      "motion_global_anchor_ori",
      "motion_body_pos",
      "motion_body_ori",
      "motion_body_lin_vel",
      "motion_body_ang_vel",
      "action_rate_l2",
      "joint_limit",
      "undesired_contacts"
    ],
    "robot_num_bodies": 40,
    "robot_num_joints": 29,
    "status": "ok",
    "step_count": 299,
    "task": "Tracking-Flat-G1-v0",
    "terminated_total": 299,
    "termination_terms": [
      "time_out",
      "anchor_pos",
      "anchor_ori",
      "ee_body_pos"
    ],
    "truncated_total": 0,
    "usd_path": "/mnt/infini-data/test/BeyondMimic/res/tracking/g1_urdf_in_memory_gpu4_probe/g1_official_importer_in_memory_gpu4_export.usda",
    "uses_fk_repaired_motion_npz": true,
    "uses_official_importer_export_usd": true,
    "uses_resource_adjusted_usd": false
  },
  "metrics_json": "/mnt/infini-data/test/BeyondMimic/res/tracking/g1_official_importer_export_fk_repaired_split_task_eval/motions/run1_subject5/run1_subject5_task_eval_metrics.json",
  "motion": "run1_subject5",
  "returncode": 0,
  "stalled": false,
  "status": "ok"
}