variant	reward_mean	target_body_error_mean	done_count_total	teacher_vae_action_mse_mean	denoised_teacher_action_mse_mean	guided_teacher_action_mse_mean	guided_base_action_mse_mean	guidance_cost_delta_mean
denoised_latent	0.022927839628243227	0.3439543843269348	299	0.00019813566455028852	0.00024548236796664337	0.00024548175589800156	4.533377003868876e-05	6.56435023183408e-05
receding_latent_guided	0.022449076233313336	0.3439415395259857	299	0.00020005072231570346	0.00024559824720370025	0.00024559778404884653	4.214038245571673e-05	6.848652177431113e-05
teacher	0.023489066368485974	0.345968097448349	299	0.00020158876127440383	0.00025361452214100577	0.00025361384328686007	4.897954817301432e-05	6.327100322398056e-05
vae_base	0.02437043720139907	0.3449832797050476	299	0.00019906947104922996	0.00025389544355502373	0.0002538947263500111	5.199532321520744e-05	6.399737253635623e-05
