{
  "duration_seconds": 110.121,
  "log": "/mnt/infini-data/test/BeyondMimic/logs/tracking_g1_official_csv_loop_full_dataset_task_eval/dance1_subject2_task_eval.log",
  "markers": {
    "after_app": true,
    "before_app": true,
    "env_created": true,
    "env_reset": true,
    "exception": false,
    "metrics_file": true,
    "stall_timeout": false,
    "step_bound_reached": true,
    "success": true,
    "traceback": false,
    "vulkan_device_lost": false
  },
  "metrics": {
    "action_dim": 29,
    "action_terms": [
      "joint_pos"
    ],
    "command_metrics_final": {
      "error_anchor_ang_vel": 0.8772891163825989,
      "error_anchor_lin_vel": 1.5270237922668457,
      "error_anchor_pos": 0.11101505905389786,
      "error_anchor_rot": 0.3601525127887726,
      "error_body_ang_vel": 9.617733001708984,
      "error_body_lin_vel": 1.5752367973327637,
      "error_body_pos": 0.0942859798669815,
      "error_body_rot": 0.2335761934518814,
      "error_joint_pos": 1.1126115322113037,
      "error_joint_vel": 44.245662689208984,
      "sampling_entropy": 0.9994686245918274,
      "sampling_top1_bin": 0.6666666865348816,
      "sampling_top1_prob": 0.1791526973247528
    },
    "command_metrics_timeseries": {
      "error_anchor_ang_vel": {
        "count": 299,
        "max": 11.569954872131348,
        "mean": 1.9707307590290057,
        "min": 0.21636584401130676
      },
      "error_anchor_lin_vel": {
        "count": 299,
        "max": 2.277556896209717,
        "mean": 1.1650460260518418,
        "min": 0.07591596990823746
      },
      "error_anchor_pos": {
        "count": 299,
        "max": 0.2822481691837311,
        "mean": 0.10423691903418522,
        "min": 0.011825925670564175
      },
      "error_anchor_rot": {
        "count": 299,
        "max": 0.7160078883171082,
        "mean": 0.18318225615299666,
        "min": 0.04381519928574562
      },
      "error_body_ang_vel": {
        "count": 299,
        "max": 19.278743743896484,
        "mean": 8.2247262391757,
        "min": 0.3079565167427063
      },
      "error_body_lin_vel": {
        "count": 299,
        "max": 2.2577614784240723,
        "mean": 1.1843823987903404,
        "min": 0.08828189969062805
      },
      "error_body_pos": {
        "count": 299,
        "max": 0.7696202397346497,
        "mean": 0.08869948873707532,
        "min": 0.003698016982525587
      },
      "error_body_rot": {
        "count": 299,
        "max": 0.8389524221420288,
        "mean": 0.26847340801986164,
        "min": 0.11245855689048767
      },
      "error_joint_pos": {
        "count": 299,
        "max": 1.74726140499115,
        "mean": 1.136701183773602,
        "min": 0.2599470019340515
      },
      "error_joint_vel": {
        "count": 299,
        "max": 77.38172149658203,
        "mean": 38.036934013749445,
        "min": 0.0
      },
      "sampling_entropy": {
        "count": 299,
        "max": 0.9999999403953552,
        "mean": 0.9995952170828114,
        "min": 0.9991997480392456
      },
      "sampling_top1_bin": {
        "count": 299,
        "max": 0.8333333730697632,
        "mean": 0.54570792640332,
        "min": 0.0
      },
      "sampling_top1_prob": {
        "count": 299,
        "max": 0.18464669585227966,
        "mean": 0.177026304512917,
        "min": 0.1666666567325592
      }
    },
    "command_terms": [
      "motion"
    ],
    "critic_observation_dim": 286,
    "device": "cuda:4",
    "done_total": 36,
    "event_modes": [
      "startup",
      "interval"
    ],
    "motion_file": "/mnt/infini-data/test/BeyondMimic/res/tracking/official_csv_to_npz_loop_full_dataset_with_enriched_usd/motions/dance1_subject2/dance1_subject2_official_loop_enriched_usd_motion.npz",
    "num_envs": 1,
    "observation_shapes": {
      "critic": [
        1,
        286
      ],
      "policy": [
        1,
        160
      ]
    },
    "official_csv_loop_npz_input": true,
    "official_csv_to_npz_unpatched_output": false,
    "paper_level_rollout": false,
    "policy_observation_dim": 160,
    "ppo_training": false,
    "real_robot": false,
    "reward": {
      "count": 299,
      "max": 0.051088880747556686,
      "mean": 0.028172259228335175,
      "min": -0.0004794429987668991
    },
    "reward_terms": [
      "motion_global_anchor_pos",
      "motion_global_anchor_ori",
      "motion_body_pos",
      "motion_body_ori",
      "motion_body_lin_vel",
      "motion_body_ang_vel",
      "action_rate_l2",
      "joint_limit",
      "undesired_contacts"
    ],
    "robot_num_bodies": 40,
    "robot_num_joints": 29,
    "status": "ok",
    "step_count": 299,
    "task": "Tracking-Flat-G1-v0",
    "terminated_total": 21,
    "termination_terms": [
      "time_out",
      "anchor_pos",
      "anchor_ori",
      "ee_body_pos"
    ],
    "truncated_total": 15,
    "usd_path": "/mnt/infini-data/test/BeyondMimic/res/tracking/g1_resource_adjusted_enriched_usd/g1_resource_adjusted_29dof_enriched_scaffold.usda",
    "uses_resource_adjusted_usd": true
  },
  "metrics_json": "/mnt/infini-data/test/BeyondMimic/res/tracking/g1_official_csv_loop_full_dataset_task_eval/motions/dance1_subject2/dance1_subject2_task_eval_metrics.json",
  "motion": "dance1_subject2",
  "returncode": 0,
  "stalled": false,
  "status": "ok"
}