variant	reward_mean	target_body_error_mean	done_count_total	teacher_vae_action_mse_mean	denoised_teacher_action_mse_mean	guided_teacher_action_mse_mean	guided_base_action_mse_mean	guidance_cost_delta_mean
denoised_latent	0.026130434013529366	0.07771089673042297	25	0.0032888546272221465	0.009218107012293635	0.009218027881022705	0.005908134344725381	1.0051854876770224e-05
receding_latent_guided	0.025160312194713583	0.07882784307003021	24	0.004183865702838752	0.010228133551701653	0.010228058380109062	0.006013558162874651	1.2984044575770961e-05
teacher	0.02527176061439574	0.07789762318134308	25	0.004158828369369824	0.010715367228110449	0.010715308690281667	0.006252631756483287	1.1835807940633002e-05
vae_base	0.026074563508174293	0.0796271488070488	25	0.00292601220560475	0.009092675076554651	0.009092585031055287	0.006180894593427886	9.833669981430207e-06
