{
  "action_dim": 29,
  "action_terms": [
    "joint_pos"
  ],
  "command_metrics_final": {
    "error_anchor_ang_vel": 0.9885454773902893,
    "error_anchor_lin_vel": 1.0168044567108154,
    "error_anchor_pos": 0.12098897248506546,
    "error_anchor_rot": 0.09208846092224121,
    "error_body_ang_vel": 3.435920238494873,
    "error_body_lin_vel": 0.8561195731163025,
    "error_body_pos": 0.14865165948867798,
    "error_body_rot": 1.1351882219314575,
    "error_joint_pos": 2.5462045669555664,
    "error_joint_vel": 20.421186447143555,
    "sampling_entropy": 0.9970635175704956,
    "sampling_top1_bin": 0.1666666716337204,
    "sampling_top1_prob": 0.19329796731472015
  },
  "command_metrics_timeseries": {
    "error_anchor_ang_vel": {
      "count": 299,
      "max": 9.45323371887207,
      "mean": 2.197337499131327,
      "min": 0.3367196321487427
    },
    "error_anchor_lin_vel": {
      "count": 299,
      "max": 1.9645589590072632,
      "mean": 0.7934105445858228,
      "min": 0.08494046330451965
    },
    "error_anchor_pos": {
      "count": 299,
      "max": 0.27686432003974915,
      "mean": 0.07326982745022378,
      "min": 0.009542891755700111
    },
    "error_anchor_rot": {
      "count": 299,
      "max": 1.037480115890503,
      "mean": 0.2533060053618855,
      "min": 0.038177162408828735
    },
    "error_body_ang_vel": {
      "count": 299,
      "max": 12.485172271728516,
      "mean": 3.5975324145726932,
      "min": 0.40791022777557373
    },
    "error_body_lin_vel": {
      "count": 299,
      "max": 1.9238694906234741,
      "mean": 0.8539972840543575,
      "min": 0.19809001684188843
    },
    "error_body_pos": {
      "count": 299,
      "max": 1.648161768913269,
      "mean": 0.2158913276715821,
      "min": 0.09154132753610611
    },
    "error_body_rot": {
      "count": 299,
      "max": 1.6188217401504517,
      "mean": 1.0451812257734827,
      "min": 0.5583971738815308
    },
    "error_joint_pos": {
      "count": 299,
      "max": 4.331242561340332,
      "mean": 1.5108292855347278,
      "min": 0.3028044104576111
    },
    "error_joint_vel": {
      "count": 299,
      "max": 52.44736099243164,
      "mean": 16.351227858393486,
      "min": 0.0
    },
    "sampling_entropy": {
      "count": 299,
      "max": 0.9999999403953552,
      "mean": 0.9972031000864545,
      "min": 0.9945890307426453
    },
    "sampling_top1_bin": {
      "count": 299,
      "max": 0.8333333730697632,
      "mean": 0.23968785707169155,
      "min": 0.0
    },
    "sampling_top1_prob": {
      "count": 299,
      "max": 0.20466476678848267,
      "mean": 0.1897963086099529,
      "min": 0.1666666567325592
    }
  },
  "command_terms": [
    "motion"
  ],
  "critic_observation_dim": 286,
  "device": "cuda:4",
  "done_total": 57,
  "event_modes": [
    "startup",
    "interval"
  ],
  "motion_file": "/mnt/infini-data/test/BeyondMimic/res/tracking/official_csv_loop_full_bundle_fk_repaired_robot_order_motion_npz/motions/fallAndGetUp1_subject5/motion.npz",
  "num_envs": 1,
  "observation_shapes": {
    "critic": [
      1,
      286
    ],
    "policy": [
      1,
      160
    ]
  },
  "official_csv_to_npz_unpatched_output": false,
  "paper_level_rollout": false,
  "policy_observation_dim": 160,
  "ppo_training": false,
  "real_robot": false,
  "reward": {
    "count": 299,
    "max": 0.056076861917972565,
    "mean": 0.01750763845988191,
    "min": -0.032351575791835785
  },
  "reward_terms": [
    "motion_global_anchor_pos",
    "motion_global_anchor_ori",
    "motion_body_pos",
    "motion_body_ori",
    "motion_body_lin_vel",
    "motion_body_ang_vel",
    "action_rate_l2",
    "joint_limit",
    "undesired_contacts"
  ],
  "robot_num_bodies": 40,
  "robot_num_joints": 29,
  "status": "ok",
  "step_count": 299,
  "task": "Tracking-Flat-G1-v0",
  "terminated_total": 46,
  "termination_terms": [
    "time_out",
    "anchor_pos",
    "anchor_ori",
    "ee_body_pos"
  ],
  "truncated_total": 11,
  "usd_path": "/mnt/infini-data/test/BeyondMimic/res/tracking/g1_urdf_in_memory_gpu4_probe/g1_official_importer_in_memory_gpu4_export.usda",
  "uses_fk_repaired_motion_npz": true,
  "uses_fk_repaired_robot_order_motion_npz": true,
  "uses_official_importer_export_usd": true,
  "uses_resource_adjusted_usd": false
}