{
  "action_dim": 29,
  "action_terms": [
    "joint_pos"
  ],
  "command_metrics_final": {
    "error_anchor_ang_vel": 0.533180832862854,
    "error_anchor_lin_vel": 0.35798758268356323,
    "error_anchor_pos": 0.5086600184440613,
    "error_anchor_rot": 0.6383078694343567,
    "error_body_ang_vel": 0.5447951555252075,
    "error_body_lin_vel": 0.3709084093570709,
    "error_body_pos": 0.441789448261261,
    "error_body_rot": 0.9141466617584229,
    "error_joint_pos": 0.9306955933570862,
    "error_joint_vel": 0.0,
    "sampling_entropy": 0.9929506182670593,
    "sampling_top1_bin": 0.0,
    "sampling_top1_prob": 0.20319455862045288
  },
  "command_metrics_timeseries": {
    "error_anchor_ang_vel": {
      "count": 299,
      "max": 2.284234046936035,
      "mean": 0.711072996433164,
      "min": 0.1188175156712532
    },
    "error_anchor_lin_vel": {
      "count": 299,
      "max": 0.9019690155982971,
      "mean": 0.42966147664199306,
      "min": 0.05735105276107788
    },
    "error_anchor_pos": {
      "count": 299,
      "max": 0.5372149348258972,
      "mean": 0.4989891647295808,
      "min": 0.4583808183670044
    },
    "error_anchor_rot": {
      "count": 299,
      "max": 1.0562489032745361,
      "mean": 0.685199687363312,
      "min": 0.23852883279323578
    },
    "error_body_ang_vel": {
      "count": 299,
      "max": 2.4406075477600098,
      "mean": 1.039202086602565,
      "min": 0.14703373610973358
    },
    "error_body_lin_vel": {
      "count": 299,
      "max": 0.820849597454071,
      "mean": 0.4740394969349322,
      "min": 0.15269359946250916
    },
    "error_body_pos": {
      "count": 299,
      "max": 0.7425658106803894,
      "mean": 0.4670038240211066,
      "min": 0.41184428334236145
    },
    "error_body_rot": {
      "count": 299,
      "max": 1.4869000911712646,
      "mean": 1.0629086424674477,
      "min": 0.6954532861709595
    },
    "error_joint_pos": {
      "count": 299,
      "max": 1.1648536920547485,
      "mean": 0.7292643030949659,
      "min": 0.38093408942222595
    },
    "error_joint_vel": {
      "count": 299,
      "max": 0.0,
      "mean": 0.0,
      "min": 0.0
    },
    "sampling_entropy": {
      "count": 299,
      "max": 0.9999999403953552,
      "mean": 0.9957306660138644,
      "min": 0.992041289806366
    },
    "sampling_top1_bin": {
      "count": 299,
      "max": 0.5,
      "mean": 0.08472686756813406,
      "min": 0.0
    },
    "sampling_top1_prob": {
      "count": 299,
      "max": 0.21828046441078186,
      "mean": 0.19893078386384908,
      "min": 0.1666666567325592
    }
  },
  "command_terms": [
    "motion"
  ],
  "critic_observation_dim": 286,
  "device": "cuda:4",
  "done_total": 299,
  "event_modes": [
    "startup",
    "interval"
  ],
  "motion_file": "/mnt/infini-data/test/BeyondMimic/res/tracking/official_csv_loop_full_bundle_fk_repaired_split_motion_npz/motions/walk4_subject1/motion.npz",
  "num_envs": 1,
  "observation_shapes": {
    "critic": [
      1,
      286
    ],
    "policy": [
      1,
      160
    ]
  },
  "official_csv_to_npz_unpatched_output": false,
  "paper_level_rollout": false,
  "policy_observation_dim": 160,
  "ppo_training": false,
  "real_robot": false,
  "reward": {
    "count": 299,
    "max": 0.03990166261792183,
    "mean": 0.02119719955827231,
    "min": -0.02466568723320961
  },
  "reward_terms": [
    "motion_global_anchor_pos",
    "motion_global_anchor_ori",
    "motion_body_pos",
    "motion_body_ori",
    "motion_body_lin_vel",
    "motion_body_ang_vel",
    "action_rate_l2",
    "joint_limit",
    "undesired_contacts"
  ],
  "robot_num_bodies": 40,
  "robot_num_joints": 29,
  "status": "ok",
  "step_count": 299,
  "task": "Tracking-Flat-G1-v0",
  "terminated_total": 299,
  "termination_terms": [
    "time_out",
    "anchor_pos",
    "anchor_ori",
    "ee_body_pos"
  ],
  "truncated_total": 0,
  "usd_path": "/mnt/infini-data/test/BeyondMimic/res/tracking/g1_urdf_in_memory_gpu4_probe/g1_official_importer_in_memory_gpu4_export.usda",
  "uses_fk_repaired_motion_npz": true,
  "uses_official_importer_export_usd": true,
  "uses_resource_adjusted_usd": false
}