variant	reward_mean	target_body_error_mean	done_count_total	teacher_vae_action_mse_mean	denoised_teacher_action_mse_mean	guided_teacher_action_mse_mean	guided_base_action_mse_mean	guidance_cost_delta_mean
denoised_latent	0.023715724389887973	0.3441513180732727	299	5.421273339604787e-05	5.44316426141851e-05	5.443164366360206e-05	6.401637728647471e-08	3.1856838676044373e-07
receding_latent_guided	0.02234888298399622	0.3430043160915375	299	5.1993369842448464e-05	5.223352216179467e-05	5.223352116104632e-05	6.777670551772959e-08	3.1622294897219806e-07
teacher	0.02377343561693428	0.34437498450279236	299	5.404752227512284e-05	5.4218699091184574e-05	5.42186971353147e-05	6.667939399106219e-08	3.4346802776872516e-07
vae_base	0.02338636781160648	0.3443378508090973	299	5.1996188637248415e-05	5.21618212101096e-05	5.216181951583352e-05	6.448189313679409e-08	3.106568170630414e-07
