variant	reward_mean	target_body_error_mean	done_count_total	teacher_vae_action_mse_mean	denoised_teacher_action_mse_mean	guided_teacher_action_mse_mean	guided_base_action_mse_mean	guidance_cost_delta_mean
denoised_latent	0.02581319307447427	0.3440989553928375	299	0.00019861730882904982	0.00025403035951997887	0.0002540297983465389	5.3831978752584466e-05	6.359613759063159e-05
receding_latent_guided	0.02395957630177505	0.34471651911735535	299	0.00019864066872898767	0.0002514147220252831	0.000251414208011729	4.886626007799785e-05	6.218880016269493e-05
teacher	0.02300307461773871	0.34390944242477417	299	0.00020417857760007504	0.0002639614531624732	0.0002639608165526834	5.8055020664433935e-05	6.316412850765879e-05
vae_base	0.025205025877678974	0.3449474573135376	299	0.000196876973537187	0.00025206833154250817	0.00025206768991985125	4.847303436856486e-05	6.314254923409044e-05
