variant	reward_mean	target_body_error_mean	done_count_total	teacher_vae_action_mse_mean	denoised_teacher_action_mse_mean	guided_teacher_action_mse_mean	guided_base_action_mse_mean	guidance_cost_delta_mean
denoised_latent	0.01775734388210303	0.08064533770084381	25	0.008245583110972522	0.01610647522950277	0.016106390736118758	0.007322348797550568	1.2682034419133113e-05
receding_latent_guided	0.02461541508227886	0.0805373266339302	25	0.005027648432222725	0.012352082420476902	0.012351982258914356	0.006931883131502738	1.0667237948414475e-05
teacher	0.023154236644157597	0.0802576020359993	26	0.005040540135844009	0.012826629663602663	0.012826540861683696	0.0075295604944515685	1.0745481503847053e-05
vae_base	0.01948393607842284	0.07619597762823105	25	0.008551269414777055	0.015969938161723738	0.015969844431426364	0.007401788643449171	1.1980134906577426e-05
