{
  "duration_seconds": 40.042,
  "log": "/mnt/infini-data/test/BeyondMimic/logs/tracking_g1_official_importer_export_fk_repaired_robot_order_split_task_eval/walk3_subject3_task_eval.log",
  "markers": {
    "after_app": true,
    "before_app": true,
    "env_created": true,
    "env_reset": true,
    "exception": false,
    "metrics_file": true,
    "stall_timeout": false,
    "step_bound_reached": true,
    "success": true,
    "traceback": false,
    "vulkan_device_lost": false
  },
  "metrics": {
    "action_dim": 29,
    "action_terms": [
      "joint_pos"
    ],
    "command_metrics_final": {
      "error_anchor_ang_vel": 0.4844367504119873,
      "error_anchor_lin_vel": 0.4342283606529236,
      "error_anchor_pos": 0.03138023242354393,
      "error_anchor_rot": 0.7115008234977722,
      "error_body_ang_vel": 1.0378375053405762,
      "error_body_lin_vel": 0.3442426025867462,
      "error_body_pos": 0.6940940022468567,
      "error_body_rot": 1.4520615339279175,
      "error_joint_pos": 0.8569002151489258,
      "error_joint_vel": 0.0,
      "sampling_entropy": 0.9951168298721313,
      "sampling_top1_bin": 0.8333333730697632,
      "sampling_top1_prob": 0.20931506156921387
    },
    "command_metrics_timeseries": {
      "error_anchor_ang_vel": {
        "count": 299,
        "max": 6.814604759216309,
        "mean": 1.7274550675947131,
        "min": 0.3075989782810211
      },
      "error_anchor_lin_vel": {
        "count": 299,
        "max": 2.2134413719177246,
        "mean": 0.8192452339324664,
        "min": 0.0669412612915039
      },
      "error_anchor_pos": {
        "count": 299,
        "max": 0.26695722341537476,
        "mean": 0.07698824201682489,
        "min": 0.007714876439422369
      },
      "error_anchor_rot": {
        "count": 299,
        "max": 0.9660813808441162,
        "mean": 0.6536001771389441,
        "min": 0.2668801248073578
      },
      "error_body_ang_vel": {
        "count": 299,
        "max": 13.423050880432129,
        "mean": 3.6034949804628176,
        "min": 0.501053512096405
      },
      "error_body_lin_vel": {
        "count": 299,
        "max": 1.9216649532318115,
        "mean": 0.8583491978836697,
        "min": 0.1841653436422348
      },
      "error_body_pos": {
        "count": 299,
        "max": 0.8399145007133484,
        "mean": 0.21752359239652405,
        "min": 0.10909591615200043
      },
      "error_body_rot": {
        "count": 299,
        "max": 1.6139769554138184,
        "mean": 1.0716537799324877,
        "min": 0.7343934178352356
      },
      "error_joint_pos": {
        "count": 299,
        "max": 3.805828809738159,
        "mean": 1.578458682549837,
        "min": 0.5561679601669312
      },
      "error_joint_vel": {
        "count": 299,
        "max": 65.8379135131836,
        "mean": 16.261152123926475,
        "min": 0.0
      },
      "sampling_entropy": {
        "count": 299,
        "max": 0.9999999403953552,
        "mean": 0.997303218945213,
        "min": 0.9946549534797668
      },
      "sampling_top1_bin": {
        "count": 299,
        "max": 0.8333333730697632,
        "mean": 0.8288740640300573,
        "min": 0.0
      },
      "sampling_top1_prob": {
        "count": 299,
        "max": 0.21116137504577637,
        "mean": 0.19833682033927943,
        "min": 0.1666666567325592
      }
    },
    "command_terms": [
      "motion"
    ],
    "critic_observation_dim": 286,
    "device": "cuda:4",
    "done_total": 59,
    "event_modes": [
      "startup",
      "interval"
    ],
    "motion_file": "/mnt/infini-data/test/BeyondMimic/res/tracking/official_csv_loop_full_bundle_fk_repaired_robot_order_motion_npz/motions/walk3_subject3/motion.npz",
    "num_envs": 1,
    "observation_shapes": {
      "critic": [
        1,
        286
      ],
      "policy": [
        1,
        160
      ]
    },
    "official_csv_to_npz_unpatched_output": false,
    "paper_level_rollout": false,
    "policy_observation_dim": 160,
    "ppo_training": false,
    "real_robot": false,
    "reward": {
      "count": 299,
      "max": 0.056710101664066315,
      "mean": 0.00997349240795326,
      "min": -0.07561745494604111
    },
    "reward_terms": [
      "motion_global_anchor_pos",
      "motion_global_anchor_ori",
      "motion_body_pos",
      "motion_body_ori",
      "motion_body_lin_vel",
      "motion_body_ang_vel",
      "action_rate_l2",
      "joint_limit",
      "undesired_contacts"
    ],
    "robot_num_bodies": 40,
    "robot_num_joints": 29,
    "status": "ok",
    "step_count": 299,
    "task": "Tracking-Flat-G1-v0",
    "terminated_total": 48,
    "termination_terms": [
      "time_out",
      "anchor_pos",
      "anchor_ori",
      "ee_body_pos"
    ],
    "truncated_total": 11,
    "usd_path": "/mnt/infini-data/test/BeyondMimic/res/tracking/g1_urdf_in_memory_gpu4_probe/g1_official_importer_in_memory_gpu4_export.usda",
    "uses_fk_repaired_motion_npz": true,
    "uses_fk_repaired_robot_order_motion_npz": true,
    "uses_official_importer_export_usd": true,
    "uses_resource_adjusted_usd": false
  },
  "metrics_json": "/mnt/infini-data/test/BeyondMimic/res/tracking/g1_official_importer_export_fk_repaired_robot_order_split_task_eval/motions/walk3_subject3/walk3_subject3_task_eval_metrics.json",
  "motion": "walk3_subject3",
  "returncode": 0,
  "stalled": false,
  "status": "ok"
}