variant	reward_mean	target_body_error_mean	done_count_total	teacher_vae_action_mse_mean	denoised_teacher_action_mse_mean	guided_teacher_action_mse_mean	guided_base_action_mse_mean	guidance_cost_delta_mean
denoised_latent	0.023964979740351836	0.3432454466819763	299	3.9791873262228695e-05	3.989914494409079e-05	3.9899146700723535e-05	7.064554377238422e-08	6.264596429955601e-05
receding_latent_guided	0.023803255512974034	0.3429173529148102	299	4.7405104020941984e-05	4.760425573206712e-05	4.760425409254323e-05	8.603648354884278e-08	6.397231715578697e-05
teacher	0.024203982283626014	0.3446902334690094	299	4.202665623995434e-05	4.224156426086443e-05	4.224157008588903e-05	6.87613387410685e-08	6.317247614812692e-05
vae_base	0.02388161418174571	0.3443179726600647	299	4.3132606699152064e-05	4.3321473818334354e-05	4.332147218185225e-05	7.043877884613349e-08	6.157197182792485e-05
