{
  "duration_seconds": 90.102,
  "log": "/mnt/infini-data/test/BeyondMimic/logs/tracking_g1_official_csv_loop_full_dataset_task_eval/fallAndGetUp2_subject2_task_eval.log",
  "markers": {
    "after_app": true,
    "before_app": true,
    "env_created": true,
    "env_reset": true,
    "exception": false,
    "metrics_file": true,
    "stall_timeout": false,
    "step_bound_reached": true,
    "success": true,
    "traceback": false,
    "vulkan_device_lost": false
  },
  "metrics": {
    "action_dim": 29,
    "action_terms": [
      "joint_pos"
    ],
    "command_metrics_final": {
      "error_anchor_ang_vel": 0.8071112632751465,
      "error_anchor_lin_vel": 0.41493338346481323,
      "error_anchor_pos": 0.03677568957209587,
      "error_anchor_rot": 0.1561974287033081,
      "error_body_ang_vel": 0.8068597912788391,
      "error_body_lin_vel": 0.39548513293266296,
      "error_body_pos": 0.328271746635437,
      "error_body_rot": 1.441548466682434,
      "error_joint_pos": 0.29520416259765625,
      "error_joint_vel": 0.0,
      "sampling_entropy": 0.9988800287246704,
      "sampling_top1_bin": 0.5,
      "sampling_top1_prob": 0.1795789748430252
    },
    "command_metrics_timeseries": {
      "error_anchor_ang_vel": {
        "count": 299,
        "max": 6.729360580444336,
        "mean": 1.9352562526197339,
        "min": 0.2667944133281708
      },
      "error_anchor_lin_vel": {
        "count": 299,
        "max": 2.724932909011841,
        "mean": 1.1463759937214613,
        "min": 0.15159529447555542
      },
      "error_anchor_pos": {
        "count": 299,
        "max": 0.2913265526294708,
        "mean": 0.10524581003946604,
        "min": 0.0196478683501482
      },
      "error_anchor_rot": {
        "count": 299,
        "max": 0.7442601919174194,
        "mean": 0.2052977676923857,
        "min": 0.04930507019162178
      },
      "error_body_ang_vel": {
        "count": 299,
        "max": 20.41290283203125,
        "mean": 7.0842101742392005,
        "min": 0.26656922698020935
      },
      "error_body_lin_vel": {
        "count": 299,
        "max": 2.2828869819641113,
        "mean": 1.177651003052957,
        "min": 0.2008325159549713
      },
      "error_body_pos": {
        "count": 299,
        "max": 0.7697752714157104,
        "mean": 0.09307909494438785,
        "min": 0.0011610448127612472
      },
      "error_body_rot": {
        "count": 299,
        "max": 1.6362746953964233,
        "mean": 0.4408210559333846,
        "min": 0.14179901778697968
      },
      "error_joint_pos": {
        "count": 299,
        "max": 3.022583484649658,
        "mean": 1.5678259334635973,
        "min": 0.2711438834667206
      },
      "error_joint_vel": {
        "count": 299,
        "max": 82.07292175292969,
        "mean": 34.35550587631787,
        "min": 0.0
      },
      "sampling_entropy": {
        "count": 299,
        "max": 0.9999999403953552,
        "mean": 0.9994341085188365,
        "min": 0.9988442659378052
      },
      "sampling_top1_bin": {
        "count": 299,
        "max": 0.8333333730697632,
        "mean": 0.4676700155172858,
        "min": 0.0
      },
      "sampling_top1_prob": {
        "count": 299,
        "max": 0.18526902794837952,
        "mean": 0.17825650082384065,
        "min": 0.1666666567325592
      }
    },
    "command_terms": [
      "motion"
    ],
    "critic_observation_dim": 286,
    "device": "cuda:4",
    "done_total": 43,
    "event_modes": [
      "startup",
      "interval"
    ],
    "motion_file": "/mnt/infini-data/test/BeyondMimic/res/tracking/official_csv_to_npz_loop_full_dataset_with_enriched_usd/motions/fallAndGetUp2_subject2/fallAndGetUp2_subject2_official_loop_enriched_usd_motion.npz",
    "num_envs": 1,
    "observation_shapes": {
      "critic": [
        1,
        286
      ],
      "policy": [
        1,
        160
      ]
    },
    "official_csv_loop_npz_input": true,
    "official_csv_to_npz_unpatched_output": false,
    "paper_level_rollout": false,
    "policy_observation_dim": 160,
    "ppo_training": false,
    "real_robot": false,
    "reward": {
      "count": 299,
      "max": 0.04924981668591499,
      "mean": 0.021015573433136262,
      "min": -0.016216058284044266
    },
    "reward_terms": [
      "motion_global_anchor_pos",
      "motion_global_anchor_ori",
      "motion_body_pos",
      "motion_body_ori",
      "motion_body_lin_vel",
      "motion_body_ang_vel",
      "action_rate_l2",
      "joint_limit",
      "undesired_contacts"
    ],
    "robot_num_bodies": 40,
    "robot_num_joints": 29,
    "status": "ok",
    "step_count": 299,
    "task": "Tracking-Flat-G1-v0",
    "terminated_total": 20,
    "termination_terms": [
      "time_out",
      "anchor_pos",
      "anchor_ori",
      "ee_body_pos"
    ],
    "truncated_total": 23,
    "usd_path": "/mnt/infini-data/test/BeyondMimic/res/tracking/g1_resource_adjusted_enriched_usd/g1_resource_adjusted_29dof_enriched_scaffold.usda",
    "uses_resource_adjusted_usd": true
  },
  "metrics_json": "/mnt/infini-data/test/BeyondMimic/res/tracking/g1_official_csv_loop_full_dataset_task_eval/motions/fallAndGetUp2_subject2/fallAndGetUp2_subject2_task_eval_metrics.json",
  "motion": "fallAndGetUp2_subject2",
  "returncode": 0,
  "stalled": false,
  "status": "ok"
}