{
  "duration_seconds": 50.057,
  "log": "/mnt/infini-data/test/BeyondMimic/logs/tracking_g1_official_importer_export_fk_repaired_split_task_eval/dance2_subject1_task_eval.log",
  "markers": {
    "after_app": true,
    "before_app": true,
    "env_created": true,
    "env_reset": true,
    "exception": false,
    "metrics_file": true,
    "stall_timeout": false,
    "step_bound_reached": true,
    "success": true,
    "traceback": false,
    "vulkan_device_lost": false
  },
  "metrics": {
    "action_dim": 29,
    "action_terms": [
      "joint_pos"
    ],
    "command_metrics_final": {
      "error_anchor_ang_vel": 0.9133391976356506,
      "error_anchor_lin_vel": 0.708579957485199,
      "error_anchor_pos": 0.49220010638237,
      "error_anchor_rot": 0.9715378284454346,
      "error_body_ang_vel": 0.926334023475647,
      "error_body_lin_vel": 0.7260280847549438,
      "error_body_pos": 0.5037339329719543,
      "error_body_rot": 0.97786545753479,
      "error_joint_pos": 0.8721686005592346,
      "error_joint_vel": 0.0,
      "sampling_entropy": 0.9831098318099976,
      "sampling_top1_bin": 0.5,
      "sampling_top1_prob": 0.2204079031944275
    },
    "command_metrics_timeseries": {
      "error_anchor_ang_vel": {
        "count": 299,
        "max": 8.153057098388672,
        "mean": 1.1026356779911048,
        "min": 0.04992134869098663
      },
      "error_anchor_lin_vel": {
        "count": 299,
        "max": 1.4160385131835938,
        "mean": 0.46409508210909006,
        "min": 0.020715106278657913
      },
      "error_anchor_pos": {
        "count": 299,
        "max": 0.5242885947227478,
        "mean": 0.500875853874213,
        "min": 0.467864990234375
      },
      "error_anchor_rot": {
        "count": 299,
        "max": 1.5209908485412598,
        "mean": 0.8954388560060673,
        "min": 0.17035141587257385
      },
      "error_body_ang_vel": {
        "count": 299,
        "max": 4.84785270690918,
        "mean": 1.4138885118740059,
        "min": 0.08440343290567398
      },
      "error_body_lin_vel": {
        "count": 299,
        "max": 1.2740315198898315,
        "mean": 0.5522556805790069,
        "min": 0.16972288489341736
      },
      "error_body_pos": {
        "count": 299,
        "max": 1.0071356296539307,
        "mean": 0.5113628784749021,
        "min": 0.4039709270000458
      },
      "error_body_rot": {
        "count": 299,
        "max": 1.6457754373550415,
        "mean": 1.17614947992025,
        "min": 0.6842476725578308
      },
      "error_joint_pos": {
        "count": 299,
        "max": 1.0653305053710938,
        "mean": 0.7981261410641431,
        "min": 0.312049001455307
      },
      "error_joint_vel": {
        "count": 299,
        "max": 0.0,
        "mean": 0.0,
        "min": 0.0
      },
      "sampling_entropy": {
        "count": 299,
        "max": 0.9999999403953552,
        "mean": 0.989292611645217,
        "min": 0.9816081523895264
      },
      "sampling_top1_bin": {
        "count": 299,
        "max": 0.8333333730697632,
        "mean": 0.4403567455684062,
        "min": 0.0
      },
      "sampling_top1_prob": {
        "count": 299,
        "max": 0.22913677990436554,
        "mean": 0.20772316104990982,
        "min": 0.1666666567325592
      }
    },
    "command_terms": [
      "motion"
    ],
    "critic_observation_dim": 286,
    "device": "cuda:4",
    "done_total": 299,
    "event_modes": [
      "startup",
      "interval"
    ],
    "motion_file": "/mnt/infini-data/test/BeyondMimic/res/tracking/official_csv_loop_full_bundle_fk_repaired_split_motion_npz/motions/dance2_subject1/motion.npz",
    "num_envs": 1,
    "observation_shapes": {
      "critic": [
        1,
        286
      ],
      "policy": [
        1,
        160
      ]
    },
    "official_csv_to_npz_unpatched_output": false,
    "paper_level_rollout": false,
    "policy_observation_dim": 160,
    "ppo_training": false,
    "real_robot": false,
    "reward": {
      "count": 299,
      "max": 0.02828216925263405,
      "mean": 0.005914717900214785,
      "min": -0.03164774924516678
    },
    "reward_terms": [
      "motion_global_anchor_pos",
      "motion_global_anchor_ori",
      "motion_body_pos",
      "motion_body_ori",
      "motion_body_lin_vel",
      "motion_body_ang_vel",
      "action_rate_l2",
      "joint_limit",
      "undesired_contacts"
    ],
    "robot_num_bodies": 40,
    "robot_num_joints": 29,
    "status": "ok",
    "step_count": 299,
    "task": "Tracking-Flat-G1-v0",
    "terminated_total": 299,
    "termination_terms": [
      "time_out",
      "anchor_pos",
      "anchor_ori",
      "ee_body_pos"
    ],
    "truncated_total": 0,
    "usd_path": "/mnt/infini-data/test/BeyondMimic/res/tracking/g1_urdf_in_memory_gpu4_probe/g1_official_importer_in_memory_gpu4_export.usda",
    "uses_fk_repaired_motion_npz": true,
    "uses_official_importer_export_usd": true,
    "uses_resource_adjusted_usd": false
  },
  "metrics_json": "/mnt/infini-data/test/BeyondMimic/res/tracking/g1_official_importer_export_fk_repaired_split_task_eval/motions/dance2_subject1/dance2_subject1_task_eval_metrics.json",
  "motion": "dance2_subject1",
  "returncode": 0,
  "stalled": false,
  "status": "ok"
}