variant	reward_mean	target_body_error_mean	done_count_total	teacher_vae_action_mse_mean	denoised_teacher_action_mse_mean	guided_teacher_action_mse_mean	guided_base_action_mse_mean	guidance_cost_delta_mean
denoised_latent	0.02337294661698483	0.3424651026725769	299	0.0002049629031634776	0.000251944210835562	0.000251943781018708	4.3164359448326764e-05	9.231618216205201e-07
receding_latent_guided	0.021549430694493363	0.341564416885376	299	0.00021916042062252242	0.0002781301515876163	0.00027812950231182	5.4715457471244514e-05	9.398695617216487e-07
teacher	0.024072068396108506	0.3435499668121338	299	0.0001962812878211912	0.0002542917283553043	0.0002542910657199738	5.374729153916566e-05	9.068963818725535e-07
vae_base	0.02444560712446337	0.34401261806488037	299	0.00020530544777732127	0.00025875694184629465	0.0002587564044718064	4.9554545096590275e-05	9.333471889081209e-07
