{
  "duration_seconds": 50.057,
  "log": "/mnt/infini-data/test/BeyondMimic/logs/tracking_g1_official_importer_export_fk_repaired_robot_order_split_task_eval/jumps1_subject5_task_eval.log",
  "markers": {
    "after_app": true,
    "before_app": true,
    "env_created": true,
    "env_reset": true,
    "exception": false,
    "metrics_file": true,
    "stall_timeout": false,
    "step_bound_reached": true,
    "success": true,
    "traceback": false,
    "vulkan_device_lost": false
  },
  "metrics": {
    "action_dim": 29,
    "action_terms": [
      "joint_pos"
    ],
    "command_metrics_final": {
      "error_anchor_ang_vel": 1.6377520561218262,
      "error_anchor_lin_vel": 0.8193624019622803,
      "error_anchor_pos": 0.028958316892385483,
      "error_anchor_rot": 0.33469802141189575,
      "error_body_ang_vel": 2.5906312465667725,
      "error_body_lin_vel": 0.7856795787811279,
      "error_body_pos": 0.12193085998296738,
      "error_body_rot": 0.8692927956581116,
      "error_joint_pos": 0.967876136302948,
      "error_joint_vel": 8.94269847869873,
      "sampling_entropy": 0.9888690114021301,
      "sampling_top1_bin": 0.3333333432674408,
      "sampling_top1_prob": 0.21572770178318024
    },
    "command_metrics_timeseries": {
      "error_anchor_ang_vel": {
        "count": 299,
        "max": 7.726839065551758,
        "mean": 2.4058348398443847,
        "min": 0.2067984789609909
      },
      "error_anchor_lin_vel": {
        "count": 299,
        "max": 1.9659268856048584,
        "mean": 0.7554428366240251,
        "min": 0.03819586709141731
      },
      "error_anchor_pos": {
        "count": 299,
        "max": 0.26457875967025757,
        "mean": 0.06729267203376743,
        "min": 0.009222835302352905
      },
      "error_anchor_rot": {
        "count": 299,
        "max": 0.8587403297424316,
        "mean": 0.28587879553860845,
        "min": 0.01849917508661747
      },
      "error_body_ang_vel": {
        "count": 299,
        "max": 8.383585929870605,
        "mean": 3.6960791880669803,
        "min": 0.26805436611175537
      },
      "error_body_lin_vel": {
        "count": 299,
        "max": 1.6695153713226318,
        "mean": 0.7991608754547942,
        "min": 0.1844087690114975
      },
      "error_body_pos": {
        "count": 299,
        "max": 2.682224750518799,
        "mean": 0.4034319556377404,
        "min": 0.10583905130624771
      },
      "error_body_rot": {
        "count": 299,
        "max": 2.3497657775878906,
        "mean": 1.1540048660641928,
        "min": 0.5952585935592651
      },
      "error_joint_pos": {
        "count": 299,
        "max": 3.437469244003296,
        "mean": 1.4551219741835641,
        "min": 0.37195175886154175
      },
      "error_joint_vel": {
        "count": 299,
        "max": 55.65743637084961,
        "mean": 17.056880520338996,
        "min": 0.0
      },
      "sampling_entropy": {
        "count": 299,
        "max": 0.9999999403953552,
        "mean": 0.9945069055094766,
        "min": 0.9887121915817261
      },
      "sampling_top1_bin": {
        "count": 299,
        "max": 0.8333333730697632,
        "mean": 0.6438127381347095,
        "min": 0.0
      },
      "sampling_top1_prob": {
        "count": 299,
        "max": 0.21572770178318024,
        "mean": 0.19796146606920556,
        "min": 0.1666666567325592
      }
    },
    "command_terms": [
      "motion"
    ],
    "critic_observation_dim": 286,
    "device": "cuda:4",
    "done_total": 72,
    "event_modes": [
      "startup",
      "interval"
    ],
    "motion_file": "/mnt/infini-data/test/BeyondMimic/res/tracking/official_csv_loop_full_bundle_fk_repaired_robot_order_motion_npz/motions/jumps1_subject5/motion.npz",
    "num_envs": 1,
    "observation_shapes": {
      "critic": [
        1,
        286
      ],
      "policy": [
        1,
        160
      ]
    },
    "official_csv_to_npz_unpatched_output": false,
    "paper_level_rollout": false,
    "policy_observation_dim": 160,
    "ppo_training": false,
    "real_robot": false,
    "reward": {
      "count": 299,
      "max": 0.05454149469733238,
      "mean": 0.01818607223646896,
      "min": -0.042625654488801956
    },
    "reward_terms": [
      "motion_global_anchor_pos",
      "motion_global_anchor_ori",
      "motion_body_pos",
      "motion_body_ori",
      "motion_body_lin_vel",
      "motion_body_ang_vel",
      "action_rate_l2",
      "joint_limit",
      "undesired_contacts"
    ],
    "robot_num_bodies": 40,
    "robot_num_joints": 29,
    "status": "ok",
    "step_count": 299,
    "task": "Tracking-Flat-G1-v0",
    "terminated_total": 64,
    "termination_terms": [
      "time_out",
      "anchor_pos",
      "anchor_ori",
      "ee_body_pos"
    ],
    "truncated_total": 8,
    "usd_path": "/mnt/infini-data/test/BeyondMimic/res/tracking/g1_urdf_in_memory_gpu4_probe/g1_official_importer_in_memory_gpu4_export.usda",
    "uses_fk_repaired_motion_npz": true,
    "uses_fk_repaired_robot_order_motion_npz": true,
    "uses_official_importer_export_usd": true,
    "uses_resource_adjusted_usd": false
  },
  "metrics_json": "/mnt/infini-data/test/BeyondMimic/res/tracking/g1_official_importer_export_fk_repaired_robot_order_split_task_eval/motions/jumps1_subject5/jumps1_subject5_task_eval_metrics.json",
  "motion": "jumps1_subject5",
  "returncode": 0,
  "stalled": false,
  "status": "ok"
}