variant	reward_mean	target_body_error_mean	done_count_total	teacher_vae_action_mse_mean	denoised_teacher_action_mse_mean	guided_teacher_action_mse_mean	guided_base_action_mse_mean	guidance_cost_delta_mean
denoised_latent	0.022891432034431093	0.080619677901268	25	0.005755650108609268	0.013451586714961307	0.013451497593776238	0.007230344556278259	6.135002426479174e-05
receding_latent_guided	0.023400446801854415	0.07885903120040894	25	0.004693738287073377	0.011966405085982587	0.01196630415117312	0.007192646667990447	6.281362728131654e-05
teacher	0.023297095605885505	0.08172020316123962	26	0.0039012682679935473	0.011478339261951603	0.011478245051976381	0.007423836427949444	6.280864361536543e-05
vae_base	0.02390449430581718	0.08186139911413193	25	0.0042097818971351475	0.011388649588550463	0.011388553264410699	0.00735544054971441	5.8951286169198844e-05
