{
  "action_scale": {
    "max": 0.5475464652142303,
    "mean": 0.3950213343337363,
    "min": 0.07450087032950714,
    "values": [
      0.5475464652142303,
      0.3506614663788243,
      0.5475464652142303,
      0.3506614663788243,
      0.43857731392336724,
      0.43857731392336724,
      0.5475464652142303,
      0.3506614663788243,
      0.5475464652142303,
      0.3506614663788243,
      0.43857731392336724,
      0.43857731392336724,
      0.5475464652142303,
      0.43857731392336724,
      0.43857731392336724,
      0.43857731392336724,
      0.43857731392336724,
      0.43857731392336724,
      0.43857731392336724,
      0.43857731392336724,
      0.07450087032950714,
      0.07450087032950714,
      0.43857731392336724,
      0.43857731392336724,
      0.43857731392336724,
      0.43857731392336724,
      0.43857731392336724,
      0.07450087032950714,
      0.07450087032950714
    ]
  },
  "checks": {
    "controller_default_pose_available": true,
    "deployment_no_action_clip_xml_written": true,
    "does_not_claim_rollout_or_success": true,
    "isaaclab_affine_joint_action_semantics_available": true,
    "large_action_clips_to_unit_scale": true,
    "mujoco_mapping_order_matches_action_rows": true,
    "negative_unit_action_delta_matches_action_scale": true,
    "official_action_scale_rows_29": true,
    "paper_formula_available": true,
    "patched_pd_actuator_order_matches_action_rows": true,
    "pd_actuator_order_matches_action_rows": true,
    "unit_action_delta_matches_action_scale": true,
    "unit_targets_inside_mujoco_ctrlrange": true,
    "zero_action_returns_default_pose": true,
    "zero_default_fallback_not_used": true
  },
  "ctrlrange_analysis": {
    "ctrlrange_patch": {
      "expanded_joint_count": 2,
      "expanded_joints": [
        {
          "joint_name": "left_ankle_roll_joint",
          "new_ctrlrange_hi": 0.43857731392336724,
          "new_ctrlrange_lo": -0.43857731392336724,
          "old_ctrlrange_hi": 0.2618,
          "old_ctrlrange_lo": -0.2618,
          "paper_action_target_hi": 0.43857731392336724,
          "paper_action_target_lo": -0.43857731392336724
        },
        {
          "joint_name": "right_ankle_roll_joint",
          "new_ctrlrange_hi": 0.43857731392336724,
          "new_ctrlrange_lo": -0.43857731392336724,
          "old_ctrlrange_hi": 0.2618,
          "old_ctrlrange_lo": -0.2618,
          "paper_action_target_hi": 0.43857731392336724,
          "paper_action_target_lo": -0.43857731392336724
        }
      ],
      "keeps_joint_mechanical_ranges_unchanged": true,
      "path": "/mnt/infini-data/test/BeyondMimic/res/audits/mujoco_native_action_adapter_contract/g1_clean_walk_control_suite_pd_no_action_clip.xml",
      "source_xml": "/mnt/infini-data/test/BeyondMimic/mujoco_mp4/assets/work_g1/gmr_unitree_g1/g1_clean_walk_control_suite_pd.xml",
      "strategy": "expand_position_actuator_ctrlrange_to_union_of_original_range_and_default_plus_minus_action_scale",
      "written": true
    },
    "interpretation": "The paper/IsaacLab normalized action formula remains correct. The original MuJoCo actuator range clipped some legal +-1 normalized setpoints, so this audit writes a patched XML whose position actuator ctrlrange covers default +/- action_scale while leaving mechanical joint ranges unchanged.",
    "original_unit_targets_inside_mujoco_ctrlrange": false,
    "original_violating_joint_count": 2,
    "original_violating_joints": [
      {
        "action_scale": 0.43857731392336724,
        "default_joint_pos": 0.0,
        "index": 5,
        "joint_name": "left_ankle_roll_joint",
        "lower_excess_rad": 0.17677731392336726,
        "max_excess_rad": 0.17677731392336726,
        "mujoco_ctrlrange_hi": 0.2618,
        "mujoco_ctrlrange_lo": -0.2618,
        "raw_target_hi_for_action_plus_one": 0.43857731392336724,
        "raw_target_lo_for_action_minus_one": -0.43857731392336724,
        "upper_excess_rad": 0.17677731392336726
      },
      {
        "action_scale": 0.43857731392336724,
        "default_joint_pos": 0.0,
        "index": 11,
        "joint_name": "right_ankle_roll_joint",
        "lower_excess_rad": 0.17677731392336726,
        "max_excess_rad": 0.17677731392336726,
        "mujoco_ctrlrange_hi": 0.2618,
        "mujoco_ctrlrange_lo": -0.2618,
        "raw_target_hi_for_action_plus_one": 0.43857731392336724,
        "raw_target_lo_for_action_minus_one": -0.43857731392336724,
        "upper_excess_rad": 0.17677731392336726
      }
    ],
    "patched_ctrlrange_violating_joint_count": 0,
    "patched_ctrlrange_violating_joints": [],
    "unit_targets_inside_mujoco_ctrlrange": true
  },
  "default_pose": {
    "delta_note": "The official deployment standby default differs from the IsaacLab InitialStateCfg mainly at ankle pitch (-0.33 versus -0.363 rad). A real rollout should prefer the exported ONNX metadata default_joint_pos when available.",
    "isaaclab_initial_default_joint_pos": [
      -0.312,
      0.0,
      0.0,
      0.669,
      -0.363,
      0.0,
      -0.312,
      0.0,
      0.0,
      0.669,
      -0.363,
      0.0,
      0.0,
      0.0,
      0.0,
      0.2,
      0.2,
      0.0,
      0.6,
      0.0,
      0.0,
      0.0,
      0.2,
      -0.2,
      0.0,
      0.6,
      0.0,
      0.0,
      0.0
    ],
    "isaaclab_vs_deployment_max_abs_delta": 0.032999999999999974,
    "isaaclab_vs_deployment_nonzero_delta_joints": [
      {
        "delta": 0.032999999999999974,
        "deployment_default": -0.33,
        "isaaclab_default": -0.363,
        "joint_name": "left_ankle_pitch_joint"
      },
      {
        "delta": 0.032999999999999974,
        "deployment_default": -0.33,
        "isaaclab_default": -0.363,
        "joint_name": "right_ankle_pitch_joint"
      }
    ],
    "selected_default_joint_pos": [
      -0.312,
      0.0,
      0.0,
      0.669,
      -0.33,
      0.0,
      -0.312,
      0.0,
      0.0,
      0.669,
      -0.33,
      0.0,
      0.0,
      0.0,
      0.0,
      0.2,
      0.2,
      0.0,
      0.6,
      0.0,
      0.0,
      0.0,
      0.2,
      -0.2,
      0.0,
      0.6,
      0.0,
      0.0,
      0.0
    ],
    "selected_source": "official_motion_tracking_controller_standby_controller.default_position"
  },
  "experiment_type": "mujoco_native_action_adapter_contract",
  "files": {
    "action_scale_audit": "/mnt/infini-data/test/BeyondMimic/res/tracking/g1_action_scale_audit/tracking_g1_action_scale_audit.json",
    "controller_yaml": "/mnt/infini-data/test/BeyondMimic/reproduction/third_party/official/motion_tracking_controller/config/g1/controllers.yaml",
    "isaaclab_joint_actions": "/mnt/infini-data/test/BeyondMimic/reproduction/third_party/official/IsaacLab-v2.1.0/source/isaaclab/isaaclab/envs/mdp/actions/joint_actions.py",
    "isaaclab_rsl_rl_wrapper": "/mnt/infini-data/test/BeyondMimic/reproduction/third_party/official/IsaacLab-v2.1.0/source/isaaclab_rl/isaaclab_rl/rsl_rl/vecenv_wrapper.py",
    "mujoco_joint_mapping": "/mnt/infini-data/test/BeyondMimic/mujoco_mp4/configs/g1_joint_mapping.yaml",
    "mujoco_pd_xml": "/mnt/infini-data/test/BeyondMimic/mujoco_mp4/assets/work_g1/gmr_unitree_g1/g1_clean_walk_control_suite_pd.xml",
    "official_g1_flat": "/mnt/infini-data/test/BeyondMimic/reproduction/third_party/official/whole_body_tracking/source/whole_body_tracking/whole_body_tracking/tasks/tracking/config/g1/flat_env_cfg.py",
    "official_g1_robot": "/mnt/infini-data/test/BeyondMimic/reproduction/third_party/official/whole_body_tracking/source/whole_body_tracking/whole_body_tracking/robots/g1.py",
    "paper_method": "/mnt/infini-data/test/BeyondMimic/reproduction/paper/source/tex/method.tex",
    "paper_supplement": "/mnt/infini-data/test/BeyondMimic/reproduction/paper/source/root.tex"
  },
  "fixtures": {
    "large_action_clipped": {
      "action_clip_fraction": 1.0,
      "clip_abs": 1.0,
      "ctrlrange_clip_fraction": 0.0,