{
  "duration_seconds": 120.134,
  "log": "/mnt/infini-data/test/BeyondMimic/logs/tracking_g1_official_csv_loop_full_dataset_task_eval/dance2_subject4_task_eval.log",
  "markers": {
    "after_app": true,
    "before_app": true,
    "env_created": true,
    "env_reset": true,
    "exception": false,
    "metrics_file": true,
    "stall_timeout": false,
    "step_bound_reached": true,
    "success": true,
    "traceback": false,
    "vulkan_device_lost": false
  },
  "metrics": {
    "action_dim": 29,
    "action_terms": [
      "joint_pos"
    ],
    "command_metrics_final": {
      "error_anchor_ang_vel": 1.774287462234497,
      "error_anchor_lin_vel": 1.4201470613479614,
      "error_anchor_pos": 0.13161645829677582,
      "error_anchor_rot": 0.05932394787669182,
      "error_body_ang_vel": 5.935176372528076,
      "error_body_lin_vel": 1.5022549629211426,
      "error_body_pos": 0.09703422337770462,
      "error_body_rot": 0.22243313491344452,
      "error_joint_pos": 1.426653265953064,
      "error_joint_vel": 27.0919189453125,
      "sampling_entropy": 0.9984151124954224,
      "sampling_top1_bin": 0.8333333730697632,
      "sampling_top1_prob": 0.19005049765110016
    },
    "command_metrics_timeseries": {
      "error_anchor_ang_vel": {
        "count": 299,
        "max": 5.933505058288574,
        "mean": 1.8967722696703813,
        "min": 0.20218829810619354
      },
      "error_anchor_lin_vel": {
        "count": 299,
        "max": 2.2860262393951416,
        "mean": 1.1641873600191894,
        "min": 0.13314740359783173
      },
      "error_anchor_pos": {
        "count": 299,
        "max": 0.2756516933441162,
        "mean": 0.09924439727686919,
        "min": 0.010632207617163658
      },
      "error_anchor_rot": {
        "count": 299,
        "max": 0.5388750433921814,
        "mean": 0.17893392364665817,
        "min": 0.04165971279144287
      },
      "error_body_ang_vel": {
        "count": 299,
        "max": 13.039423942565918,
        "mean": 6.32395167324854,
        "min": 0.4234395921230316
      },
      "error_body_lin_vel": {
        "count": 299,
        "max": 2.2539186477661133,
        "mean": 1.1734332659571465,
        "min": 0.1476343274116516
      },
      "error_body_pos": {
        "count": 299,
        "max": 0.7851336598396301,
        "mean": 0.0898977450334956,
        "min": 0.0043896338902413845
      },
      "error_body_rot": {
        "count": 299,
        "max": 0.8480028510093689,
        "mean": 0.2578266896930427,
        "min": 0.1123877614736557
      },
      "error_joint_pos": {
        "count": 299,
        "max": 2.420135974884033,
        "mean": 1.486236887532333,
        "min": 0.25121062994003296
      },
      "error_joint_vel": {
        "count": 299,
        "max": 58.70398712158203,
        "mean": 28.949384421409174,
        "min": 0.0
      },
      "sampling_entropy": {
        "count": 299,
        "max": 0.9999999403953552,
        "mean": 0.9987580786181931,
        "min": 0.9979459643363953
      },
      "sampling_top1_bin": {
        "count": 299,
        "max": 0.8333333730697632,
        "mean": 0.7775920085285021,
        "min": 0.0
      },
      "sampling_top1_prob": {
        "count": 299,
        "max": 0.1919035017490387,
        "mean": 0.18307789681747208,
        "min": 0.1666666567325592
      }
    },
    "command_terms": [
      "motion"
    ],
    "critic_observation_dim": 286,
    "device": "cuda:4",
    "done_total": 38,
    "event_modes": [
      "startup",
      "interval"
    ],
    "motion_file": "/mnt/infini-data/test/BeyondMimic/res/tracking/official_csv_to_npz_loop_full_dataset_with_enriched_usd/motions/dance2_subject4/dance2_subject4_official_loop_enriched_usd_motion.npz",
    "num_envs": 1,
    "observation_shapes": {
      "critic": [
        1,
        286
      ],
      "policy": [
        1,
        160
      ]
    },
    "official_csv_loop_npz_input": true,
    "official_csv_to_npz_unpatched_output": false,
    "paper_level_rollout": false,
    "policy_observation_dim": 160,
    "ppo_training": false,
    "real_robot": false,
    "reward": {
      "count": 299,
      "max": 0.05297103896737099,
      "mean": 0.02923391447293519,
      "min": 0.0005008503794670105
    },
    "reward_terms": [
      "motion_global_anchor_pos",
      "motion_global_anchor_ori",
      "motion_body_pos",
      "motion_body_ori",
      "motion_body_lin_vel",
      "motion_body_ang_vel",
      "action_rate_l2",
      "joint_limit",
      "undesired_contacts"
    ],
    "robot_num_bodies": 40,
    "robot_num_joints": 29,
    "status": "ok",
    "step_count": 299,
    "task": "Tracking-Flat-G1-v0",
    "terminated_total": 22,
    "termination_terms": [
      "time_out",
      "anchor_pos",
      "anchor_ori",
      "ee_body_pos"
    ],
    "truncated_total": 16,
    "usd_path": "/mnt/infini-data/test/BeyondMimic/res/tracking/g1_resource_adjusted_enriched_usd/g1_resource_adjusted_29dof_enriched_scaffold.usda",
    "uses_resource_adjusted_usd": true
  },
  "metrics_json": "/mnt/infini-data/test/BeyondMimic/res/tracking/g1_official_csv_loop_full_dataset_task_eval/motions/dance2_subject4/dance2_subject4_task_eval_metrics.json",
  "motion": "dance2_subject4",
  "returncode": 0,
  "stalled": false,
  "status": "ok"
}