variant	reward_mean	target_body_error_mean	done_count_total	teacher_vae_action_mse_mean	denoised_teacher_action_mse_mean	guided_teacher_action_mse_mean	guided_base_action_mse_mean	guidance_cost_delta_mean
denoised_latent	0.022948908750403885	0.34424519538879395	299	5.197438620288142e-05	5.222400102525551e-05	5.2224006670814597e-05	7.700512022015205e-08	3.0603135210215845e-07
receding_latent_guided	0.022600642028560606	0.3463667929172516	299	4.730703507490782e-05	4.753050237022793e-05	4.753050330253604e-05	6.917898069850374e-08	3.030723004436812e-07
teacher	0.021877323067046227	0.34498125314712524	299	4.8310199156162146e-05	4.849824171193469e-05	4.8498236723401876e-05	7.472189900493701e-08	3.0340869789538177e-07
vae_base	0.023523354594499172	0.3432318866252899	299	4.827887381341431e-05	4.848468723254964e-05	4.848469051463922e-05	7.557847669517178e-08	3.05716758188994e-07
