{
  "action_dim": 29,
  "action_terms": [
    "joint_pos"
  ],
  "command_metrics_final": {
    "error_anchor_ang_vel": 4.252377986907959,
    "error_anchor_lin_vel": 0.9665902256965637,
    "error_anchor_pos": 0.47809964418411255,
    "error_anchor_rot": 1.0045101642608643,
    "error_body_ang_vel": 3.23410701751709,
    "error_body_lin_vel": 1.0476632118225098,
    "error_body_pos": 0.4512307047843933,
    "error_body_rot": 0.710156261920929,
    "error_joint_pos": 0.6185752153396606,
    "error_joint_vel": 0.0,
    "sampling_entropy": 0.9952200055122375,
    "sampling_top1_bin": 0.8333333730697632,
    "sampling_top1_prob": 0.20107212662696838
  },
  "command_metrics_timeseries": {
    "error_anchor_ang_vel": {
      "count": 299,
      "max": 10.945648193359375,
      "mean": 2.855796301594147,
      "min": 0.201698437333107
    },
    "error_anchor_lin_vel": {
      "count": 299,
      "max": 2.570861339569092,
      "mean": 0.6919626140076182,
      "min": 0.05319015681743622
    },
    "error_anchor_pos": {
      "count": 299,
      "max": 0.5430659055709839,
      "mean": 0.4938439585293416,
      "min": 0.4219229519367218
    },
    "error_anchor_rot": {
      "count": 299,
      "max": 1.9423304796218872,
      "mean": 0.5803870981353582,
      "min": 0.06458362936973572
    },
    "error_body_ang_vel": {
      "count": 299,
      "max": 7.765615940093994,
      "mean": 3.098391419071019,
      "min": 0.3362255394458771
    },
    "error_body_lin_vel": {
      "count": 299,
      "max": 2.0978779792785645,
      "mean": 0.9488295388959324,
      "min": 0.16626709699630737
    },
    "error_body_pos": {
      "count": 299,
      "max": 3.0591881275177,
      "mean": 1.2220749385580172,
      "min": 0.41849595308303833
    },
    "error_body_rot": {
      "count": 299,
      "max": 2.1768863201141357,
      "mean": 1.3421039415841118,
      "min": 0.6375930309295654
    },
    "error_joint_pos": {
      "count": 299,
      "max": 1.3247193098068237,
      "mean": 0.7529830713335885,
      "min": 0.26411622762680054
    },
    "error_joint_vel": {
      "count": 299,
      "max": 0.0,
      "mean": 0.0,
      "min": 0.0
    },
    "sampling_entropy": {
      "count": 299,
      "max": 0.9999999403953552,
      "mean": 0.9966234186022577,
      "min": 0.9942861795425415
    },
    "sampling_top1_bin": {
      "count": 299,
      "max": 0.8333333730697632,
      "mean": 0.7564102875747808,
      "min": 0.0
    },
    "sampling_top1_prob": {
      "count": 299,
      "max": 0.20884168148040771,
      "mean": 0.19547518579457515,
      "min": 0.1666666567325592
    }
  },
  "command_terms": [
    "motion"
  ],
  "critic_observation_dim": 286,
  "device": "cuda:4",
  "done_total": 299,
  "event_modes": [
    "startup",
    "interval"
  ],
  "motion_file": "/mnt/infini-data/test/BeyondMimic/res/tracking/official_csv_loop_full_bundle_fk_repaired_split_motion_npz/motions/run2_subject4/motion.npz",
  "num_envs": 1,
  "observation_shapes": {
    "critic": [
      1,
      286
    ],
    "policy": [
      1,
      160
    ]
  },
  "official_csv_to_npz_unpatched_output": false,
  "paper_level_rollout": false,
  "policy_observation_dim": 160,
  "ppo_training": false,
  "real_robot": false,
  "reward": {
    "count": 299,
    "max": 0.02980538085103035,
    "mean": 0.006555846181346172,
    "min": -0.01933964341878891
  },
  "reward_terms": [
    "motion_global_anchor_pos",
    "motion_global_anchor_ori",
    "motion_body_pos",
    "motion_body_ori",
    "motion_body_lin_vel",
    "motion_body_ang_vel",
    "action_rate_l2",
    "joint_limit",
    "undesired_contacts"
  ],
  "robot_num_bodies": 40,
  "robot_num_joints": 29,
  "status": "ok",
  "step_count": 299,
  "task": "Tracking-Flat-G1-v0",
  "terminated_total": 299,
  "termination_terms": [
    "time_out",
    "anchor_pos",
    "anchor_ori",
    "ee_body_pos"
  ],
  "truncated_total": 0,
  "usd_path": "/mnt/infini-data/test/BeyondMimic/res/tracking/g1_urdf_in_memory_gpu4_probe/g1_official_importer_in_memory_gpu4_export.usda",
  "uses_fk_repaired_motion_npz": true,
  "uses_official_importer_export_usd": true,
  "uses_resource_adjusted_usd": false
}