gpu,samples,peak_memory_mb,mean_memory_mb,mean_utilization_percent,peak_memory_at_least_10gb
4,275,19229.0,12919.02909090909,97.21818181818182,True
7,275,8129.0,6628.567272727273,79.16363636363636,False
