rank,device,num_envs,rollout_steps,total_env_steps,reward_mean,done_count_total,teacher_vae_action_mse_mean,teacher_vae_action_abs_error_mean,body_pos_error_mean,joint_pos_error_mean
0,cuda:0,1024,299,306176,0.02735274567589612,26324,0.00416394745047986,0.047179819673399466,0.2146048576829575,1.198922031798889
1,cuda:1,1024,299,306176,0.027285028937394203,26297,0.004127638711575356,0.04694752010164851,0.21390380051273566,1.2056259811921264
