{
  "action_dim": 29,
  "action_terms": [
    "joint_pos"
  ],
  "command_metrics_final": {
    "error_anchor_ang_vel": 0.19989147782325745,
    "error_anchor_lin_vel": 0.6456762552261353,
    "error_anchor_pos": 0.4910942316055298,
    "error_anchor_rot": 0.9880009889602661,
    "error_body_ang_vel": 0.20735839009284973,
    "error_body_lin_vel": 0.6644272208213806,
    "error_body_pos": 0.4894494414329529,
    "error_body_rot": 1.213384985923767,
    "error_joint_pos": 0.903740406036377,
    "error_joint_vel": 0.0,
    "sampling_entropy": 0.987153172492981,
    "sampling_top1_bin": 0.3333333432674408,
    "sampling_top1_prob": 0.20898835361003876
  },
  "command_metrics_timeseries": {
    "error_anchor_ang_vel": {
      "count": 299,
      "max": 6.423333644866943,
      "mean": 0.8456681623407032,
      "min": 0.14101839065551758
    },
    "error_anchor_lin_vel": {
      "count": 299,
      "max": 2.429833173751831,
      "mean": 0.44417854890626013,
      "min": 0.060991983860731125
    },
    "error_anchor_pos": {
      "count": 299,
      "max": 0.5235903263092041,
      "mean": 0.500529125681689,
      "min": 0.42174386978149414
    },
    "error_anchor_rot": {
      "count": 299,
      "max": 1.273847222328186,
      "mean": 0.9947974933031012,
      "min": 0.7097118496894836
    },
    "error_body_ang_vel": {
      "count": 299,
      "max": 7.04377555847168,
      "mean": 1.105762378228548,
      "min": 0.18977893888950348
    },
    "error_body_lin_vel": {
      "count": 299,
      "max": 1.6515895128250122,
      "mean": 0.49493201969060613,
      "min": 0.15892642736434937
    },
    "error_body_pos": {
      "count": 299,
      "max": 1.139575481414795,
      "mean": 0.4882597006284274,
      "min": 0.40489521622657776
    },
    "error_body_rot": {
      "count": 299,
      "max": 1.5884449481964111,
      "mean": 1.23043320629509,
      "min": 0.6987816691398621
    },
    "error_joint_pos": {
      "count": 299,
      "max": 1.1959837675094604,
      "mean": 0.7893379278804945,
      "min": 0.38959386944770813
    },
    "error_joint_vel": {
      "count": 299,
      "max": 0.0,
      "mean": 0.0,
      "min": 0.0
    },
    "sampling_entropy": {
      "count": 299,
      "max": 0.9999999403953552,
      "mean": 0.99114595508097,
      "min": 0.9857958555221558
    },
    "sampling_top1_bin": {
      "count": 299,
      "max": 0.5,
      "mean": 0.23522854623786582,
      "min": 0.0
    },
    "sampling_top1_prob": {
      "count": 299,
      "max": 0.22203469276428223,
      "mean": 0.202011132619054,
      "min": 0.1666666567325592
    }
  },
  "command_terms": [
    "motion"
  ],
  "critic_observation_dim": 286,
  "device": "cuda:4",
  "done_total": 299,
  "event_modes": [
    "startup",
    "interval"
  ],
  "motion_file": "/mnt/infini-data/test/BeyondMimic/res/tracking/official_csv_loop_full_bundle_fk_repaired_split_motion_npz/motions/run2_subject1/motion.npz",
  "num_envs": 1,
  "observation_shapes": {
    "critic": [
      1,
      286
    ],
    "policy": [
      1,
      160
    ]
  },
  "official_csv_to_npz_unpatched_output": false,
  "paper_level_rollout": false,
  "policy_observation_dim": 160,
  "ppo_training": false,
  "real_robot": false,
  "reward": {
    "count": 299,
    "max": 0.04032339155673981,
    "mean": 0.018360750951389955,
    "min": -0.033431388437747955
  },
  "reward_terms": [
    "motion_global_anchor_pos",
    "motion_global_anchor_ori",
    "motion_body_pos",
    "motion_body_ori",
    "motion_body_lin_vel",
    "motion_body_ang_vel",
    "action_rate_l2",
    "joint_limit",
    "undesired_contacts"
  ],
  "robot_num_bodies": 40,
  "robot_num_joints": 29,
  "status": "ok",
  "step_count": 299,
  "task": "Tracking-Flat-G1-v0",
  "terminated_total": 299,
  "termination_terms": [
    "time_out",
    "anchor_pos",
    "anchor_ori",
    "ee_body_pos"
  ],
  "truncated_total": 0,
  "usd_path": "/mnt/infini-data/test/BeyondMimic/res/tracking/g1_urdf_in_memory_gpu4_probe/g1_official_importer_in_memory_gpu4_export.usda",
  "uses_fk_repaired_motion_npz": true,
  "uses_official_importer_export_usd": true,
  "uses_resource_adjusted_usd": false
}