variant	reward_mean	target_body_error_mean	done_count_total	teacher_vae_action_mse_mean	denoised_teacher_action_mse_mean	guided_teacher_action_mse_mean	guided_base_action_mse_mean	guidance_cost_delta_mean
denoised_latent	0.022306692761596428	0.0806153193116188	25	0.005672223148026494	0.01295806587296834	0.012957957086548906	0.007119340592384787	9.370189047976082e-06
receding_latent_guided	0.02601146826015966	0.08076322823762894	25	0.003463260533446197	0.010319684201502631	0.010319566199973375	0.007063475568283561	8.419704277778549e-06
teacher	0.022089736701229146	0.0785144716501236	26	0.004341895617003456	0.012061949833342961	0.01206186151499533	0.0074453070295669365	1.0653184010432316e-05
vae_base	0.02235501521519295	0.0803205594420433	25	0.005362281932442583	0.012793530212453625	0.012793415159852958	0.007175726789582434	9.958161956889176e-06
