{
  "action_dim": 29,
  "action_terms": [
    "joint_pos"
  ],
  "command_metrics_final": {
    "error_anchor_ang_vel": 0.36688199639320374,
    "error_anchor_lin_vel": 0.564365029335022,
    "error_anchor_pos": 0.4967919588088989,
    "error_anchor_rot": 0.30598947405815125,
    "error_body_ang_vel": 0.3594445586204529,
    "error_body_lin_vel": 0.4892400801181793,
    "error_body_pos": 0.4902588725090027,
    "error_body_rot": 1.0723234415054321,
    "error_joint_pos": 1.0454318523406982,
    "error_joint_vel": 0.0,
    "sampling_entropy": 0.976906418800354,
    "sampling_top1_bin": 0.8333333730697632,
    "sampling_top1_prob": 0.23222973942756653
  },
  "command_metrics_timeseries": {
    "error_anchor_ang_vel": {
      "count": 299,
      "max": 1.0254883766174316,
      "mean": 0.6038303154966106,
      "min": 0.18736816942691803
    },
    "error_anchor_lin_vel": {
      "count": 299,
      "max": 0.8126993775367737,
      "mean": 0.4155376802718759,
      "min": 0.07707946747541428
    },
    "error_anchor_pos": {
      "count": 299,
      "max": 0.5202771425247192,
      "mean": 0.49913088882647233,
      "min": 0.4814654588699341
    },
    "error_anchor_rot": {
      "count": 299,
      "max": 0.5906028151512146,
      "mean": 0.3831279871854495,
      "min": 0.152345672249794
    },
    "error_body_ang_vel": {
      "count": 299,
      "max": 1.9612456560134888,
      "mean": 0.6492375630299781,
      "min": 0.2021241933107376
    },
    "error_body_lin_vel": {
      "count": 299,
      "max": 0.7080127596855164,
      "mean": 0.43154595916885197,
      "min": 0.11549633741378784
    },
    "error_body_pos": {
      "count": 299,
      "max": 0.7458557486534119,
      "mean": 0.4932756999065246,
      "min": 0.46757447719573975
    },
    "error_body_rot": {
      "count": 299,
      "max": 1.1858562231063843,
      "mean": 1.0315156531174445,
      "min": 0.6228269338607788
    },
    "error_joint_pos": {
      "count": 299,
      "max": 1.2637436389923096,
      "mean": 1.0476168318337022,
      "min": 1.008322834968567
    },
    "error_joint_vel": {
      "count": 299,
      "max": 0.0,
      "mean": 0.0,
      "min": 0.0
    },
    "sampling_entropy": {
      "count": 299,
      "max": 0.9999999403953552,
      "mean": 0.9842033850708135,
      "min": 0.9744057655334473
    },
    "sampling_top1_bin": {
      "count": 299,
      "max": 0.8333333730697632,
      "mean": 0.7798216618024386,
      "min": 0.0
    },
    "sampling_top1_prob": {
      "count": 299,
      "max": 0.24168536067008972,
      "mean": 0.21945263555018002,
      "min": 0.1666666567325592
    }
  },
  "command_terms": [
    "motion"
  ],
  "critic_observation_dim": 286,
  "device": "cuda:4",
  "done_total": 299,
  "event_modes": [
    "startup",
    "interval"
  ],
  "motion_file": "/mnt/infini-data/test/BeyondMimic/res/tracking/official_csv_loop_full_bundle_fk_repaired_split_motion_npz/motions/dance2_subject4/motion.npz",
  "num_envs": 1,
  "observation_shapes": {
    "critic": [
      1,
      286
    ],
    "policy": [
      1,
      160
    ]
  },
  "official_csv_to_npz_unpatched_output": false,
  "paper_level_rollout": false,
  "policy_observation_dim": 160,
  "ppo_training": false,
  "real_robot": false,
  "reward": {
    "count": 299,
    "max": -0.0034302668645977974,
    "mean": -0.01642603306940766,
    "min": -0.027854960411787033
  },
  "reward_terms": [
    "motion_global_anchor_pos",
    "motion_global_anchor_ori",
    "motion_body_pos",
    "motion_body_ori",
    "motion_body_lin_vel",
    "motion_body_ang_vel",
    "action_rate_l2",
    "joint_limit",
    "undesired_contacts"
  ],
  "robot_num_bodies": 40,
  "robot_num_joints": 29,
  "status": "ok",
  "step_count": 299,
  "task": "Tracking-Flat-G1-v0",
  "terminated_total": 299,
  "termination_terms": [
    "time_out",
    "anchor_pos",
    "anchor_ori",
    "ee_body_pos"
  ],
  "truncated_total": 0,
  "usd_path": "/mnt/infini-data/test/BeyondMimic/res/tracking/g1_urdf_in_memory_gpu4_probe/g1_official_importer_in_memory_gpu4_export.usda",
  "uses_fk_repaired_motion_npz": true,
  "uses_official_importer_export_usd": true,
  "uses_resource_adjusted_usd": false
}