{
  "duration_seconds": 110.101,
  "log": "/mnt/infini-data/test/BeyondMimic/logs/tracking_g1_official_csv_loop_full_dataset_task_eval/walk2_subject4_task_eval.log",
  "markers": {
    "after_app": true,
    "before_app": true,
    "env_created": true,
    "env_reset": true,
    "exception": false,
    "metrics_file": true,
    "stall_timeout": false,
    "step_bound_reached": true,
    "success": true,
    "traceback": false,
    "vulkan_device_lost": false
  },
  "metrics": {
    "action_dim": 29,
    "action_terms": [
      "joint_pos"
    ],
    "command_metrics_final": {
      "error_anchor_ang_vel": 0.5983047485351562,
      "error_anchor_lin_vel": 0.4075646698474884,
      "error_anchor_pos": 0.013176318258047104,
      "error_anchor_rot": 0.12204933166503906,
      "error_body_ang_vel": 0.5929843187332153,
      "error_body_lin_vel": 0.29186928272247314,
      "error_body_pos": 0.07492202520370483,
      "error_body_rot": 1.1370552778244019,
      "error_joint_pos": 0.2942424416542053,
      "error_joint_vel": 0.0,
      "sampling_entropy": 0.9954997301101685,
      "sampling_top1_bin": 0.1666666716337204,
      "sampling_top1_prob": 0.1954556554555893
    },
    "command_metrics_timeseries": {
      "error_anchor_ang_vel": {
        "count": 299,
        "max": 11.615358352661133,
        "mean": 1.9891428734646195,
        "min": 0.16557623445987701
      },
      "error_anchor_lin_vel": {
        "count": 299,
        "max": 2.218050956726074,
        "mean": 1.168668728645729,
        "min": 0.02995581552386284
      },
      "error_anchor_pos": {
        "count": 299,
        "max": 0.2742176651954651,
        "mean": 0.10615536036673796,
        "min": 0.013176318258047104
      },
      "error_anchor_rot": {
        "count": 299,
        "max": 0.4787551760673523,
        "mean": 0.17574010990765632,
        "min": 0.0077437893487513065
      },
      "error_body_ang_vel": {
        "count": 299,
        "max": 21.77338981628418,
        "mean": 6.674247561190838,
        "min": 0.2913031578063965
      },
      "error_body_lin_vel": {
        "count": 299,
        "max": 2.3989415168762207,
        "mean": 1.1935812780589963,
        "min": 0.07251022756099701
      },
      "error_body_pos": {
        "count": 299,
        "max": 0.7832170724868774,
        "mean": 0.09360301370473958,
        "min": 0.004296414088457823
      },
      "error_body_rot": {
        "count": 299,
        "max": 2.4149129390716553,
        "mean": 0.3054808836716872,
        "min": 0.10545911639928818
      },
      "error_joint_pos": {
        "count": 299,
        "max": 2.0553369522094727,
        "mean": 1.265897483331304,
        "min": 0.2660212218761444
      },
      "error_joint_vel": {
        "count": 299,
        "max": 71.782470703125,
        "mean": 30.324283625369887,
        "min": 0.0
      },
      "sampling_entropy": {
        "count": 299,
        "max": 0.9999999403953552,
        "mean": 0.9974631465797041,
        "min": 0.9953515529632568
      },
      "sampling_top1_bin": {
        "count": 299,
        "max": 0.6666666865348816,
        "mean": 0.19175028442140407,
        "min": 0.0
      },
      "sampling_top1_prob": {
        "count": 299,
        "max": 0.21037966012954712,
        "mean": 0.19311990342211963,
        "min": 0.1666666567325592
      }
    },
    "command_terms": [
      "motion"
    ],
    "critic_observation_dim": 286,
    "device": "cuda:4",
    "done_total": 35,
    "event_modes": [
      "startup",
      "interval"
    ],
    "motion_file": "/mnt/infini-data/test/BeyondMimic/res/tracking/official_csv_to_npz_loop_full_dataset_with_enriched_usd/motions/walk2_subject4/walk2_subject4_official_loop_enriched_usd_motion.npz",
    "num_envs": 1,
    "observation_shapes": {
      "critic": [
        1,
        286
      ],
      "policy": [
        1,
        160
      ]
    },
    "official_csv_loop_npz_input": true,
    "official_csv_to_npz_unpatched_output": false,
    "paper_level_rollout": false,
    "policy_observation_dim": 160,
    "ppo_training": false,
    "real_robot": false,
    "reward": {
      "count": 299,
      "max": 0.05252373591065407,
      "mean": 0.029177418215368504,
      "min": -0.002651594579219818
    },
    "reward_terms": [
      "motion_global_anchor_pos",
      "motion_global_anchor_ori",
      "motion_body_pos",
      "motion_body_ori",
      "motion_body_lin_vel",
      "motion_body_ang_vel",
      "action_rate_l2",
      "joint_limit",
      "undesired_contacts"
    ],
    "robot_num_bodies": 40,
    "robot_num_joints": 29,
    "status": "ok",
    "step_count": 299,
    "task": "Tracking-Flat-G1-v0",
    "terminated_total": 23,
    "termination_terms": [
      "time_out",
      "anchor_pos",
      "anchor_ori",
      "ee_body_pos"
    ],
    "truncated_total": 12,
    "usd_path": "/mnt/infini-data/test/BeyondMimic/res/tracking/g1_resource_adjusted_enriched_usd/g1_resource_adjusted_29dof_enriched_scaffold.usda",
    "uses_resource_adjusted_usd": true
  },
  "metrics_json": "/mnt/infini-data/test/BeyondMimic/res/tracking/g1_official_csv_loop_full_dataset_task_eval/motions/walk2_subject4/walk2_subject4_task_eval_metrics.json",
  "motion": "walk2_subject4",
  "returncode": 0,
  "stalled": false,
  "status": "ok"
}