variant	reward_mean	target_body_error_mean	done_count_total	teacher_vae_action_mse_mean	denoised_teacher_action_mse_mean	guided_teacher_action_mse_mean	guided_base_action_mse_mean	guidance_cost_delta_mean
denoised_latent	0.02601632352818713	0.07921238988637924	26	0.004639106414656164	0.011467052348749245	0.011466933704015603	0.0070866465040585365	1.483587516988799e-05
receding_latent_guided	0.018506255919693106	0.08319699764251709	26	0.006741164441872232	0.014169107887420467	0.014168994070613216	0.007090834838440984	1.5350588189319625e-05
teacher	0.02457165221892372	0.08178215473890305	26	0.0033689780730402166	0.010896677867724346	0.010896585203464265	0.007381755378592547	1.4992461954072168e-05
vae_base	0.027459976786629214	0.0779278576374054	25	0.0044775502573244	0.01142358586478692	0.011423479671431177	0.007032526368088397	1.5196991604706117e-05
