variant	reward_mean	target_body_error_mean	done_count_total	teacher_vae_action_mse_mean	denoised_teacher_action_mse_mean	guided_teacher_action_mse_mean	guided_base_action_mse_mean	guidance_cost_delta_mean
denoised_latent	0.018355007750608252	0.08202430605888367	26	0.007625193950871198	0.015156567845817493	0.01515646996817561	0.007242942143645898	5.618844143921715e-05
receding_latent_guided	0.0214927053378029	0.07995400577783585	25	0.006681009355864727	0.013820290993774515	0.013820199023334178	0.007090290352689681	5.403818892794708e-05
teacher	0.020570022293855513	0.08083824813365936	25	0.006596027599257513	0.014727891435267336	0.01472781914563532	0.007716548057540903	5.545604189104061e-05
vae_base	0.017176153088443256	0.08089848607778549	27	0.007628213682945469	0.015168761410111916	0.015168675317282611	0.007347294997289951	5.911654453213797e-05
