{
  "duration_seconds": 40.044,
  "log": "/mnt/infini-data/test/BeyondMimic/logs/tracking_g1_official_importer_export_fk_repaired_robot_order_split_task_eval/walk4_subject1_task_eval.log",
  "markers": {
    "after_app": true,
    "before_app": true,
    "env_created": true,
    "env_reset": true,
    "exception": false,
    "metrics_file": true,
    "stall_timeout": false,
    "step_bound_reached": true,
    "success": true,
    "traceback": false,
    "vulkan_device_lost": false
  },
  "metrics": {
    "action_dim": 29,
    "action_terms": [
      "joint_pos"
    ],
    "command_metrics_final": {
      "error_anchor_ang_vel": 2.939624786376953,
      "error_anchor_lin_vel": 1.1521745920181274,
      "error_anchor_pos": 0.13674937188625336,
      "error_anchor_rot": 0.46476301550865173,
      "error_body_ang_vel": 4.606357097625732,
      "error_body_lin_vel": 1.2049802541732788,
      "error_body_pos": 0.17433935403823853,
      "error_body_rot": 1.2046303749084473,
      "error_joint_pos": 2.4796547889709473,
      "error_joint_vel": 24.761598587036133,
      "sampling_entropy": 0.9977576732635498,
      "sampling_top1_bin": 0.0,
      "sampling_top1_prob": 0.19547373056411743
    },
    "command_metrics_timeseries": {
      "error_anchor_ang_vel": {
        "count": 299,
        "max": 6.685900688171387,
        "mean": 1.6218350998135316,
        "min": 0.3147091865539551
      },
      "error_anchor_lin_vel": {
        "count": 299,
        "max": 1.8203274011611938,
        "mean": 0.8272347662560517,
        "min": 0.11454561352729797
      },
      "error_anchor_pos": {
        "count": 299,
        "max": 0.23940572142601013,
        "mean": 0.07751967122834363,
        "min": 0.00957739818841219
      },
      "error_anchor_rot": {
        "count": 299,
        "max": 0.98792564868927,
        "mean": 0.5562766823780576,
        "min": 0.18774311244487762
      },
      "error_body_ang_vel": {
        "count": 299,
        "max": 8.828254699707031,
        "mean": 3.1073287312801066,
        "min": 0.4546220302581787
      },
      "error_body_lin_vel": {
        "count": 299,
        "max": 1.6290485858917236,
        "mean": 0.8064498231064117,
        "min": 0.22818464040756226
      },
      "error_body_pos": {
        "count": 299,
        "max": 0.7425658106803894,
        "mean": 0.15824192802244205,
        "min": 0.0966920405626297
      },
      "error_body_rot": {
        "count": 299,
        "max": 1.3233554363250732,
        "mean": 1.024442954206945,
        "min": 0.6954532861709595
      },
      "error_joint_pos": {
        "count": 299,
        "max": 4.412740230560303,
        "mean": 1.5662179316166651,
        "min": 0.3958319127559662
      },
      "error_joint_vel": {
        "count": 299,
        "max": 49.26117706298828,
        "mean": 15.556813269554572,
        "min": 0.0
      },
      "sampling_entropy": {
        "count": 299,
        "max": 0.9999999403953552,
        "mean": 0.9989754992185229,
        "min": 0.9975248575210571
      },
      "sampling_top1_bin": {
        "count": 299,
        "max": 0.8333333730697632,
        "mean": 0.2185061385599666,
        "min": 0.0
      },
      "sampling_top1_prob": {
        "count": 299,
        "max": 0.19547373056411743,
        "mean": 0.18138181784479912,
        "min": 0.1666666567325592
      }
    },
    "command_terms": [
      "motion"
    ],
    "critic_observation_dim": 286,
    "device": "cuda:4",
    "done_total": 34,
    "event_modes": [
      "startup",
      "interval"
    ],
    "motion_file": "/mnt/infini-data/test/BeyondMimic/res/tracking/official_csv_loop_full_bundle_fk_repaired_robot_order_motion_npz/motions/walk4_subject1/motion.npz",
    "num_envs": 1,
    "observation_shapes": {
      "critic": [
        1,
        286
      ],
      "policy": [
        1,
        160
      ]
    },
    "official_csv_to_npz_unpatched_output": false,
    "paper_level_rollout": false,
    "policy_observation_dim": 160,
    "ppo_training": false,
    "real_robot": false,
    "reward": {
      "count": 299,
      "max": 0.06284593790769577,
      "mean": 0.02220729222352987,
      "min": -0.06206841394305229
    },
    "reward_terms": [
      "motion_global_anchor_pos",
      "motion_global_anchor_ori",
      "motion_body_pos",
      "motion_body_ori",
      "motion_body_lin_vel",
      "motion_body_ang_vel",
      "action_rate_l2",
      "joint_limit",
      "undesired_contacts"
    ],
    "robot_num_bodies": 40,
    "robot_num_joints": 29,
    "status": "ok",
    "step_count": 299,
    "task": "Tracking-Flat-G1-v0",
    "terminated_total": 20,
    "termination_terms": [
      "time_out",
      "anchor_pos",
      "anchor_ori",
      "ee_body_pos"
    ],
    "truncated_total": 14,
    "usd_path": "/mnt/infini-data/test/BeyondMimic/res/tracking/g1_urdf_in_memory_gpu4_probe/g1_official_importer_in_memory_gpu4_export.usda",
    "uses_fk_repaired_motion_npz": true,
    "uses_fk_repaired_robot_order_motion_npz": true,
    "uses_official_importer_export_usd": true,
    "uses_resource_adjusted_usd": false
  },
  "metrics_json": "/mnt/infini-data/test/BeyondMimic/res/tracking/g1_official_importer_export_fk_repaired_robot_order_split_task_eval/motions/walk4_subject1/walk4_subject1_task_eval_metrics.json",
  "motion": "walk4_subject1",
  "returncode": 0,
  "stalled": false,
  "status": "ok"
}