{
  "action_dim": 29,
  "action_terms": [
    "joint_pos"
  ],
  "command_metrics_final": {
    "error_anchor_ang_vel": 2.0628578662872314,
    "error_anchor_lin_vel": 1.2553752660751343,
    "error_anchor_pos": 0.13314296305179596,
    "error_anchor_rot": 0.28208649158477783,
    "error_body_ang_vel": 5.3397746086120605,
    "error_body_lin_vel": 1.3240160942077637,
    "error_body_pos": 0.07547411322593689,
    "error_body_rot": 0.34878644347190857,
    "error_joint_pos": 1.2119848728179932,
    "error_joint_vel": 19.0773868560791,
    "sampling_entropy": 0.9996318221092224,
    "sampling_top1_bin": 0.3333333432674408,
    "sampling_top1_prob": 0.17482973635196686
  },
  "command_metrics_timeseries": {
    "error_anchor_ang_vel": {
      "count": 299,
      "max": 6.735979080200195,
      "mean": 1.890957174990887,
      "min": 0.282844215631485
    },
    "error_anchor_lin_vel": {
      "count": 299,
      "max": 2.2572402954101562,
      "mean": 1.1582064603184379,
      "min": 0.1447962522506714
    },
    "error_anchor_pos": {
      "count": 299,
      "max": 0.26525431871414185,
      "mean": 0.1000310807273938,
      "min": 0.004843562841415405
    },
    "error_anchor_rot": {
      "count": 299,
      "max": 0.6026709675788879,
      "mean": 0.1898426477949954,
      "min": 0.027566224336624146
    },
    "error_body_ang_vel": {
      "count": 299,
      "max": 14.830475807189941,
      "mean": 6.086196268880647,
      "min": 0.4184674918651581
    },
    "error_body_lin_vel": {
      "count": 299,
      "max": 2.2937562465667725,
      "mean": 1.1911023847733853,
      "min": 0.15184423327445984
    },
    "error_body_pos": {
      "count": 299,
      "max": 1.5351922512054443,
      "mean": 0.13368434331576062,
      "min": 0.00416151899844408
    },
    "error_body_rot": {
      "count": 299,
      "max": 1.6964272260665894,
      "mean": 0.3259923479778312,
      "min": 0.09838585555553436
    },
    "error_joint_pos": {
      "count": 299,
      "max": 2.966815948486328,
      "mean": 1.1475537229939847,
      "min": 0.2620975375175476
    },
    "error_joint_vel": {
      "count": 299,
      "max": 68.99987030029297,
      "mean": 27.42175233005281,
      "min": 0.0
    },
    "sampling_entropy": {
      "count": 299,
      "max": 0.9999999403953552,
      "mean": 0.9996515049982231,
      "min": 0.9992015957832336
    },
    "sampling_top1_bin": {
      "count": 299,
      "max": 0.8333333730697632,
      "mean": 0.43924193358341584,
      "min": 0.0
    },
    "sampling_top1_prob": {
      "count": 299,
      "max": 0.1792580932378769,
      "mean": 0.1739752114716182,
      "min": 0.1666666567325592
    }
  },
  "command_terms": [
    "motion"
  ],
  "critic_observation_dim": 286,
  "device": "cuda:4",
  "done_total": 43,
  "event_modes": [
    "startup",
    "interval"
  ],
  "motion_file": "/mnt/infini-data/test/BeyondMimic/res/tracking/official_csv_to_npz_loop_full_dataset_with_enriched_usd/motions/walk3_subject4/walk3_subject4_official_loop_enriched_usd_motion.npz",
  "num_envs": 1,
  "observation_shapes": {
    "critic": [
      1,
      286
    ],
    "policy": [
      1,
      160
    ]
  },
  "official_csv_loop_npz_input": true,
  "official_csv_to_npz_unpatched_output": false,
  "paper_level_rollout": false,
  "policy_observation_dim": 160,
  "ppo_training": false,
  "real_robot": false,
  "reward": {
    "count": 299,
    "max": 0.05364486947655678,
    "mean": 0.028633012557807175,
    "min": -0.012872379273176193
  },
  "reward_terms": [
    "motion_global_anchor_pos",
    "motion_global_anchor_ori",
    "motion_body_pos",
    "motion_body_ori",
    "motion_body_lin_vel",
    "motion_body_ang_vel",
    "action_rate_l2",
    "joint_limit",
    "undesired_contacts"
  ],
  "robot_num_bodies": 40,
  "robot_num_joints": 29,
  "status": "ok",
  "step_count": 299,
  "task": "Tracking-Flat-G1-v0",
  "terminated_total": 25,
  "termination_terms": [
    "time_out",
    "anchor_pos",
    "anchor_ori",
    "ee_body_pos"
  ],
  "truncated_total": 18,
  "usd_path": "/mnt/infini-data/test/BeyondMimic/res/tracking/g1_resource_adjusted_enriched_usd/g1_resource_adjusted_29dof_enriched_scaffold.usda",
  "uses_resource_adjusted_usd": true
}