{
  "duration_seconds": 110.117,
  "log": "/mnt/infini-data/test/BeyondMimic/logs/tracking_g1_official_csv_loop_full_dataset_task_eval/dance1_subject1_task_eval.log",
  "markers": {
    "after_app": true,
    "before_app": true,
    "env_created": true,
    "env_reset": true,
    "exception": false,
    "metrics_file": true,
    "stall_timeout": false,
    "step_bound_reached": true,
    "success": true,
    "traceback": false,
    "vulkan_device_lost": false
  },
  "metrics": {
    "action_dim": 29,
    "action_terms": [
      "joint_pos"
    ],
    "command_metrics_final": {
      "error_anchor_ang_vel": 4.216193199157715,
      "error_anchor_lin_vel": 1.4397541284561157,
      "error_anchor_pos": 0.11047600954771042,
      "error_anchor_rot": 0.3852877616882324,
      "error_body_ang_vel": 8.727765083312988,
      "error_body_lin_vel": 1.3562982082366943,
      "error_body_pos": 0.10261215269565582,
      "error_body_rot": 0.4060782194137573,
      "error_joint_pos": 1.585428237915039,
      "error_joint_vel": 26.909730911254883,
      "sampling_entropy": 0.9989502429962158,
      "sampling_top1_bin": 0.8333333730697632,
      "sampling_top1_prob": 0.17940379679203033
    },
    "command_metrics_timeseries": {
      "error_anchor_ang_vel": {
        "count": 299,
        "max": 13.859818458557129,
        "mean": 2.378210560035546,
        "min": 0.3348420262336731
      },
      "error_anchor_lin_vel": {
        "count": 299,
        "max": 2.3483476638793945,
        "mean": 1.1258093431641825,
        "min": 0.13265110552310944
      },
      "error_anchor_pos": {
        "count": 299,
        "max": 0.30961698293685913,
        "mean": 0.1017937800367316,
        "min": 0.006525205913931131
      },
      "error_anchor_rot": {
        "count": 299,
        "max": 0.792030930519104,
        "mean": 0.2123620650702994,
        "min": 0.021024076268076897
      },
      "error_body_ang_vel": {
        "count": 299,
        "max": 25.013933181762695,
        "mean": 7.988755743838473,
        "min": 0.34396159648895264
      },
      "error_body_lin_vel": {
        "count": 299,
        "max": 2.3186898231506348,
        "mean": 1.1789434201342606,
        "min": 0.16889193654060364
      },
      "error_body_pos": {
        "count": 299,
        "max": 0.8947388529777527,
        "mean": 0.09811213723754504,
        "min": 0.003701026551425457
      },
      "error_body_rot": {
        "count": 299,
        "max": 1.130622386932373,
        "mean": 0.32610867720682885,
        "min": 0.10531622916460037
      },
      "error_joint_pos": {
        "count": 299,
        "max": 2.0864861011505127,
        "mean": 1.3513279639956943,
        "min": 0.2731093466281891
      },
      "error_joint_vel": {
        "count": 299,
        "max": 110.34494018554688,
        "mean": 35.084324871815966,
        "min": 0.0
      },
      "sampling_entropy": {
        "count": 299,
        "max": 0.9999999403953552,
        "mean": 0.9994582306581198,
        "min": 0.9987742900848389
      },
      "sampling_top1_bin": {
        "count": 299,
        "max": 0.8333333730697632,
        "mean": 0.7012263396910601,
        "min": 0.0
      },
      "sampling_top1_prob": {
        "count": 299,
        "max": 0.1864188015460968,
        "mean": 0.17766302594771752,
        "min": 0.1666666567325592
      }
    },
    "command_terms": [
      "motion"
    ],
    "critic_observation_dim": 286,
    "device": "cuda:4",
    "done_total": 37,
    "event_modes": [
      "startup",
      "interval"
    ],
    "motion_file": "/mnt/infini-data/test/BeyondMimic/res/tracking/official_csv_to_npz_loop_full_dataset_with_enriched_usd/motions/dance1_subject1/dance1_subject1_official_loop_enriched_usd_motion.npz",
    "num_envs": 1,
    "observation_shapes": {
      "critic": [
        1,
        286
      ],
      "policy": [
        1,
        160
      ]
    },
    "official_csv_loop_npz_input": true,
    "official_csv_to_npz_unpatched_output": false,
    "paper_level_rollout": false,
    "policy_observation_dim": 160,
    "ppo_training": false,
    "real_robot": false,
    "reward": {
      "count": 299,
      "max": 0.04931233450770378,
      "mean": 0.026772626765994324,
      "min": -0.006291477009654045
    },
    "reward_terms": [
      "motion_global_anchor_pos",
      "motion_global_anchor_ori",
      "motion_body_pos",
      "motion_body_ori",
      "motion_body_lin_vel",
      "motion_body_ang_vel",
      "action_rate_l2",
      "joint_limit",
      "undesired_contacts"
    ],
    "robot_num_bodies": 40,
    "robot_num_joints": 29,
    "status": "ok",
    "step_count": 299,
    "task": "Tracking-Flat-G1-v0",
    "terminated_total": 20,
    "termination_terms": [
      "time_out",
      "anchor_pos",
      "anchor_ori",
      "ee_body_pos"
    ],
    "truncated_total": 17,
    "usd_path": "/mnt/infini-data/test/BeyondMimic/res/tracking/g1_resource_adjusted_enriched_usd/g1_resource_adjusted_29dof_enriched_scaffold.usda",
    "uses_resource_adjusted_usd": true
  },
  "metrics_json": "/mnt/infini-data/test/BeyondMimic/res/tracking/g1_official_csv_loop_full_dataset_task_eval/motions/dance1_subject1/dance1_subject1_task_eval_metrics.json",
  "motion": "dance1_subject1",
  "returncode": 0,
  "stalled": false,
  "status": "ok"
}