variant	reward_mean	target_body_error_mean	done_count_total	teacher_vae_action_mse_mean	denoised_teacher_action_mse_mean	guided_teacher_action_mse_mean	guided_base_action_mse_mean	guidance_cost_delta_mean
denoised_latent	0.02718464813715339	0.07697273045778275	25	0.003501610470083807	0.009287759558107692	0.009287686946094784	0.005992489465104297	8.505602744112047e-05
receding_latent_guided	0.027122783066586508	0.07886283844709396	25	0.0035886665414683956	0.009727277454256663	0.009727197793471224	0.006201173654635963	8.970249855398734e-05
teacher	0.026222238874679626	0.07893212139606476	26	0.0035589023552216703	0.00977531946061746	0.009775245151043338	0.006018063897986501	8.530979571135148e-05
vae_base	0.02622443522298615	0.08149082958698273	26	0.0036824162009703215	0.009673366305203391	0.00967328788410486	0.005822182087699593	8.585421137985178e-05
