variant	reward_mean	target_body_error_mean	done_count_total	teacher_vae_action_mse_mean	denoised_teacher_action_mse_mean	guided_teacher_action_mse_mean	guided_base_action_mse_mean	guidance_cost_delta_mean
denoised_latent	0.02666050039954409	0.07950112223625183	25	0.00257813068619543	0.008791680134720727	0.008791579463889816	0.006311406313292184	7.948030197500784e-05
receding_latent_guided	0.027629154796609313	0.07684390246868134	24	0.0027643612265333	0.008578553813724564	0.008578456378383033	0.006091046865007849	8.373406021092648e-05
teacher	0.02585781598307915	0.07821740210056305	26	0.002521719760621624	0.008332312460614985	0.008332223010819442	0.005917078732469284	8.642254864491747e-05
vae_base	0.024699567935513613	0.07686343044042587	24	0.003590161110765852	0.009087829422330279	0.009087735616499216	0.005889489267170927	8.640839503361628e-05
