variant	reward_mean	target_body_error_mean	done_count_total	teacher_vae_action_mse_mean	denoised_teacher_action_mse_mean	guided_teacher_action_mse_mean	guided_base_action_mse_mean	guidance_cost_delta_mean
denoised_latent	0.02441291095701398	0.34458839893341064	299	0.00019977920365334492	0.0002505745083470533	0.0002505738891606269	4.656626778042272e-05	8.216819236908469e-06
receding_latent_guided	0.023856032100883016	0.3464820384979248	299	0.00020211681605183932	0.00025601527903499206	0.0002560146445544541	5.022957552009788e-05	8.142836715864098e-06
teacher	0.02221220653086751	0.34490013122558594	299	0.00020015084752279575	0.0002559200958456855	0.0002559193603656088	5.1867975479045864e-05	8.146350200359639e-06
vae_base	0.021595602667420156	0.34489062428474426	299	0.00019885314759449102	0.00024814851302984496	0.0002481479697542874	4.5412086780213235e-05	8.282977402409582e-06
