rank,device,num_envs,rollout_steps,total_env_steps,reward_mean,done_count_total,teacher_vae_action_mse_mean,teacher_vae_action_abs_error_mean,body_pos_error_mean,joint_pos_error_mean
0,cuda:0,1536,299,459264,0.027830391748493732,459264,5.0484376634299025e-05,0.005271938079687764,0.6639962230239026,0.7176544534721502
1,cuda:1,1536,299,459264,0.028122599981102257,459264,4.982479903109163e-05,0.005244185665254808,0.6594059654701514,0.7215861070116228
