gpu,samples,peak_memory_mb,mean_memory_mb,mean_utilization_percent,peak_memory_at_least_10gb
4,14,4431.0,2457.9285714285716,22.857142857142858,False
7,14,4423.0,2342.214285714286,19.214285714285715,False
