split	motion_names	window_count	token_count	clean_current_action_mse	noisy_current_action_mse	checkpoint_current_action_mse	checkpoint_current_delta_vs_noisy	checkpoint_current_delta_vs_clean	clean_full_action_mse	noisy_full_action_mse	checkpoint_full_action_mse	checkpoint_full_delta_vs_noisy
train	walk1_subject1_frames_1_180_state_fixture	28	588	1.8188091704965646e-08	0.0543550342297208	0.5037098564088699	-0.44935482217914907	-0.5037098382207782	1.7368675036551282e-08	0.058461530240660385	0.48611559554114847	-0.4276540653004881
validation	run2_subject1_frames_1_180_state_fixture	28	588	0.0001372347553921812	0.05259505892292108	0.45596258052197547	-0.40336752159905437	-0.4558253457665833	0.0002621999201644867	0.059968300847305575	0.456777148814784	-0.3968088479674784
test	jumps1_subject1_frames_1_180_state_fixture	28	588	0.0001954611751697642	0.046672705565629746	0.489066042088447	-0.44239333652281726	-0.48887058091327723	0.00020078198711467442	0.05651451660984669	0.4699513496897675	-0.4134368330799208
