split	window_count	token_count	noisy_tau_mse	pred_tau_mse	tau_mse_reduction_vs_noisy
train	3080	64680	0.06737672537565231	0.010643634013831615	0.8420280303845419
validation	660	13860	0.06756062805652618	0.008422357961535454	0.8753362986133182
test	660	13860	0.0672755092382431	0.00857826042920351	0.8724905909099064
