variant	reward_mean	target_body_error_mean	done_count_total	teacher_vae_action_mse_mean	denoised_teacher_action_mse_mean	guided_teacher_action_mse_mean	guided_base_action_mse_mean	guidance_cost_delta_mean
denoised_latent	0.022679097952015923	0.3436722755432129	299	0.0001935276457053659	0.00024764346046237756	0.0002476429190240601	5.045150007856629e-05	9.221526292654185e-07
receding_latent_guided	0.024879624405221696	0.3448648750782013	299	0.00018353237879807502	0.0002363988115578963	0.00023639832680634563	4.888841315422599e-05	9.286189358369961e-07
teacher	0.02363296272700347	0.3439026176929474	299	0.00019421547177599286	0.0002465790878044189	0.00024657851361212506	4.856742996587757e-05	9.037192948287147e-07
vae_base	0.023611800735006513	0.34388095140457153	299	0.0002013808640538591	0.00025546828914972187	0.0002554676389613891	4.9857413962042326e-05	9.143158145572828e-07
