{
  "action_dim": 29,
  "action_terms": [
    "joint_pos"
  ],
  "command_metrics_final": {
    "error_anchor_ang_vel": 4.970940589904785,
    "error_anchor_lin_vel": 1.1541162729263306,
    "error_anchor_pos": 0.10360903292894363,
    "error_anchor_rot": 0.3414033353328705,
    "error_body_ang_vel": 11.521723747253418,
    "error_body_lin_vel": 1.1543887853622437,
    "error_body_pos": 0.04241781681776047,
    "error_body_rot": 0.2652941644191742,
    "error_joint_pos": 1.7437108755111694,
    "error_joint_vel": 38.40394973754883,
    "sampling_entropy": 0.9975703954696655,
    "sampling_top1_bin": 0.5,
    "sampling_top1_prob": 0.18281307816505432
  },
  "command_metrics_timeseries": {
    "error_anchor_ang_vel": {
      "count": 299,
      "max": 15.73974609375,
      "mean": 2.339774024127718,
      "min": 0.25806674361228943
    },
    "error_anchor_lin_vel": {
      "count": 299,
      "max": 2.2893290519714355,
      "mean": 1.1627715473190996,
      "min": 0.1915425807237625
    },
    "error_anchor_pos": {
      "count": 299,
      "max": 0.279487282037735,
      "mean": 0.10964241345416144,
      "min": 0.011003047227859497
    },
    "error_anchor_rot": {
      "count": 299,
      "max": 0.7980760335922241,
      "mean": 0.22569269875070722,
      "min": 0.025995556265115738
    },
    "error_body_ang_vel": {
      "count": 299,
      "max": 19.567310333251953,
      "mean": 7.180560325400088,
      "min": 0.31390058994293213
    },
    "error_body_lin_vel": {
      "count": 299,
      "max": 2.2764744758605957,
      "mean": 1.1992103586029448,
      "min": 0.12698833644390106
    },
    "error_body_pos": {
      "count": 299,
      "max": 1.1909306049346924,
      "mean": 0.12432289813149933,
      "min": 0.005054750945419073
    },
    "error_body_rot": {
      "count": 299,
      "max": 1.7305091619491577,
      "mean": 0.35008610780023813,
      "min": 0.12541459500789642
    },
    "error_joint_pos": {
      "count": 299,
      "max": 2.204756498336792,
      "mean": 1.2449410308563589,
      "min": 0.25453370809555054
    },
    "error_joint_vel": {
      "count": 299,
      "max": 82.22372436523438,
      "mean": 31.896351287994896,
      "min": 0.0
    },
    "sampling_entropy": {
      "count": 299,
      "max": 0.9999999403953552,
      "mean": 0.9989755544375416,
      "min": 0.9975703954696655
    },
    "sampling_top1_bin": {
      "count": 299,
      "max": 0.8333333730697632,
      "mean": 0.6348941140748984,
      "min": 0.0
    },
    "sampling_top1_prob": {
      "count": 299,
      "max": 0.18821004033088684,
      "mean": 0.17973079205954753,
      "min": 0.1666666567325592
    }
  },
  "command_terms": [
    "motion"
  ],
  "critic_observation_dim": 286,
  "device": "cuda:4",
  "done_total": 41,
  "event_modes": [
    "startup",
    "interval"
  ],
  "motion_file": "/mnt/infini-data/test/BeyondMimic/res/tracking/official_csv_to_npz_loop_full_dataset_with_enriched_usd/motions/walk2_subject1/walk2_subject1_official_loop_enriched_usd_motion.npz",
  "num_envs": 1,
  "observation_shapes": {
    "critic": [
      1,
      286
    ],
    "policy": [
      1,
      160
    ]
  },
  "official_csv_loop_npz_input": true,
  "official_csv_to_npz_unpatched_output": false,
  "paper_level_rollout": false,
  "policy_observation_dim": 160,
  "ppo_training": false,
  "real_robot": false,
  "reward": {
    "count": 299,
    "max": 0.05207713320851326,
    "mean": 0.02627051212080446,
    "min": -0.007156804203987122
  },
  "reward_terms": [
    "motion_global_anchor_pos",
    "motion_global_anchor_ori",
    "motion_body_pos",
    "motion_body_ori",
    "motion_body_lin_vel",
    "motion_body_ang_vel",
    "action_rate_l2",
    "joint_limit",
    "undesired_contacts"
  ],
  "robot_num_bodies": 40,
  "robot_num_joints": 29,
  "status": "ok",
  "step_count": 299,
  "task": "Tracking-Flat-G1-v0",
  "terminated_total": 24,
  "termination_terms": [
    "time_out",
    "anchor_pos",
    "anchor_ori",
    "ee_body_pos"
  ],
  "truncated_total": 17,
  "usd_path": "/mnt/infini-data/test/BeyondMimic/res/tracking/g1_resource_adjusted_enriched_usd/g1_resource_adjusted_29dof_enriched_scaffold.usda",
  "uses_resource_adjusted_usd": true
}