{
  "duration_seconds": 40.05,
  "log": "/mnt/infini-data/test/BeyondMimic/logs/tracking_g1_official_importer_export_fk_repaired_robot_order_split_task_eval/fight1_subject5_task_eval.log",
  "markers": {
    "after_app": true,
    "before_app": true,
    "env_created": true,
    "env_reset": true,
    "exception": false,
    "metrics_file": true,
    "stall_timeout": false,
    "step_bound_reached": true,
    "success": true,
    "traceback": false,
    "vulkan_device_lost": false
  },
  "metrics": {
    "action_dim": 29,
    "action_terms": [
      "joint_pos"
    ],
    "command_metrics_final": {
      "error_anchor_ang_vel": 0.819118857383728,
      "error_anchor_lin_vel": 0.753138542175293,
      "error_anchor_pos": 0.07043787091970444,
      "error_anchor_rot": 0.2255084067583084,
      "error_body_ang_vel": 2.6273772716522217,
      "error_body_lin_vel": 0.7521234750747681,
      "error_body_pos": 0.15830108523368835,
      "error_body_rot": 1.2183928489685059,
      "error_joint_pos": 1.411123514175415,
      "error_joint_vel": 17.01443862915039,
      "sampling_entropy": 0.9908701777458191,
      "sampling_top1_bin": 0.6666666865348816,
      "sampling_top1_prob": 0.21048101782798767
    },
    "command_metrics_timeseries": {
      "error_anchor_ang_vel": {
        "count": 299,
        "max": 12.470983505249023,
        "mean": 2.2072505542267127,
        "min": 0.17106138169765472
      },
      "error_anchor_lin_vel": {
        "count": 299,
        "max": 1.9243584871292114,
        "mean": 0.615011583752058,
        "min": 0.08303150534629822
      },
      "error_anchor_pos": {
        "count": 299,
        "max": 0.24410292506217957,
        "mean": 0.05366710525778524,
        "min": 0.006082847714424133
      },
      "error_anchor_rot": {
        "count": 299,
        "max": 1.4714804887771606,
        "mean": 0.3604593462494504,
        "min": 0.04625827819108963
      },
      "error_body_ang_vel": {
        "count": 299,
        "max": 17.45525360107422,
        "mean": 3.5337202726897585,
        "min": 0.24275819957256317
      },
      "error_body_lin_vel": {
        "count": 299,
        "max": 1.7747520208358765,
        "mean": 0.7464701081299064,
        "min": 0.17611803114414215
      },
      "error_body_pos": {
        "count": 299,
        "max": 1.0337116718292236,
        "mean": 0.3013332953371332,
        "min": 0.11465338617563248
      },
      "error_body_rot": {
        "count": 299,
        "max": 2.439319610595703,
        "mean": 1.2897464453576002,
        "min": 0.7317203283309937
      },
      "error_joint_pos": {
        "count": 299,
        "max": 6.48435640335083,
        "mean": 1.5014935897345527,
        "min": 0.5459898710250854
      },
      "error_joint_vel": {
        "count": 299,
        "max": 58.168434143066406,
        "mean": 13.690113740621204,
        "min": 0.0
      },
      "sampling_entropy": {
        "count": 299,
        "max": 0.9999999403953552,
        "mean": 0.9952462427193505,
        "min": 0.9897119998931885
      },
      "sampling_top1_bin": {
        "count": 299,
        "max": 0.8333333730697632,
        "mean": 0.5680044764858424,
        "min": 0.0
      },
      "sampling_top1_prob": {
        "count": 299,
        "max": 0.21506480872631073,
        "mean": 0.1957118188756764,
        "min": 0.1666666567325592
      }
    },
    "command_terms": [
      "motion"
    ],
    "critic_observation_dim": 286,
    "device": "cuda:4",
    "done_total": 121,
    "event_modes": [
      "startup",
      "interval"
    ],
    "motion_file": "/mnt/infini-data/test/BeyondMimic/res/tracking/official_csv_loop_full_bundle_fk_repaired_robot_order_motion_npz/motions/fight1_subject5/motion.npz",
    "num_envs": 1,
    "observation_shapes": {
      "critic": [
        1,
        286
      ],
      "policy": [
        1,
        160
      ]
    },
    "official_csv_to_npz_unpatched_output": false,
    "paper_level_rollout": false,
    "policy_observation_dim": 160,
    "ppo_training": false,
    "real_robot": false,
    "reward": {
      "count": 299,
      "max": 0.04871440306305885,
      "mean": 0.016781125793912537,
      "min": -0.12419256567955017
    },
    "reward_terms": [
      "motion_global_anchor_pos",
      "motion_global_anchor_ori",
      "motion_body_pos",
      "motion_body_ori",
      "motion_body_lin_vel",
      "motion_body_ang_vel",
      "action_rate_l2",
      "joint_limit",
      "undesired_contacts"
    ],
    "robot_num_bodies": 40,
    "robot_num_joints": 29,
    "status": "ok",
    "step_count": 299,
    "task": "Tracking-Flat-G1-v0",
    "terminated_total": 115,
    "termination_terms": [
      "time_out",
      "anchor_pos",
      "anchor_ori",
      "ee_body_pos"
    ],
    "truncated_total": 6,
    "usd_path": "/mnt/infini-data/test/BeyondMimic/res/tracking/g1_urdf_in_memory_gpu4_probe/g1_official_importer_in_memory_gpu4_export.usda",
    "uses_fk_repaired_motion_npz": true,
    "uses_fk_repaired_robot_order_motion_npz": true,
    "uses_official_importer_export_usd": true,
    "uses_resource_adjusted_usd": false
  },
  "metrics_json": "/mnt/infini-data/test/BeyondMimic/res/tracking/g1_official_importer_export_fk_repaired_robot_order_split_task_eval/motions/fight1_subject5/fight1_subject5_task_eval_metrics.json",
  "motion": "fight1_subject5",
  "returncode": 0,
  "stalled": false,
  "status": "ok"
}