{
  "action_dim": 29,
  "action_terms": [
    "joint_pos"
  ],
  "command_metrics_final": {
    "error_anchor_ang_vel": 1.8491883277893066,
    "error_anchor_lin_vel": 0.8697519898414612,
    "error_anchor_pos": 0.1404660940170288,
    "error_anchor_rot": 0.5655960440635681,
    "error_body_ang_vel": 6.816550254821777,
    "error_body_lin_vel": 1.143733263015747,
    "error_body_pos": 0.1726711243391037,
    "error_body_rot": 0.799110472202301,
    "error_joint_pos": 4.104555606842041,
    "error_joint_vel": 30.13886833190918,
    "sampling_entropy": 0.9938870668411255,
    "sampling_top1_bin": 0.0,
    "sampling_top1_prob": 0.20706170797348022
  },
  "command_metrics_timeseries": {
    "error_anchor_ang_vel": {
      "count": 299,
      "max": 6.940814971923828,
      "mean": 2.180917869941845,
      "min": 0.29809755086898804
    },
    "error_anchor_lin_vel": {
      "count": 299,
      "max": 2.4433839321136475,
      "mean": 0.794589661684722,
      "min": 0.07834084331989288
    },
    "error_anchor_pos": {
      "count": 299,
      "max": 0.24494920670986176,
      "mean": 0.07105358569948221,
      "min": 0.004925227724015713
    },
    "error_anchor_rot": {
      "count": 299,
      "max": 0.9958769679069519,
      "mean": 0.37473288483693445,
      "min": 0.05230608209967613
    },
    "error_body_ang_vel": {
      "count": 299,
      "max": 8.615473747253418,
      "mean": 3.7192686599831917,
      "min": 0.36134347319602966
    },
    "error_body_lin_vel": {
      "count": 299,
      "max": 1.7631133794784546,
      "mean": 0.7878644484839711,
      "min": 0.1854591816663742
    },
    "error_body_pos": {
      "count": 299,
      "max": 0.9952364563941956,
      "mean": 0.1679774824043979,
      "min": 0.07126517593860626
    },
    "error_body_rot": {
      "count": 299,
      "max": 1.948054552078247,
      "mean": 0.9120948028604322,
      "min": 0.47506484389305115
    },
    "error_joint_pos": {
      "count": 299,
      "max": 4.104555606842041,
      "mean": 1.7292166523710142,
      "min": 0.49611496925354004
    },
    "error_joint_vel": {
      "count": 299,
      "max": 55.33070373535156,
      "mean": 17.414988070427373,
      "min": 0.0
    },
    "sampling_entropy": {
      "count": 299,
      "max": 0.9999999403953552,
      "mean": 0.9970517983803382,
      "min": 0.9935686588287354
    },
    "sampling_top1_bin": {
      "count": 299,
      "max": 0.1666666716337204,
      "mean": 0.0005574136175040816,
      "min": 0.0
    },
    "sampling_top1_prob": {
      "count": 299,
      "max": 0.21023409068584442,
      "mean": 0.1942046904145276,
      "min": 0.1666666567325592
    }
  },
  "command_terms": [
    "motion"
  ],
  "critic_observation_dim": 286,
  "device": "cuda:4",
  "done_total": 41,
  "event_modes": [
    "startup",
    "interval"
  ],
  "motion_file": "/mnt/infini-data/test/BeyondMimic/res/tracking/official_csv_loop_full_bundle_fk_repaired_robot_order_motion_npz/motions/sprint1_subject4/motion.npz",
  "num_envs": 1,
  "observation_shapes": {
    "critic": [
      1,
      286
    ],
    "policy": [
      1,
      160
    ]
  },
  "official_csv_to_npz_unpatched_output": false,
  "paper_level_rollout": false,
  "policy_observation_dim": 160,
  "ppo_training": false,
  "real_robot": false,
  "reward": {
    "count": 299,
    "max": 0.05761298909783363,
    "mean": 0.016248915807023197,
    "min": -0.08286330103874207
  },
  "reward_terms": [
    "motion_global_anchor_pos",
    "motion_global_anchor_ori",
    "motion_body_pos",
    "motion_body_ori",
    "motion_body_lin_vel",
    "motion_body_ang_vel",
    "action_rate_l2",
    "joint_limit",
    "undesired_contacts"
  ],
  "robot_num_bodies": 40,
  "robot_num_joints": 29,
  "status": "ok",
  "step_count": 299,
  "task": "Tracking-Flat-G1-v0",
  "terminated_total": 26,
  "termination_terms": [
    "time_out",
    "anchor_pos",
    "anchor_ori",
    "ee_body_pos"
  ],
  "truncated_total": 15,
  "usd_path": "/mnt/infini-data/test/BeyondMimic/res/tracking/g1_urdf_in_memory_gpu4_probe/g1_official_importer_in_memory_gpu4_export.usda",
  "uses_fk_repaired_motion_npz": true,
  "uses_fk_repaired_robot_order_motion_npz": true,
  "uses_official_importer_export_usd": true,
  "uses_resource_adjusted_usd": false
}