{
  "action_dim": 29,
  "action_terms": [
    "joint_pos"
  ],
  "command_metrics_final": {
    "error_anchor_ang_vel": 1.6281496286392212,
    "error_anchor_lin_vel": 0.4738922715187073,
    "error_anchor_pos": 0.062212757766246796,
    "error_anchor_rot": 0.12541291117668152,
    "error_body_ang_vel": 5.302168846130371,
    "error_body_lin_vel": 0.6236782073974609,
    "error_body_pos": 0.01399083063006401,
    "error_body_rot": 0.2737099230289459,
    "error_joint_pos": 1.3006900548934937,
    "error_joint_vel": 26.90305519104004,
    "sampling_entropy": 0.9984971880912781,
    "sampling_top1_bin": 0.1666666716337204,
    "sampling_top1_prob": 0.1869165599346161
  },
  "command_metrics_timeseries": {
    "error_anchor_ang_vel": {
      "count": 299,
      "max": 9.24096393585205,
      "mean": 2.030549027499148,
      "min": 0.2057802379131317
    },
    "error_anchor_lin_vel": {
      "count": 299,
      "max": 2.364696741104126,
      "mean": 1.1719900547810223,
      "min": 0.11369255930185318
    },
    "error_anchor_pos": {
      "count": 299,
      "max": 0.3116772174835205,
      "mean": 0.10823019275622424,
      "min": 0.013360107317566872
    },
    "error_anchor_rot": {
      "count": 299,
      "max": 1.202675461769104,
      "mean": 0.19394004475138457,
      "min": 0.027420660480856895
    },
    "error_body_ang_vel": {
      "count": 299,
      "max": 23.853612899780273,
      "mean": 7.302892204511125,
      "min": 0.23604264855384827
    },
    "error_body_lin_vel": {
      "count": 299,
      "max": 2.4118523597717285,
      "mean": 1.221870760654526,
      "min": 0.20417997241020203
    },
    "error_body_pos": {
      "count": 299,
      "max": 1.3393218517303467,
      "mean": 0.1304360336054079,
      "min": 0.004850350320339203
    },
    "error_body_rot": {
      "count": 299,
      "max": 2.8511970043182373,
      "mean": 0.402464471458392,
      "min": 0.11504829674959183
    },
    "error_joint_pos": {
      "count": 299,
      "max": 2.5333986282348633,
      "mean": 1.345512714423862,
      "min": 0.23183844983577728
    },
    "error_joint_vel": {
      "count": 299,
      "max": 87.01702880859375,
      "mean": 32.01065758797636,
      "min": 0.0
    },
    "sampling_entropy": {
      "count": 299,
      "max": 0.9999999403953552,
      "mean": 0.9988173326122323,
      "min": 0.998008668422699
    },
    "sampling_top1_bin": {
      "count": 299,
      "max": 0.8333333730697632,
      "mean": 0.37290971025974057,
      "min": 0.0
    },
    "sampling_top1_prob": {
      "count": 299,
      "max": 0.19046342372894287,
      "mean": 0.18109194475870866,
      "min": 0.1666666567325592
    }
  },
  "command_terms": [
    "motion"
  ],
  "critic_observation_dim": 286,
  "device": "cuda:4",
  "done_total": 37,
  "event_modes": [
    "startup",
    "interval"
  ],
  "motion_file": "/mnt/infini-data/test/BeyondMimic/res/tracking/official_csv_to_npz_loop_full_dataset_with_enriched_usd/motions/walk1_subject5/walk1_subject5_official_loop_enriched_usd_motion.npz",
  "num_envs": 1,
  "observation_shapes": {
    "critic": [
      1,
      286
    ],
    "policy": [
      1,
      160
    ]
  },
  "official_csv_loop_npz_input": true,
  "official_csv_to_npz_unpatched_output": false,
  "paper_level_rollout": false,
  "policy_observation_dim": 160,
  "ppo_training": false,
  "real_robot": false,
  "reward": {
    "count": 299,
    "max": 0.05232726410031319,
    "mean": 0.022020517160063206,
    "min": -0.06334050744771957
  },
  "reward_terms": [
    "motion_global_anchor_pos",
    "motion_global_anchor_ori",
    "motion_body_pos",
    "motion_body_ori",
    "motion_body_lin_vel",
    "motion_body_ang_vel",
    "action_rate_l2",
    "joint_limit",
    "undesired_contacts"
  ],
  "robot_num_bodies": 40,
  "robot_num_joints": 29,
  "status": "ok",
  "step_count": 299,
  "task": "Tracking-Flat-G1-v0",
  "terminated_total": 26,
  "termination_terms": [
    "time_out",
    "anchor_pos",
    "anchor_ori",
    "ee_body_pos"
  ],
  "truncated_total": 11,
  "usd_path": "/mnt/infini-data/test/BeyondMimic/res/tracking/g1_resource_adjusted_enriched_usd/g1_resource_adjusted_29dof_enriched_scaffold.usda",
  "uses_resource_adjusted_usd": true
}