{
  "action_dim": 29,
  "action_terms": [
    "joint_pos"
  ],
  "command_metrics_final": {
    "error_anchor_ang_vel": 0.6411715149879456,
    "error_anchor_lin_vel": 0.32014650106430054,
    "error_anchor_pos": 0.49993133544921875,
    "error_anchor_rot": 0.3536504805088043,
    "error_body_ang_vel": 0.6764265298843384,
    "error_body_lin_vel": 0.4262935519218445,
    "error_body_pos": 0.5128971934318542,
    "error_body_rot": 1.044426441192627,
    "error_joint_pos": 1.3012824058532715,
    "error_joint_vel": 0.0,
    "sampling_entropy": 0.9959113001823425,
    "sampling_top1_bin": 0.6666666865348816,
    "sampling_top1_prob": 0.1921032965183258
  },
  "command_metrics_timeseries": {
    "error_anchor_ang_vel": {
      "count": 299,
      "max": 1.9757646322250366,
      "mean": 0.6521109371978703,
      "min": 0.19394978880882263
    },
    "error_anchor_lin_vel": {
      "count": 299,
      "max": 0.8068806529045105,
      "mean": 0.4099070563613372,
      "min": 0.04190693795681
    },
    "error_anchor_pos": {
      "count": 299,
      "max": 0.5262206196784973,
      "mean": 0.5000735976823596,
      "min": 0.47403985261917114
    },
    "error_anchor_rot": {
      "count": 299,
      "max": 0.628166139125824,
      "mean": 0.31747928539596276,
      "min": 0.051181647926568985
    },
    "error_body_ang_vel": {
      "count": 299,
      "max": 2.7174699306488037,
      "mean": 0.933102931615501,
      "min": 0.2117975801229477
    },
    "error_body_lin_vel": {
      "count": 299,
      "max": 1.0056424140930176,
      "mean": 0.46819290533711677,
      "min": 0.1430479735136032
    },
    "error_body_pos": {
      "count": 299,
      "max": 0.7764679193496704,
      "mean": 0.5034452442540771,
      "min": 0.41606053709983826
    },
    "error_body_rot": {
      "count": 299,
      "max": 1.3295021057128906,
      "mean": 0.9946963027568166,
      "min": 0.5968297123908997
    },
    "error_joint_pos": {
      "count": 299,
      "max": 1.3560791015625,
      "mean": 1.1122935169117905,
      "min": 0.7466558218002319
    },
    "error_joint_vel": {
      "count": 299,
      "max": 0.0,
      "mean": 0.0,
      "min": 0.0
    },
    "sampling_entropy": {
      "count": 299,
      "max": 0.9999999403953552,
      "mean": 0.9978572020562596,
      "min": 0.9957261681556702
    },
    "sampling_top1_bin": {
      "count": 299,
      "max": 0.8333333730697632,
      "mean": 0.6187291139344308,
      "min": 0.0
    },
    "sampling_top1_prob": {
      "count": 299,
      "max": 0.19666534662246704,
      "mean": 0.1856643642270844,
      "min": 0.1666666567325592
    }
  },
  "command_terms": [
    "motion"
  ],
  "critic_observation_dim": 286,
  "device": "cuda:4",
  "done_total": 299,
  "event_modes": [
    "startup",
    "interval"
  ],
  "motion_file": "/mnt/infini-data/test/BeyondMimic/res/tracking/official_csv_loop_full_bundle_fk_repaired_split_motion_npz/motions/dance2_subject5/motion.npz",
  "num_envs": 1,
  "observation_shapes": {
    "critic": [
      1,
      286
    ],
    "policy": [
      1,
      160
    ]
  },
  "official_csv_to_npz_unpatched_output": false,
  "paper_level_rollout": false,
  "policy_observation_dim": 160,
  "ppo_training": false,
  "real_robot": false,
  "reward": {
    "count": 299,
    "max": 0.0381026454269886,
    "mean": 0.014268388555861735,
    "min": -0.023465879261493683
  },
  "reward_terms": [
    "motion_global_anchor_pos",
    "motion_global_anchor_ori",
    "motion_body_pos",
    "motion_body_ori",
    "motion_body_lin_vel",
    "motion_body_ang_vel",
    "action_rate_l2",
    "joint_limit",
    "undesired_contacts"
  ],
  "robot_num_bodies": 40,
  "robot_num_joints": 29,
  "status": "ok",
  "step_count": 299,
  "task": "Tracking-Flat-G1-v0",
  "terminated_total": 299,
  "termination_terms": [
    "time_out",
    "anchor_pos",
    "anchor_ori",
    "ee_body_pos"
  ],
  "truncated_total": 0,
  "usd_path": "/mnt/infini-data/test/BeyondMimic/res/tracking/g1_urdf_in_memory_gpu4_probe/g1_official_importer_in_memory_gpu4_export.usda",
  "uses_fk_repaired_motion_npz": true,
  "uses_official_importer_export_usd": true,
  "uses_resource_adjusted_usd": false
}