variant	reward_mean	target_body_error_mean	done_count_total	teacher_vae_action_mse_mean	denoised_teacher_action_mse_mean	guided_teacher_action_mse_mean	guided_base_action_mse_mean	guidance_cost_delta_mean
denoised_latent	0.023509758857879353	0.3445909321308136	299	0.0001936381714923516	0.0002489727350536081	0.00024897211875079704	5.004335890630637e-05	6.158874186385036e-05
receding_latent_guided	0.025132083756082932	0.3445764183998108	299	0.00019298464502811425	0.00024377372006638081	0.00024377328805943926	4.69033457373897e-05	6.488199816100972e-05
teacher	0.024672665955642097	0.3442157208919525	299	0.0001975710535123921	0.00025227996502204	0.0002522792827367571	5.0932175039822846e-05	6.332020446608298e-05
vae_base	0.024393012437246814	0.34230709075927734	299	0.0002004666634439919	0.0002472204201530438	0.0002472199444416879	4.369196865082892e-05	6.350939688475236e-05
