{
  "aggregate": {
    "done_rate_all_steps": {
      "count": 3,
      "max": 0.1805856762123746,
      "mean": 0.1785340240036232,
      "min": 0.17627932953595318,
      "std": 0.001763911381666986
    },
    "mean_episode_termination_anchor_pos": {
      "count": 3,
      "max": 63.675585284280935,
      "mean": 63.094760312151614,
      "min": 62.65551839464883,
      "std": 0.42830552634691654
    },
    "mean_episode_termination_ee_body_pos": {
      "count": 3,
      "max": 322.5016722408027,
      "mean": 317.78372352285396,
      "min": 313.46153846153845,
      "std": 3.701213885622063
    },
    "mean_error_body_pos_all_steps": {
      "count": 3,
      "max": 0.3635935148467188,
      "mean": 0.3597400628005382,
      "min": 0.35689642437325675,
      "std": 0.002825779875965784
    },
    "mean_error_body_pos_post_step0": {
      "count": 3,
      "max": 0.2195460383324015,
      "mean": 0.2156714241976706,
      "min": 0.21282048353412808,
      "std": 0.0028395072774286974
    },
    "mean_error_joint_pos_post_step0": {
      "count": 3,
      "max": 1.5847277239265058,
      "mean": 1.5795660848318864,
      "min": 1.576925661339856,
      "std": 0.003650154447650489
    },
    "multiseed_row_count": 3,
    "post_step0_done_rate": {
      "count": 3,
      "max": 0.17783596371644295,
      "mean": 0.175777426768736,
      "min": 0.17351516621224833,
      "std": 0.0017698305473772718
    },
    "row_count": 4,
    "step0_done_rate": {
      "count": 3,
      "max": 1.0,
      "mean": 1.0,
      "min": 1.0,
      "std": 0.0
    },
    "step0_error_body_pos": {
      "count": 3,
      "max": 43.29531478881836,
      "mean": 43.29219436645508,
      "min": 43.28974151611328,
      "std": 0.002323729970570844
    }
  },
  "checks": {
    "all_multiseed_step0_done_rate_one": true,
    "all_rows_have_299_steps": true,
    "does_not_claim_goal_complete": true,
    "does_not_claim_paper_level_tracking": true,
    "multiseed_eval_loaded": true,
    "post_step0_body_error_lt_all_step_mean": true,
    "post_step0_done_rate_still_high": true,
    "single_eval_loaded": true,
    "step0_body_spike_gt_40m": true,
    "three_multiseed_rows": true
  },
  "experiment_type": "robot_order_fk_ppo_tracking_quality_diagnostic",
  "inputs": {
    "multiseed_eval": "/mnt/infini-data/test/BeyondMimic/res/tracking/g1_official_importer_export_fk_repaired_robot_order_full_bundle_ppo_checkpoint_multiseed_eval/tracking_g1_official_importer_export_fk_repaired_robot_order_full_bundle_ppo_checkpoint_multiseed_eval.json",
    "single_eval": "/mnt/infini-data/test/BeyondMimic/res/tracking/g1_official_importer_export_fk_repaired_robot_order_full_bundle_ppo_checkpoint_eval/tracking_g1_official_importer_export_fk_repaired_robot_order_full_bundle_ppo_checkpoint_eval.json"
  },
  "interpretation": {
    "goal_complete": false,
    "next_actions": [
      "Inspect why the first eval step reports 100% done and roughly 43m body-position error despite the robot-order FK bundle.",
      "Run a controlled reset/alignment probe before policy actions: env.reset/get_observations/zero-action first step with motion IDs and body_pos_w diagnostics.",
      "Check whether the eval loop should discard the reset/bootstrap step or whether the environment reset target state is misaligned.",
      "Inspect ee_body_pos termination thresholds and endpoint body mapping because post-step0 done rate remains around 0.176 even after removing the reset spike.",
      "Do not collect final DAgger/VAE/diffusion data from this teacher until step-0 alignment and ee-body termination are understood."
    ],
    "paper_level_tracking_eval_complete": false,
    "primary_bottleneck": "The current eval has a deterministic reset/bootstrap spike: every multi-seed run reports 2048/2048 done at step 0 and body-position error around 43m. Removing step 0 lowers the body-position mean substantially, but the post-step0 done rate remains high, so the next fix should target reset/target alignment and ee_body_pos termination rather than downstream VAE/diffusion reruns."
  },
  "outputs": {
    "json": "/mnt/infini-data/test/BeyondMimic/res/tracking/robot_order_fk_ppo_tracking_quality_diagnostic/robot_order_fk_ppo_tracking_quality_diagnostic.json",
    "markdown": "/mnt/infini-data/test/BeyondMimic/res/tracking/robot_order_fk_ppo_tracking_quality_diagnostic/robot_order_fk_ppo_tracking_quality_diagnostic.md",
    "rows_csv": "/mnt/infini-data/test/BeyondMimic/res/tracking/robot_order_fk_ppo_tracking_quality_diagnostic/robot_order_fk_ppo_tracking_quality_diagnostic_rows.csv"
  },
  "rows": [
    {
      "done_rate_all_steps": 0.1782798129180602,
      "done_total": 109170,
      "eval_steps": 299,
      "label": "single_seed_reference",
      "max_error_body_pos_post_step0": 0.25227510929107666,
      "mean_action_abs_all_steps": 0.5580962428879179,
      "mean_episode_termination_anchor_ori": 0.020066889632107024,
      "mean_episode_termination_anchor_pos": 63.63879598662207,
      "mean_episode_termination_ee_body_pos": 316.933110367893,
      "mean_error_anchor_pos_all_steps": 0.07790673197711191,
      "mean_error_anchor_pos_post_step0": 0.07803776998997934,
      "mean_error_body_pos_all_steps": 0.36114187777839774,
      "mean_error_body_pos_post_step0": 0.21707132513691116,
      "mean_error_joint_pos_all_steps": 1.5732512252785291,
      "mean_error_joint_pos_post_step0": 1.5756218047350046,
      "mean_reward_all_steps": 0.02073384587805606,
      "metrics_json": "/mnt/infini-data/test/BeyondMimic/res/runs/tracking_g1_official_importer_export_fk_repaired_robot_order_full_bundle_ppo_checkpoint_eval/resource_adjusted_ppo_eval_20260621_124640_seed20260721/eval_metrics.json",
      "num_envs": 2048,
      "paper_level_tracking_eval": false,
      "post_step0_done_rate": 0.17552236262583892,
      "post_step0_done_total": 107122,
      "seed": 20260721,
      "step0_done_count": 2048,
      "step0_done_rate": 1.0,
      "step0_error_anchor_pos": 0.03885740414261818,
      "step0_error_body_pos": 43.294166564941406,
      "step0_error_joint_pos": 0.8668185472488403,
      "timeout_total": 0,
      "timeseries_csv": "/mnt/infini-data/test/BeyondMimic/res/runs/tracking_g1_official_importer_export_fk_repaired_robot_order_full_bundle_ppo_checkpoint_eval/resource_adjusted_ppo_eval_20260621_124640_seed20260721/eval_timeseries.csv",
      "total_env_steps": 612352,
      "uses_official_importer_export_usd": false,
      "uses_resource_adjusted_usd": true
    },
    {
      "done_rate_all_steps": 0.1805856762123746,
      "done_total": 110582,
      "eval_steps": 299,
      "label": "multiseed_eval",
      "max_error_body_pos_post_step0": 0.2608126997947693,
      "mean_action_abs_all_steps": 0.553614827452296,
      "mean_episode_termination_anchor_ori": 0.016722408026755852,
      "mean_episode_termination_anchor_pos": 62.65551839464883,
      "mean_episode_termination_ee_body_pos": 322.5016722408027,
      "mean_error_anchor_pos_all_steps": 0.07744572013865746,
      "mean_error_anchor_pos_post_step0": 0.07757356039079644,
      "mean_error_body_pos_all_steps": 0.3635935148467188,
      "mean_error_body_pos_post_step0": 0.2195460383324015,
      "mean_error_joint_pos_all_steps": 1.5747307843986562,
      "mean_error_joint_pos_post_step0": 1.5770448692292975,
      "mean_reward_all_steps": 0.020882208878330165,
      "metrics_json": "/mnt/infini-data/test/BeyondMimic/res/runs/tracking_g1_official_importer_export_fk_repaired_robot_order_full_bundle_ppo_checkpoint_multiseed_eval/seed_20260730/resource_adjusted_ppo_eval_20260621_140820_seed20260730/eval_metrics.json",
      "num_envs": 2048,
      "paper_level_tracking_eval": false,
      "post_step0_done_rate": 0.17783596371644295,
      "post_step0_done_total": 108534,
      "seed": 20260730,
      "step0_done_count": 2048,
      "step0_done_rate": 1.0,
      "step0_error_anchor_pos": 0.03934932500123978,
      "step0_error_body_pos": 43.28974151611328,