{
  "duration_seconds": 50.056,
  "log": "/mnt/infini-data/test/BeyondMimic/logs/tracking_g1_official_importer_export_fk_repaired_split_task_eval/fight1_subject2_task_eval.log",
  "markers": {
    "after_app": true,
    "before_app": true,
    "env_created": true,
    "env_reset": true,
    "exception": false,
    "metrics_file": true,
    "stall_timeout": false,
    "step_bound_reached": true,
    "success": true,
    "traceback": false,
    "vulkan_device_lost": false
  },
  "metrics": {
    "action_dim": 29,
    "action_terms": [
      "joint_pos"
    ],
    "command_metrics_final": {
      "error_anchor_ang_vel": 0.46414586901664734,
      "error_anchor_lin_vel": 0.5105893015861511,
      "error_anchor_pos": 0.503347635269165,
      "error_anchor_rot": 0.8588069081306458,
      "error_body_ang_vel": 0.46883299946784973,
      "error_body_lin_vel": 0.4597914218902588,
      "error_body_pos": 0.49680638313293457,
      "error_body_rot": 1.1953742504119873,
      "error_joint_pos": 0.9751775860786438,
      "error_joint_vel": 0.0,
      "sampling_entropy": 0.9945563673973083,
      "sampling_top1_bin": 0.1666666716337204,
      "sampling_top1_prob": 0.21260465681552887
    },
    "command_metrics_timeseries": {
      "error_anchor_ang_vel": {
        "count": 299,
        "max": 9.182491302490234,
        "mean": 2.266821717712592,
        "min": 0.12033962458372116
      },
      "error_anchor_lin_vel": {
        "count": 299,
        "max": 1.8451982736587524,
        "mean": 0.5667232355121585,
        "min": 0.053012508898973465
      },
      "error_anchor_pos": {
        "count": 299,
        "max": 0.5317387580871582,
        "mean": 0.4985350431207829,
        "min": 0.4562166929244995
      },
      "error_anchor_rot": {
        "count": 299,
        "max": 1.6457115411758423,
        "mean": 0.8590043389478256,
        "min": 0.12541070580482483
      },
      "error_body_ang_vel": {
        "count": 299,
        "max": 6.577048301696777,
        "mean": 2.3523173639208177,
        "min": 0.1753641963005066
      },
      "error_body_lin_vel": {
        "count": 299,
        "max": 1.8564752340316772,
        "mean": 0.7624554497541791,
        "min": 0.18998487293720245
      },
      "error_body_pos": {
        "count": 299,
        "max": 1.8153194189071655,
        "mean": 0.7231806122937728,
        "min": 0.4018559157848358
      },
      "error_body_rot": {
        "count": 299,
        "max": 2.9291868209838867,
        "mean": 1.7779226382839242,
        "min": 0.6781805753707886
      },
      "error_joint_pos": {
        "count": 299,
        "max": 0.9922327399253845,
        "mean": 0.7981887031159672,
        "min": 0.43510687351226807
      },
      "error_joint_vel": {
        "count": 299,
        "max": 0.0,
        "mean": 0.0,
        "min": 0.0
      },
      "sampling_entropy": {
        "count": 299,
        "max": 0.9999999403953552,
        "mean": 0.997166988841666,
        "min": 0.9932451844215393
      },
      "sampling_top1_bin": {
        "count": 299,
        "max": 0.8333333730697632,
        "mean": 0.14158305869652674,
        "min": 0.0
      },
      "sampling_top1_prob": {
        "count": 299,
        "max": 0.21820023655891418,
        "mean": 0.19184858728212656,
        "min": 0.1666666567325592
      }
    },
    "command_terms": [
      "motion"
    ],
    "critic_observation_dim": 286,
    "device": "cuda:4",
    "done_total": 299,
    "event_modes": [
      "startup",
      "interval"
    ],
    "motion_file": "/mnt/infini-data/test/BeyondMimic/res/tracking/official_csv_loop_full_bundle_fk_repaired_split_motion_npz/motions/fight1_subject2/motion.npz",
    "num_envs": 1,
    "observation_shapes": {
      "critic": [
        1,
        286
      ],
      "policy": [
        1,
        160
      ]
    },
    "official_csv_to_npz_unpatched_output": false,
    "paper_level_rollout": false,
    "policy_observation_dim": 160,
    "ppo_training": false,
    "real_robot": false,
    "reward": {
      "count": 299,
      "max": 0.02746642380952835,
      "mean": 0.008031637053142448,
      "min": -0.02889181300997734
    },
    "reward_terms": [
      "motion_global_anchor_pos",
      "motion_global_anchor_ori",
      "motion_body_pos",
      "motion_body_ori",
      "motion_body_lin_vel",
      "motion_body_ang_vel",
      "action_rate_l2",
      "joint_limit",
      "undesired_contacts"
    ],
    "robot_num_bodies": 40,
    "robot_num_joints": 29,
    "status": "ok",
    "step_count": 299,
    "task": "Tracking-Flat-G1-v0",
    "terminated_total": 299,
    "termination_terms": [
      "time_out",
      "anchor_pos",
      "anchor_ori",
      "ee_body_pos"
    ],
    "truncated_total": 0,
    "usd_path": "/mnt/infini-data/test/BeyondMimic/res/tracking/g1_urdf_in_memory_gpu4_probe/g1_official_importer_in_memory_gpu4_export.usda",
    "uses_fk_repaired_motion_npz": true,
    "uses_official_importer_export_usd": true,
    "uses_resource_adjusted_usd": false
  },
  "metrics_json": "/mnt/infini-data/test/BeyondMimic/res/tracking/g1_official_importer_export_fk_repaired_split_task_eval/motions/fight1_subject2/fight1_subject2_task_eval_metrics.json",
  "motion": "fight1_subject2",
  "returncode": 0,
  "stalled": false,
  "status": "ok"
}