{
  "action_dim": 29,
  "action_terms": [
    "joint_pos"
  ],
  "command_metrics_final": {
    "error_anchor_ang_vel": 2.410339832305908,
    "error_anchor_lin_vel": 2.165292501449585,
    "error_anchor_pos": 0.2501634955406189,
    "error_anchor_rot": 0.2737402617931366,
    "error_body_ang_vel": 6.6667985916137695,
    "error_body_lin_vel": 2.2280330657958984,
    "error_body_pos": 0.24168279767036438,
    "error_body_rot": 0.20679573714733124,
    "error_joint_pos": 1.191840410232544,
    "error_joint_vel": 32.57986068725586,
    "sampling_entropy": 0.9975228309631348,
    "sampling_top1_bin": 0.8333333730697632,
    "sampling_top1_prob": 0.18574391305446625
  },
  "command_metrics_timeseries": {
    "error_anchor_ang_vel": {
      "count": 299,
      "max": 13.174052238464355,
      "mean": 2.0648537601116908,
      "min": 0.25050944089889526
    },
    "error_anchor_lin_vel": {
      "count": 299,
      "max": 2.533534049987793,
      "mean": 1.2236348436179767,
      "min": 0.029704369604587555
    },
    "error_anchor_pos": {
      "count": 299,
      "max": 0.30723899602890015,
      "mean": 0.10829261081436506,
      "min": 0.013199453242123127
    },
    "error_anchor_rot": {
      "count": 299,
      "max": 0.5563318133354187,
      "mean": 0.2211352777869805,
      "min": 0.04928170517086983
    },
    "error_body_ang_vel": {
      "count": 299,
      "max": 27.52410316467285,
      "mean": 6.839206889122226,
      "min": 0.24477043747901917
    },
    "error_body_lin_vel": {
      "count": 299,
      "max": 2.234600305557251,
      "mean": 1.2373860252516524,
      "min": 0.03531080111861229
    },
    "error_body_pos": {
      "count": 299,
      "max": 0.7707917094230652,
      "mean": 0.09798952211847024,
      "min": 0.0052022445015609264
    },
    "error_body_rot": {
      "count": 299,
      "max": 1.152322769165039,
      "mean": 0.38506021004257396,
      "min": 0.14111745357513428
    },
    "error_joint_pos": {
      "count": 299,
      "max": 2.667208433151245,
      "mean": 1.3472360065549511,
      "min": 0.2660599648952484
    },
    "error_joint_vel": {
      "count": 299,
      "max": 92.6910171508789,
      "mean": 32.4376473474662,
      "min": 0.0
    },
    "sampling_entropy": {
      "count": 299,
      "max": 0.9999999403953552,
      "mean": 0.9991230815150666,
      "min": 0.9975228309631348
    },
    "sampling_top1_bin": {
      "count": 299,
      "max": 0.8333333730697632,
      "mean": 0.2709030197515934,
      "min": 0.0
    },
    "sampling_top1_prob": {
      "count": 299,
      "max": 0.18749386072158813,
      "mean": 0.17968221472258553,
      "min": 0.1666666567325592
    }
  },
  "command_terms": [
    "motion"
  ],
  "critic_observation_dim": 286,
  "device": "cuda:4",
  "done_total": 36,
  "event_modes": [
    "startup",
    "interval"
  ],
  "motion_file": "/mnt/infini-data/test/BeyondMimic/res/tracking/official_csv_to_npz_loop_full_dataset_with_enriched_usd/motions/walk3_subject2/walk3_subject2_official_loop_enriched_usd_motion.npz",
  "num_envs": 1,
  "observation_shapes": {
    "critic": [
      1,
      286
    ],
    "policy": [
      1,
      160
    ]
  },
  "official_csv_loop_npz_input": true,
  "official_csv_to_npz_unpatched_output": false,
  "paper_level_rollout": false,
  "policy_observation_dim": 160,
  "ppo_training": false,
  "real_robot": false,
  "reward": {
    "count": 299,
    "max": 0.04784875735640526,
    "mean": 0.021700741598588168,
    "min": -0.03102155774831772
  },
  "reward_terms": [
    "motion_global_anchor_pos",
    "motion_global_anchor_ori",
    "motion_body_pos",
    "motion_body_ori",
    "motion_body_lin_vel",
    "motion_body_ang_vel",
    "action_rate_l2",
    "joint_limit",
    "undesired_contacts"
  ],
  "robot_num_bodies": 40,
  "robot_num_joints": 29,
  "status": "ok",
  "step_count": 299,
  "task": "Tracking-Flat-G1-v0",
  "terminated_total": 23,
  "termination_terms": [
    "time_out",
    "anchor_pos",
    "anchor_ori",
    "ee_body_pos"
  ],
  "truncated_total": 13,
  "usd_path": "/mnt/infini-data/test/BeyondMimic/res/tracking/g1_resource_adjusted_enriched_usd/g1_resource_adjusted_29dof_enriched_scaffold.usda",
  "uses_resource_adjusted_usd": true
}