{
  "duration_seconds": 40.047,
  "log": "/mnt/infini-data/test/BeyondMimic/logs/tracking_g1_official_importer_export_fk_repaired_split_task_eval/fallAndGetUp1_subject4_task_eval.log",
  "markers": {
    "after_app": true,
    "before_app": true,
    "env_created": true,
    "env_reset": true,
    "exception": false,
    "metrics_file": true,
    "stall_timeout": false,
    "step_bound_reached": true,
    "success": true,
    "traceback": false,
    "vulkan_device_lost": false
  },
  "metrics": {
    "action_dim": 29,
    "action_terms": [
      "joint_pos"
    ],
    "command_metrics_final": {
      "error_anchor_ang_vel": 0.23054909706115723,
      "error_anchor_lin_vel": 0.5093101263046265,
      "error_anchor_pos": 0.4973906874656677,
      "error_anchor_rot": 0.4410465359687805,
      "error_body_ang_vel": 0.2895301580429077,
      "error_body_lin_vel": 0.44990915060043335,
      "error_body_pos": 0.501882016658783,
      "error_body_rot": 1.0576592683792114,
      "error_joint_pos": 1.1077361106872559,
      "error_joint_vel": 0.0,
      "sampling_entropy": 0.99418044090271,
      "sampling_top1_bin": 0.8333333730697632,
      "sampling_top1_prob": 0.18967606127262115
    },
    "command_metrics_timeseries": {
      "error_anchor_ang_vel": {
        "count": 299,
        "max": 3.3697891235351562,
        "mean": 0.878155549907166,
        "min": 0.05820652097463608
      },
      "error_anchor_lin_vel": {
        "count": 299,
        "max": 1.26387619972229,
        "mean": 0.4719534627719468,
        "min": 0.04577767848968506
      },
      "error_anchor_pos": {
        "count": 299,
        "max": 0.524867832660675,
        "mean": 0.49956501277792814,
        "min": 0.464259535074234
      },
      "error_anchor_rot": {
        "count": 299,
        "max": 1.5853769779205322,
        "mean": 0.5222135755330025,
        "min": 0.11401408165693283
      },
      "error_body_ang_vel": {
        "count": 299,
        "max": 3.580780267715454,
        "mean": 1.0564099914054808,
        "min": 0.08516533672809601
      },
      "error_body_lin_vel": {
        "count": 299,
        "max": 0.9112793207168579,
        "mean": 0.5003026999956788,
        "min": 0.15899506211280823
      },
      "error_body_pos": {
        "count": 299,
        "max": 0.9922289848327637,
        "mean": 0.6000855356753869,
        "min": 0.44297534227371216
      },
      "error_body_rot": {
        "count": 299,
        "max": 1.5528944730758667,
        "mean": 1.0545172326540868,
        "min": 0.7065680623054504
      },
      "error_joint_pos": {
        "count": 299,
        "max": 1.3227593898773193,
        "mean": 0.9962933185108529,
        "min": 0.421964168548584
      },
      "error_joint_vel": {
        "count": 299,
        "max": 0.0,
        "mean": 0.0,
        "min": 0.0
      },
      "sampling_entropy": {
        "count": 299,
        "max": 0.9999999403953552,
        "mean": 0.9937881867223759,
        "min": 0.9887446165084839
      },
      "sampling_top1_bin": {
        "count": 299,
        "max": 0.8333333730697632,
        "mean": 0.40746936092408603,
        "min": 0.0
      },
      "sampling_top1_prob": {
        "count": 299,
        "max": 0.22543765604496002,
        "mean": 0.20095088963325208,
        "min": 0.1666666567325592
      }
    },
    "command_terms": [
      "motion"
    ],
    "critic_observation_dim": 286,
    "device": "cuda:4",
    "done_total": 299,
    "event_modes": [
      "startup",
      "interval"
    ],
    "motion_file": "/mnt/infini-data/test/BeyondMimic/res/tracking/official_csv_loop_full_bundle_fk_repaired_split_motion_npz/motions/fallAndGetUp1_subject4/motion.npz",
    "num_envs": 1,
    "observation_shapes": {
      "critic": [
        1,
        286
      ],
      "policy": [
        1,
        160
      ]
    },
    "official_csv_to_npz_unpatched_output": false,
    "paper_level_rollout": false,
    "policy_observation_dim": 160,
    "ppo_training": false,
    "real_robot": false,
    "reward": {
      "count": 299,
      "max": 0.03500357270240784,
      "mean": 0.00574078978223097,
      "min": -0.021092895418405533
    },
    "reward_terms": [
      "motion_global_anchor_pos",
      "motion_global_anchor_ori",
      "motion_body_pos",
      "motion_body_ori",
      "motion_body_lin_vel",
      "motion_body_ang_vel",
      "action_rate_l2",
      "joint_limit",
      "undesired_contacts"
    ],
    "robot_num_bodies": 40,
    "robot_num_joints": 29,
    "status": "ok",
    "step_count": 299,
    "task": "Tracking-Flat-G1-v0",
    "terminated_total": 299,
    "termination_terms": [
      "time_out",
      "anchor_pos",
      "anchor_ori",
      "ee_body_pos"
    ],
    "truncated_total": 0,
    "usd_path": "/mnt/infini-data/test/BeyondMimic/res/tracking/g1_urdf_in_memory_gpu4_probe/g1_official_importer_in_memory_gpu4_export.usda",
    "uses_fk_repaired_motion_npz": true,
    "uses_official_importer_export_usd": true,
    "uses_resource_adjusted_usd": false
  },
  "metrics_json": "/mnt/infini-data/test/BeyondMimic/res/tracking/g1_official_importer_export_fk_repaired_split_task_eval/motions/fallAndGetUp1_subject4/fallAndGetUp1_subject4_task_eval_metrics.json",
  "motion": "fallAndGetUp1_subject4",
  "returncode": 0,
  "stalled": false,
  "status": "ok"
}