{
  "duration_seconds": 100.093,
  "log": "/mnt/infini-data/test/BeyondMimic/logs/tracking_g1_official_csv_loop_full_dataset_task_eval/sprint1_subject2_task_eval.log",
  "markers": {
    "after_app": true,
    "before_app": true,
    "env_created": true,
    "env_reset": true,
    "exception": false,
    "metrics_file": true,
    "stall_timeout": false,
    "step_bound_reached": true,
    "success": true,
    "traceback": false,
    "vulkan_device_lost": false
  },
  "metrics": {
    "action_dim": 29,
    "action_terms": [
      "joint_pos"
    ],
    "command_metrics_final": {
      "error_anchor_ang_vel": 1.5885870456695557,
      "error_anchor_lin_vel": 1.0838623046875,
      "error_anchor_pos": 0.07246550917625427,
      "error_anchor_rot": 0.1603631228208542,
      "error_body_ang_vel": 9.662368774414062,
      "error_body_lin_vel": 1.1791590452194214,
      "error_body_pos": 0.04888452962040901,
      "error_body_rot": 0.30992722511291504,
      "error_joint_pos": 1.4739004373550415,
      "error_joint_vel": 49.13856887817383,
      "sampling_entropy": 0.9988790154457092,
      "sampling_top1_bin": 0.0,
      "sampling_top1_prob": 0.17835476994514465
    },
    "command_metrics_timeseries": {
      "error_anchor_ang_vel": {
        "count": 299,
        "max": 7.877032279968262,
        "mean": 1.7841688739416193,
        "min": 0.34647655487060547
      },
      "error_anchor_lin_vel": {
        "count": 299,
        "max": 2.4149370193481445,
        "mean": 1.1501282268020023,
        "min": 0.04104265198111534
      },
      "error_anchor_pos": {
        "count": 299,
        "max": 0.2855405807495117,
        "mean": 0.10394180530875323,
        "min": 0.013989641331136227
      },
      "error_anchor_rot": {
        "count": 299,
        "max": 0.6867249011993408,
        "mean": 0.2182782613423133,
        "min": 0.0030108089558780193
      },
      "error_body_ang_vel": {
        "count": 299,
        "max": 16.887096405029297,
        "mean": 6.4696470209986074,
        "min": 0.35078853368759155
      },
      "error_body_lin_vel": {
        "count": 299,
        "max": 2.290069341659546,
        "mean": 1.1697173759241566,
        "min": 0.10960403829813004
      },
      "error_body_pos": {
        "count": 299,
        "max": 1.4207171201705933,
        "mean": 0.1353544995490848,
        "min": 0.005182062741369009
      },
      "error_body_rot": {
        "count": 299,
        "max": 2.4220550060272217,
        "mean": 0.4339650363029046,
        "min": 0.0966285914182663
      },
      "error_joint_pos": {
        "count": 299,
        "max": 2.9172263145446777,
        "mean": 1.372379502723847,
        "min": 0.2505880296230316
      },
      "error_joint_vel": {
        "count": 299,
        "max": 80.63549041748047,
        "mean": 31.584511645262854,
        "min": 0.0
      },
      "sampling_entropy": {
        "count": 299,
        "max": 0.9999999403953552,
        "mean": 0.9992315296744024,
        "min": 0.9987388849258423
      },
      "sampling_top1_bin": {
        "count": 299,
        "max": 0.8333333730697632,
        "mean": 0.568004479625552,
        "min": 0.0
      },
      "sampling_top1_prob": {
        "count": 299,
        "max": 0.18621337413787842,
        "mean": 0.17901302091652732,
        "min": 0.1666666567325592
      }
    },
    "command_terms": [
      "motion"
    ],
    "critic_observation_dim": 286,
    "device": "cuda:4",
    "done_total": 41,
    "event_modes": [
      "startup",
      "interval"
    ],
    "motion_file": "/mnt/infini-data/test/BeyondMimic/res/tracking/official_csv_to_npz_loop_full_dataset_with_enriched_usd/motions/sprint1_subject2/sprint1_subject2_official_loop_enriched_usd_motion.npz",
    "num_envs": 1,
    "observation_shapes": {
      "critic": [
        1,
        286
      ],
      "policy": [
        1,
        160
      ]
    },
    "official_csv_loop_npz_input": true,
    "official_csv_to_npz_unpatched_output": false,
    "paper_level_rollout": false,
    "policy_observation_dim": 160,
    "ppo_training": false,
    "real_robot": false,
    "reward": {
      "count": 299,
      "max": 0.050076719373464584,
      "mean": 0.023413821410101194,
      "min": -0.015321304090321064
    },
    "reward_terms": [
      "motion_global_anchor_pos",
      "motion_global_anchor_ori",
      "motion_body_pos",
      "motion_body_ori",
      "motion_body_lin_vel",
      "motion_body_ang_vel",
      "action_rate_l2",
      "joint_limit",
      "undesired_contacts"
    ],
    "robot_num_bodies": 40,
    "robot_num_joints": 29,
    "status": "ok",
    "step_count": 299,
    "task": "Tracking-Flat-G1-v0",
    "terminated_total": 23,
    "termination_terms": [
      "time_out",
      "anchor_pos",
      "anchor_ori",
      "ee_body_pos"
    ],
    "truncated_total": 18,
    "usd_path": "/mnt/infini-data/test/BeyondMimic/res/tracking/g1_resource_adjusted_enriched_usd/g1_resource_adjusted_29dof_enriched_scaffold.usda",
    "uses_resource_adjusted_usd": true
  },
  "metrics_json": "/mnt/infini-data/test/BeyondMimic/res/tracking/g1_official_csv_loop_full_dataset_task_eval/motions/sprint1_subject2/sprint1_subject2_task_eval_metrics.json",
  "motion": "sprint1_subject2",
  "returncode": 0,
  "stalled": false,
  "status": "ok"
}