{
  "action_dim": 29,
  "action_terms": [
    "joint_pos"
  ],
  "command_metrics_final": {
    "error_anchor_ang_vel": 4.282522201538086,
    "error_anchor_lin_vel": 0.9207578897476196,
    "error_anchor_pos": 0.5171363353729248,
    "error_anchor_rot": 1.5360350608825684,
    "error_body_ang_vel": 3.369910478591919,
    "error_body_lin_vel": 0.931576132774353,
    "error_body_pos": 0.4828246831893921,
    "error_body_rot": 1.0699281692504883,
    "error_joint_pos": 1.0001838207244873,
    "error_joint_vel": 0.0,
    "sampling_entropy": 0.998692512512207,
    "sampling_top1_bin": 0.0,
    "sampling_top1_prob": 0.18283133208751678
  },
  "command_metrics_timeseries": {
    "error_anchor_ang_vel": {
      "count": 299,
      "max": 15.574403762817383,
      "mean": 2.5328072641655353,
      "min": 0.1111031174659729
    },
    "error_anchor_lin_vel": {
      "count": 299,
      "max": 1.7290635108947754,
      "mean": 0.6078535173474546,
      "min": 0.03835831210017204
    },
    "error_anchor_pos": {
      "count": 299,
      "max": 0.5507319569587708,
      "mean": 0.4981791885401493,
      "min": 0.44912898540496826
    },
    "error_anchor_rot": {
      "count": 299,
      "max": 1.992679476737976,
      "mean": 0.5016104801118773,
      "min": 0.03914608433842659
    },
    "error_body_ang_vel": {
      "count": 299,
      "max": 7.744645595550537,
      "mean": 2.1768297326804005,
      "min": 0.2303619682788849
    },
    "error_body_lin_vel": {
      "count": 299,
      "max": 1.6137661933898926,
      "mean": 0.7170725617819407,
      "min": 0.14025507867336273
    },
    "error_body_pos": {
      "count": 299,
      "max": 1.259884238243103,
      "mean": 0.6999412884680324,
      "min": 0.42348259687423706
    },
    "error_body_rot": {
      "count": 299,
      "max": 3.0219428539276123,
      "mean": 1.5763365654243673,
      "min": 0.596091091632843
    },
    "error_joint_pos": {
      "count": 299,
      "max": 1.3154774904251099,
      "mean": 0.927628937074572,
      "min": 0.36289191246032715
    },
    "error_joint_vel": {
      "count": 299,
      "max": 0.0,
      "mean": 0.0,
      "min": 0.0
    },
    "sampling_entropy": {
      "count": 299,
      "max": 0.9999999403953552,
      "mean": 0.9969659340022798,
      "min": 0.9917541146278381
    },
    "sampling_top1_bin": {
      "count": 299,
      "max": 0.6666666865348816,
      "mean": 0.11148272350081632,
      "min": 0.0
    },
    "sampling_top1_prob": {
      "count": 299,
      "max": 0.2278679609298706,
      "mean": 0.19373026325750511,
      "min": 0.1666666567325592
    }
  },
  "command_terms": [
    "motion"
  ],
  "critic_observation_dim": 286,
  "device": "cuda:4",
  "done_total": 299,
  "event_modes": [
    "startup",
    "interval"
  ],
  "motion_file": "/mnt/infini-data/test/BeyondMimic/res/tracking/official_csv_loop_full_bundle_fk_repaired_split_motion_npz/motions/walk1_subject5/motion.npz",
  "num_envs": 1,
  "observation_shapes": {
    "critic": [
      1,
      286
    ],
    "policy": [
      1,
      160
    ]
  },
  "official_csv_to_npz_unpatched_output": false,
  "paper_level_rollout": false,
  "policy_observation_dim": 160,
  "ppo_training": false,
  "real_robot": false,
  "reward": {
    "count": 299,
    "max": 0.04209071770310402,
    "mean": 0.009382919788385515,
    "min": -0.019484732300043106
  },
  "reward_terms": [
    "motion_global_anchor_pos",
    "motion_global_anchor_ori",
    "motion_body_pos",
    "motion_body_ori",
    "motion_body_lin_vel",
    "motion_body_ang_vel",
    "action_rate_l2",
    "joint_limit",
    "undesired_contacts"
  ],
  "robot_num_bodies": 40,
  "robot_num_joints": 29,
  "status": "ok",
  "step_count": 299,
  "task": "Tracking-Flat-G1-v0",
  "terminated_total": 299,
  "termination_terms": [
    "time_out",
    "anchor_pos",
    "anchor_ori",
    "ee_body_pos"
  ],
  "truncated_total": 0,
  "usd_path": "/mnt/infini-data/test/BeyondMimic/res/tracking/g1_urdf_in_memory_gpu4_probe/g1_official_importer_in_memory_gpu4_export.usda",
  "uses_fk_repaired_motion_npz": true,
  "uses_official_importer_export_usd": true,
  "uses_resource_adjusted_usd": false
}