{
  "duration_seconds": 50.057,
  "log": "/mnt/infini-data/test/BeyondMimic/logs/tracking_g1_official_importer_export_fk_repaired_split_task_eval/jumps1_subject2_task_eval.log",
  "markers": {
    "after_app": true,
    "before_app": true,
    "env_created": true,
    "env_reset": true,
    "exception": false,
    "metrics_file": true,
    "stall_timeout": false,
    "step_bound_reached": true,
    "success": true,
    "traceback": false,
    "vulkan_device_lost": false
  },
  "metrics": {
    "action_dim": 29,
    "action_terms": [
      "joint_pos"
    ],
    "command_metrics_final": {
      "error_anchor_ang_vel": 0.8346620798110962,
      "error_anchor_lin_vel": 0.263105571269989,
      "error_anchor_pos": 0.48663413524627686,
      "error_anchor_rot": 0.5424584746360779,
      "error_body_ang_vel": 0.8604335784912109,
      "error_body_lin_vel": 0.3109114170074463,
      "error_body_pos": 0.47035449743270874,
      "error_body_rot": 0.8644800186157227,
      "error_joint_pos": 1.0839602947235107,
      "error_joint_vel": 0.0,
      "sampling_entropy": 0.9841772317886353,
      "sampling_top1_bin": 0.5,
      "sampling_top1_prob": 0.2142287641763687
    },
    "command_metrics_timeseries": {
      "error_anchor_ang_vel": {
        "count": 299,
        "max": 1.699643850326538,
        "mean": 0.6466355412999124,
        "min": 0.13147728145122528
      },
      "error_anchor_lin_vel": {
        "count": 299,
        "max": 0.8057675361633301,
        "mean": 0.419030531966766,
        "min": 0.06244191527366638
      },
      "error_anchor_pos": {
        "count": 299,
        "max": 0.5254713296890259,
        "mean": 0.49705495672879807,
        "min": 0.4733869135379791
      },
      "error_anchor_rot": {
        "count": 299,
        "max": 0.8518038988113403,
        "mean": 0.5446715794977137,
        "min": 0.24859465658664703
      },
      "error_body_ang_vel": {
        "count": 299,
        "max": 6.271519660949707,
        "mean": 0.9247461891792291,
        "min": 0.21665672957897186
      },
      "error_body_lin_vel": {
        "count": 299,
        "max": 0.9676544070243835,
        "mean": 0.4768726647797237,
        "min": 0.17222194373607635
      },
      "error_body_pos": {
        "count": 299,
        "max": 0.7866708040237427,
        "mean": 0.46048862908197485,
        "min": 0.4032166302204132
      },
      "error_body_rot": {
        "count": 299,
        "max": 1.1816582679748535,
        "mean": 0.9909831221685761,
        "min": 0.7730838656425476
      },
      "error_joint_pos": {
        "count": 299,
        "max": 1.1249892711639404,
        "mean": 0.7954184933250963,
        "min": 0.5151883363723755
      },
      "error_joint_vel": {
        "count": 299,
        "max": 0.0,
        "mean": 0.0,
        "min": 0.0
      },
      "sampling_entropy": {
        "count": 299,
        "max": 0.9999999403953552,
        "mean": 0.9895302537691633,
        "min": 0.9841772317886353
      },
      "sampling_top1_bin": {
        "count": 299,
        "max": 0.6666666865348816,
        "mean": 0.4977703457293303,
        "min": 0.0
      },
      "sampling_top1_prob": {
        "count": 299,
        "max": 0.2299496829509735,
        "mean": 0.21351273317998867,
        "min": 0.1666666567325592
      }
    },
    "command_terms": [
      "motion"
    ],
    "critic_observation_dim": 286,
    "device": "cuda:4",
    "done_total": 299,
    "event_modes": [
      "startup",
      "interval"
    ],
    "motion_file": "/mnt/infini-data/test/BeyondMimic/res/tracking/official_csv_loop_full_bundle_fk_repaired_split_motion_npz/motions/jumps1_subject2/motion.npz",
    "num_envs": 1,
    "observation_shapes": {
      "critic": [
        1,
        286
      ],
      "policy": [
        1,
        160
      ]
    },
    "official_csv_to_npz_unpatched_output": false,
    "paper_level_rollout": false,
    "policy_observation_dim": 160,
    "ppo_training": false,
    "real_robot": false,
    "reward": {
      "count": 299,
      "max": 0.037346530705690384,
      "mean": 0.017729945261230735,
      "min": -0.004317775368690491
    },
    "reward_terms": [
      "motion_global_anchor_pos",
      "motion_global_anchor_ori",
      "motion_body_pos",
      "motion_body_ori",
      "motion_body_lin_vel",
      "motion_body_ang_vel",
      "action_rate_l2",
      "joint_limit",
      "undesired_contacts"
    ],
    "robot_num_bodies": 40,
    "robot_num_joints": 29,
    "status": "ok",
    "step_count": 299,
    "task": "Tracking-Flat-G1-v0",
    "terminated_total": 299,
    "termination_terms": [
      "time_out",
      "anchor_pos",
      "anchor_ori",
      "ee_body_pos"
    ],
    "truncated_total": 0,
    "usd_path": "/mnt/infini-data/test/BeyondMimic/res/tracking/g1_urdf_in_memory_gpu4_probe/g1_official_importer_in_memory_gpu4_export.usda",
    "uses_fk_repaired_motion_npz": true,
    "uses_official_importer_export_usd": true,
    "uses_resource_adjusted_usd": false
  },
  "metrics_json": "/mnt/infini-data/test/BeyondMimic/res/tracking/g1_official_importer_export_fk_repaired_split_task_eval/motions/jumps1_subject2/jumps1_subject2_task_eval_metrics.json",
  "motion": "jumps1_subject2",
  "returncode": 0,
  "stalled": false,
  "status": "ok"
}