{
  "action_dim": 29,
  "action_terms": [
    "joint_pos"
  ],
  "command_metrics_final": {
    "error_anchor_ang_vel": 0.5567308664321899,
    "error_anchor_lin_vel": 1.8360357284545898,
    "error_anchor_pos": 0.19210591912269592,
    "error_anchor_rot": 0.1540122628211975,
    "error_body_ang_vel": 5.697413921356201,
    "error_body_lin_vel": 1.9003087282180786,
    "error_body_pos": 0.16058218479156494,
    "error_body_rot": 0.26769116520881653,
    "error_joint_pos": 1.6469032764434814,
    "error_joint_vel": 24.967134475708008,
    "sampling_entropy": 0.9960905313491821,
    "sampling_top1_bin": 0.1666666716337204,
    "sampling_top1_prob": 0.19995684921741486
  },
  "command_metrics_timeseries": {
    "error_anchor_ang_vel": {
      "count": 299,
      "max": 7.283267974853516,
      "mean": 1.8128704208394755,
      "min": 0.3119373619556427
    },
    "error_anchor_lin_vel": {
      "count": 299,
      "max": 2.3000011444091797,
      "mean": 1.1167713762276548,
      "min": 0.06955107301473618
    },
    "error_anchor_pos": {
      "count": 299,
      "max": 0.2680627107620239,
      "mean": 0.09950025557823804,
      "min": 0.018949171528220177
    },
    "error_anchor_rot": {
      "count": 299,
      "max": 0.4908374547958374,
      "mean": 0.19528163123539458,
      "min": 0.030615724623203278
    },
    "error_body_ang_vel": {
      "count": 299,
      "max": 20.120481491088867,
      "mean": 6.031151344843932,
      "min": 0.3150233030319214
    },
    "error_body_lin_vel": {
      "count": 299,
      "max": 2.337826728820801,
      "mean": 1.1451087203811243,
      "min": 0.10719315707683563
    },
    "error_body_pos": {
      "count": 299,
      "max": 0.7957390546798706,
      "mean": 0.09940927274864678,
      "min": 0.002447305014356971
    },
    "error_body_rot": {
      "count": 299,
      "max": 1.2798155546188354,
      "mean": 0.29145679012389486,
      "min": 0.13099925220012665
    },
    "error_joint_pos": {
      "count": 299,
      "max": 2.0781121253967285,
      "mean": 1.153180932719572,
      "min": 0.27176159620285034
    },
    "error_joint_vel": {
      "count": 299,
      "max": 82.17272186279297,
      "mean": 27.848336813043193,
      "min": 0.0
    },
    "sampling_entropy": {
      "count": 299,
      "max": 0.9999999403953552,
      "mean": 0.9979147889143647,
      "min": 0.9960103034973145
    },
    "sampling_top1_bin": {
      "count": 299,
      "max": 0.6666666865348816,
      "mean": 0.2140468285235274,
      "min": 0.0
    },
    "sampling_top1_prob": {
      "count": 299,
      "max": 0.20434020459651947,
      "mean": 0.18963511796499974,
      "min": 0.1666666567325592
    }
  },
  "command_terms": [
    "motion"
  ],
  "critic_observation_dim": 286,
  "device": "cuda:4",
  "done_total": 36,
  "event_modes": [
    "startup",
    "interval"
  ],
  "motion_file": "/mnt/infini-data/test/BeyondMimic/res/tracking/official_csv_to_npz_loop_full_dataset_with_enriched_usd/motions/fallAndGetUp1_subject4/fallAndGetUp1_subject4_official_loop_enriched_usd_motion.npz",
  "num_envs": 1,
  "observation_shapes": {
    "critic": [
      1,
      286
    ],
    "policy": [
      1,
      160
    ]
  },
  "official_csv_loop_npz_input": true,
  "official_csv_to_npz_unpatched_output": false,
  "paper_level_rollout": false,
  "policy_observation_dim": 160,
  "ppo_training": false,
  "real_robot": false,
  "reward": {
    "count": 299,
    "max": 0.05341141298413277,
    "mean": 0.02946083041462412,
    "min": -0.01584552228450775
  },
  "reward_terms": [
    "motion_global_anchor_pos",
    "motion_global_anchor_ori",
    "motion_body_pos",
    "motion_body_ori",
    "motion_body_lin_vel",
    "motion_body_ang_vel",
    "action_rate_l2",
    "joint_limit",
    "undesired_contacts"
  ],
  "robot_num_bodies": 40,
  "robot_num_joints": 29,
  "status": "ok",
  "step_count": 299,
  "task": "Tracking-Flat-G1-v0",
  "terminated_total": 21,
  "termination_terms": [
    "time_out",
    "anchor_pos",
    "anchor_ori",
    "ee_body_pos"
  ],
  "truncated_total": 15,
  "usd_path": "/mnt/infini-data/test/BeyondMimic/res/tracking/g1_resource_adjusted_enriched_usd/g1_resource_adjusted_29dof_enriched_scaffold.usda",
  "uses_resource_adjusted_usd": true
}