{
  "duration_seconds": 100.118,
  "log": "/mnt/infini-data/test/BeyondMimic/logs/tracking_g1_official_csv_loop_full_dataset_task_eval/walk1_subject2_task_eval.log",
  "markers": {
    "after_app": true,
    "before_app": true,
    "env_created": true,
    "env_reset": true,
    "exception": false,
    "metrics_file": true,
    "stall_timeout": false,
    "step_bound_reached": true,
    "success": true,
    "traceback": false,
    "vulkan_device_lost": false
  },
  "metrics": {
    "action_dim": 29,
    "action_terms": [
      "joint_pos"
    ],
    "command_metrics_final": {
      "error_anchor_ang_vel": 1.4928938150405884,
      "error_anchor_lin_vel": 0.9909020662307739,
      "error_anchor_pos": 0.04242033138871193,
      "error_anchor_rot": 0.15628764033317566,
      "error_body_ang_vel": 4.16640043258667,
      "error_body_lin_vel": 0.8456994295120239,
      "error_body_pos": 0.029252342879772186,
      "error_body_rot": 0.45955756306648254,
      "error_joint_pos": 1.3498576879501343,
      "error_joint_vel": 18.423532485961914,
      "sampling_entropy": 0.9979691505432129,
      "sampling_top1_bin": 0.6666666865348816,
      "sampling_top1_prob": 0.18222254514694214
    },
    "command_metrics_timeseries": {
      "error_anchor_ang_vel": {
        "count": 299,
        "max": 10.593465805053711,
        "mean": 2.154506105842399,
        "min": 0.165570467710495
      },
      "error_anchor_lin_vel": {
        "count": 299,
        "max": 2.3475961685180664,
        "mean": 1.153054659282882,
        "min": 0.10217636823654175
      },
      "error_anchor_pos": {
        "count": 299,
        "max": 0.2796417474746704,
        "mean": 0.09991941962665239,
        "min": 0.012903710827231407
      },
      "error_anchor_rot": {
        "count": 299,
        "max": 0.7764423489570618,
        "mean": 0.22794612667781852,
        "min": 0.0417984314262867
      },
      "error_body_ang_vel": {
        "count": 299,
        "max": 20.132404327392578,
        "mean": 7.44676966122959,
        "min": 0.29418647289276123
      },
      "error_body_lin_vel": {
        "count": 299,
        "max": 2.3713455200195312,
        "mean": 1.194472237424707,
        "min": 0.14598071575164795
      },
      "error_body_pos": {
        "count": 299,
        "max": 0.7956339120864868,
        "mean": 0.0943073660780031,
        "min": 0.004005215596407652
      },
      "error_body_rot": {
        "count": 299,
        "max": 1.0410956144332886,
        "mean": 0.36924375872747556,
        "min": 0.12349045276641846
      },
      "error_joint_pos": {
        "count": 299,
        "max": 3.082108974456787,
        "mean": 1.3008459178500351,
        "min": 0.27512630820274353
      },
      "error_joint_vel": {
        "count": 299,
        "max": 93.35912322998047,
        "mean": 34.99013857379008,
        "min": 0.0
      },
      "sampling_entropy": {
        "count": 299,
        "max": 0.9999999403953552,
        "mean": 0.9988179075279363,
        "min": 0.9976525902748108
      },
      "sampling_top1_bin": {
        "count": 299,
        "max": 0.6666666865348816,
        "mean": 0.4269788310081265,
        "min": 0.0
      },
      "sampling_top1_prob": {
        "count": 299,
        "max": 0.1885022670030594,
        "mean": 0.1806430512148401,
        "min": 0.1666666567325592
      }
    },
    "command_terms": [
      "motion"
    ],
    "critic_observation_dim": 286,
    "device": "cuda:4",
    "done_total": 43,
    "event_modes": [
      "startup",
      "interval"
    ],
    "motion_file": "/mnt/infini-data/test/BeyondMimic/res/tracking/official_csv_to_npz_loop_full_dataset_with_enriched_usd/motions/walk1_subject2/walk1_subject2_official_loop_enriched_usd_motion.npz",
    "num_envs": 1,
    "observation_shapes": {
      "critic": [
        1,
        286
      ],
      "policy": [
        1,
        160
      ]
    },
    "official_csv_loop_npz_input": true,
    "official_csv_to_npz_unpatched_output": false,
    "paper_level_rollout": false,
    "policy_observation_dim": 160,
    "ppo_training": false,
    "real_robot": false,
    "reward": {
      "count": 299,
      "max": 0.04993550106883049,
      "mean": 0.023429364289926445,
      "min": -0.024791985750198364
    },
    "reward_terms": [
      "motion_global_anchor_pos",
      "motion_global_anchor_ori",
      "motion_body_pos",
      "motion_body_ori",
      "motion_body_lin_vel",
      "motion_body_ang_vel",
      "action_rate_l2",
      "joint_limit",
      "undesired_contacts"
    ],
    "robot_num_bodies": 40,
    "robot_num_joints": 29,
    "status": "ok",
    "step_count": 299,
    "task": "Tracking-Flat-G1-v0",
    "terminated_total": 24,
    "termination_terms": [
      "time_out",
      "anchor_pos",
      "anchor_ori",
      "ee_body_pos"
    ],
    "truncated_total": 19,
    "usd_path": "/mnt/infini-data/test/BeyondMimic/res/tracking/g1_resource_adjusted_enriched_usd/g1_resource_adjusted_29dof_enriched_scaffold.usda",
    "uses_resource_adjusted_usd": true
  },
  "metrics_json": "/mnt/infini-data/test/BeyondMimic/res/tracking/g1_official_csv_loop_full_dataset_task_eval/motions/walk1_subject2/walk1_subject2_task_eval_metrics.json",
  "motion": "walk1_subject2",
  "returncode": 0,
  "stalled": false,
  "status": "ok"
}