variant	reward_mean	target_body_error_mean	done_count_total	teacher_vae_action_mse_mean	denoised_teacher_action_mse_mean	guided_teacher_action_mse_mean	guided_base_action_mse_mean	guidance_cost_delta_mean
denoised_latent	0.02298258788288761	0.3419904410839081	299	0.00020642609052571475	0.00026060958279714916	0.00026060892937235366	4.7862128757588166e-05	6.880689673997885e-05
receding_latent_guided	0.02294631136649827	0.34336236119270325	299	0.00021691803165011024	0.00026507334851858015	0.00026507287088481406	4.5040368331531476e-05	6.982873514743155e-05
teacher	0.023251899340529507	0.34338313341140747	299	0.00021001062277627776	0.0002588052995518328	0.0002588047494018337	4.58808379513421e-05	7.039272416395488e-05
vae_base	0.024343279008146212	0.3431585431098938	299	0.0002069378461847222	0.0002662989504718655	0.0002662982579905082	5.297286205149306e-05	6.638068618583042e-05
