{
  "duration_seconds": 40.053,
  "log": "/mnt/infini-data/test/BeyondMimic/logs/tracking_g1_official_importer_export_fk_repaired_robot_order_split_task_eval/dance2_subject2_task_eval.log",
  "markers": {
    "after_app": true,
    "before_app": true,
    "env_created": true,
    "env_reset": true,
    "exception": false,
    "metrics_file": true,
    "stall_timeout": false,
    "step_bound_reached": true,
    "success": true,
    "traceback": false,
    "vulkan_device_lost": false
  },
  "metrics": {
    "action_dim": 29,
    "action_terms": [
      "joint_pos"
    ],
    "command_metrics_final": {
      "error_anchor_ang_vel": 0.4605768620967865,
      "error_anchor_lin_vel": 0.3462165296077728,
      "error_anchor_pos": 0.048895835876464844,
      "error_anchor_rot": 0.3537108302116394,
      "error_body_ang_vel": 0.4472602605819702,
      "error_body_lin_vel": 0.38532719016075134,
      "error_body_pos": 0.18518809974193573,
      "error_body_rot": 1.150646686553955,
      "error_joint_pos": 1.2133698463439941,
      "error_joint_vel": 0.0,
      "sampling_entropy": 0.9947065114974976,
      "sampling_top1_bin": 0.3333333432674408,
      "sampling_top1_prob": 0.2120533436536789
    },
    "command_metrics_timeseries": {
      "error_anchor_ang_vel": {
        "count": 299,
        "max": 9.386258125305176,
        "mean": 2.4211492527488083,
        "min": 0.25202909111976624
      },
      "error_anchor_lin_vel": {
        "count": 299,
        "max": 1.5116032361984253,
        "mean": 0.683491324750476,
        "min": 0.14757151901721954
      },
      "error_anchor_pos": {
        "count": 299,
        "max": 0.1985408365726471,
        "mean": 0.05455671786252771,
        "min": 0.004188342019915581
      },
      "error_anchor_rot": {
        "count": 299,
        "max": 0.7691711783409119,
        "mean": 0.42382446913216826,
        "min": 0.1993885040283203
      },
      "error_body_ang_vel": {
        "count": 299,
        "max": 13.447863578796387,
        "mean": 3.5177349134233085,
        "min": 0.26186248660087585
      },
      "error_body_lin_vel": {
        "count": 299,
        "max": 1.3381024599075317,
        "mean": 0.7201109441825777,
        "min": 0.16655656695365906
      },
      "error_body_pos": {
        "count": 299,
        "max": 0.7608629465103149,
        "mean": 0.1785086516951239,
        "min": 0.14914162456989288
      },
      "error_body_rot": {
        "count": 299,
        "max": 1.5556327104568481,
        "mean": 1.1322328894832063,
        "min": 0.6883336901664734
      },
      "error_joint_pos": {
        "count": 299,
        "max": 5.071216583251953,
        "mean": 1.6828223139944682,
        "min": 1.1279308795928955
      },
      "error_joint_vel": {
        "count": 299,
        "max": 54.78873062133789,
        "mean": 20.21784545426385,
        "min": 0.0
      },
      "sampling_entropy": {
        "count": 299,
        "max": 0.9999999403953552,
        "mean": 0.9981869957518816,
        "min": 0.9942461252212524
      },
      "sampling_top1_bin": {
        "count": 299,
        "max": 0.8333333730697632,
        "mean": 0.28985508070342914,
        "min": 0.0
      },
      "sampling_top1_prob": {
        "count": 299,
        "max": 0.21555854380130768,
        "mean": 0.18532260464984038,
        "min": 0.1666666567325592
      }
    },
    "command_terms": [
      "motion"
    ],
    "critic_observation_dim": 286,
    "device": "cuda:4",
    "done_total": 50,
    "event_modes": [
      "startup",
      "interval"
    ],
    "motion_file": "/mnt/infini-data/test/BeyondMimic/res/tracking/official_csv_loop_full_bundle_fk_repaired_robot_order_motion_npz/motions/dance2_subject2/motion.npz",
    "num_envs": 1,
    "observation_shapes": {
      "critic": [
        1,
        286
      ],
      "policy": [
        1,
        160
      ]
    },
    "official_csv_to_npz_unpatched_output": false,
    "paper_level_rollout": false,
    "policy_observation_dim": 160,
    "ppo_training": false,
    "real_robot": false,
    "reward": {
      "count": 299,
      "max": 0.05395961552858353,
      "mean": 0.016096565204308085,
      "min": -0.08373721688985825
    },
    "reward_terms": [
      "motion_global_anchor_pos",
      "motion_global_anchor_ori",
      "motion_body_pos",
      "motion_body_ori",
      "motion_body_lin_vel",
      "motion_body_ang_vel",
      "action_rate_l2",
      "joint_limit",
      "undesired_contacts"
    ],
    "robot_num_bodies": 40,
    "robot_num_joints": 29,
    "status": "ok",
    "step_count": 299,
    "task": "Tracking-Flat-G1-v0",
    "terminated_total": 49,
    "termination_terms": [
      "time_out",
      "anchor_pos",
      "anchor_ori",
      "ee_body_pos"
    ],
    "truncated_total": 1,
    "usd_path": "/mnt/infini-data/test/BeyondMimic/res/tracking/g1_urdf_in_memory_gpu4_probe/g1_official_importer_in_memory_gpu4_export.usda",
    "uses_fk_repaired_motion_npz": true,
    "uses_fk_repaired_robot_order_motion_npz": true,
    "uses_official_importer_export_usd": true,
    "uses_resource_adjusted_usd": false
  },
  "metrics_json": "/mnt/infini-data/test/BeyondMimic/res/tracking/g1_official_importer_export_fk_repaired_robot_order_split_task_eval/motions/dance2_subject2/dance2_subject2_task_eval_metrics.json",
  "motion": "dance2_subject2",
  "returncode": 0,
  "stalled": false,
  "status": "ok"
}